[{"country_iso":"YEM","city_id":5538,"city":"Hodeidah","pop_total":136510.2540603937,"mass_total":9695584.7727803756,"n_hex":18,"sample_h3":"87521a6c8ffffff","log_pop":5.1351652749,"log_mass":6.9865740079},{"country_iso":"YEM","city_id":5550,"city":"Migaiet at Tanem","pop_total":7.8471228431,"mass_total":5170.0871562791,"n_hex":1,"sample_h3":"8752f4989ffffff","log_pop":0.8947104513,"log_mass":3.7134978644},{"country_iso":"YEM","city_id":5568,"city":"Suq at Talh","pop_total":7.0017209053,"mass_total":7509.1327029539,"n_hex":1,"sample_h3":"87521c254ffffff","log_pop":0.8452047954,"log_mass":3.8755897793},{"country_iso":"YEM","city_id":5573,"city":"Sa'dah","pop_total":405.1985664368,"mass_total":140066.5810262057,"n_hex":1,"sample_h3":"87521d5b5ffffff","log_pop":2.6076679002,"log_mass":5.1463345278},{"country_iso":"YEM","city_id":5607,"city":"Khamir","pop_total":78.7699583951,"mass_total":41746.4259460803,"n_hex":3,"sample_h3":"8752182e0ffffff","log_pop":1.8963606161,"log_mass":4.6206193},{"country_iso":"YEM","city_id":5609,"city":"Amran","pop_total":15965.0134995891,"mass_total":1304871.6948172371,"n_hex":7,"sample_h3":"87521b800ffffff","log_pop":4.2031692901,"log_mass":6.1155678105},{"country_iso":"YEM","city_id":5635,"city":"Sana'a","pop_total":1336358.4256700187,"mass_total":68319683.7531004399,"n_hex":59,"sample_h3":"87521b320ffffff","log_pop":6.1259229562,"log_mass":7.8345458474},{"country_iso":"YEM","city_id":5639,"city":"Ta'izz","pop_total":24568.174723786,"mass_total":2005106.6497304123,"n_hex":9,"sample_h3":"8752f0a5affffff","log_pop":4.3903728921,"log_mass":6.3021374773},{"country_iso":"YEM","city_id":5641,"city":"Al Misrakh","pop_total":13.677672863,"mass_total":14135.3269130997,"n_hex":2,"sample_h3":"8752f1d86ffffff","log_pop":1.1360122122,"log_mass":4.150305857},{"country_iso":"YEM","city_id":5647,"city":"As Samkar","pop_total":1575.2587253645,"mass_total":640574.2256554123,"n_hex":5,"sample_h3":"8752f1d10ffffff","log_pop":3.1973518939,"log_mass":5.8065694603},{"country_iso":"YEM","city_id":5651,"city":"Ibb","pop_total":496.4027328491,"mass_total":470908.1807534412,"n_hex":4,"sample_h3":"8752f5626ffffff","log_pop":2.6958341638,"log_mass":5.6729362352},{"country_iso":"YEM","city_id":5657,"city":"Qabi`","pop_total":23.6864738464,"mass_total":5983.0715933251,"n_hex":1,"sample_h3":"8752f56a8ffffff","log_pop":1.3745004131,"log_mass":3.7769241996},{"country_iso":"YEM","city_id":5665,"city":"Risabah","pop_total":45.2273854106,"mass_total":32094.7009419174,"n_hex":3,"sample_h3":"8752f5870ffffff","log_pop":1.655401482,"log_mass":4.5064333333},{"country_iso":"YEM","city_id":5666,"city":"Al Akamah","pop_total":2.0750432014,"mass_total":4369.6279774462,"n_hex":1,"sample_h3":"8752f1519ffffff","log_pop":0.317027143,"log_mass":3.6404444635},{"country_iso":"YEM","city_id":5671,"city":"Dhamar","pop_total":32521.0595060204,"mass_total":2638466.8088192418,"n_hex":11,"sample_h3":"8752f5b80ffffff","log_pop":4.5121646861,"log_mass":6.4213516352},{"country_iso":"YEM","city_id":5674,"city":"Yarim","pop_total":3794.400167727,"mass_total":349356.2398580502,"n_hex":4,"sample_h3":"8752f5040ffffff","log_pop":3.5791431308,"log_mass":5.5432685046},{"country_iso":"YEM","city_id":5678,"city":"As Saddah","pop_total":180.0261917114,"mass_total":30319.3531455815,"n_hex":2,"sample_h3":"8752f5380ffffff","log_pop":2.2553356945,"log_mass":4.4817199315},{"country_iso":"YEM","city_id":5697,"city":"Hammam Damt","pop_total":95.3210268021,"mass_total":113197.4373386816,"n_hex":2,"sample_h3":"8752f5251ffffff","log_pop":1.9791887119,"log_mass":5.053836595},{"country_iso":"YEM","city_id":5702,"city":"Qa'atabah","pop_total":6.7757482529,"mass_total":18122.9181864273,"n_hex":1,"sample_h3":"8752f1949ffffff","log_pop":0.8309572618,"log_mass":4.2582281299},{"country_iso":"YEM","city_id":5707,"city":"Rada'a","pop_total":1559.9057522792,"mass_total":193859.3246250889,"n_hex":4,"sample_h3":"8752e2d13ffffff","log_pop":3.1930983596,"log_mass":5.2874866954},{"country_iso":"YEM","city_id":5719,"city":"Al Mansurah","pop_total":85468.4429651822,"mass_total":8925992.6723002084,"n_hex":16,"sample_h3":"8752c6864ffffff","log_pop":4.9318057922,"log_mass":6.950656526},{"country_iso":"YEM","city_id":5720,"city":"Marib","pop_total":347.8816978525,"mass_total":352847.4989360663,"n_hex":6,"sample_h3":"8752e6b08ffffff","log_pop":2.541431581,"log_mass":5.5475870434},{"country_iso":"YEM","city_id":5721,"city":"Hafoon","pop_total":14404.1950333464,"mass_total":732262.6961833868,"n_hex":5,"sample_h3":"8752c6844ffffff","log_pop":4.1584889931,"log_mass":5.8646669103},{"country_iso":"YEM","city_id":5723,"city":"Aden","pop_total":23150.8169506634,"mass_total":2827315.6415024484,"n_hex":10,"sample_h3":"8752c4492ffffff","log_pop":4.3645663211,"log_mass":6.4513742958},{"country_iso":"YEM","city_id":5743,"city":"Al Beidha","pop_total":10.1366226907,"mass_total":10283.0327940543,"n_hex":1,"sample_h3":"8752e2204ffffff","log_pop":1.0058932813,"log_mass":4.0121212208},{"country_iso":"YEM","city_id":5752,"city":"Shuqrah","pop_total":10.8056106726,"mass_total":10458.2344764575,"n_hex":2,"sample_h3":"8752c4168ffffff","log_pop":1.0336493158,"log_mass":4.0194583746},{"country_iso":"YEM","city_id":5818,"city":"Azzan","pop_total":4.9752130508,"mass_total":2350.8753775216,"n_hex":1,"sample_h3":"8752ec490ffffff","log_pop":0.696811683,"log_mass":3.3712296073}]