[{"country_iso":"LAO","city_id":10695,"city":"Luang Prabang","pop_total":24761.9643525194,"mass_total":4031673.6371186678,"n_hex":6,"sample_h3":"8741490caffffff","log_pop":4.393785094,"log_mass":6.6054853688},{"country_iso":"LAO","city_id":10853,"city":"Vientiane","pop_total":252331.6387165883,"mass_total":51567016.0885399133,"n_hex":42,"sample_h3":"8764b60c1ffffff","log_pop":5.4019717081,"log_mass":7.7123720018},{"country_iso":"LAO","city_id":11208,"city":"Thakhek","pop_total":13188.5633131139,"mass_total":3621296.138929164,"n_hex":9,"sample_h3":"874168098ffffff","log_pop":4.1201974886,"log_mass":6.5588640416},{"country_iso":"LAO","city_id":11480,"city":"Pakse","pop_total":29378.5250182498,"mass_total":4349318.7336192345,"n_hex":11,"sample_h3":"876593c22ffffff","log_pop":4.4680299878,"log_mass":6.6384212355}]