[{"country_iso":"PHL","city_id":12756,"city":"Laoag","pop_total":37258.6183051324,"mass_total":3792760.8074717815,"n_hex":7,"sample_h3":"87696c036ffffff","log_pop":4.5712267455,"log_mass":6.5789554545},{"country_iso":"PHL","city_id":12757,"city":"Vigan","pop_total":15351.5869691007,"mass_total":3242270.5534227546,"n_hex":12,"sample_h3":"87696e841ffffff","log_pop":4.1861532773,"log_mass":6.510849252},{"country_iso":"PHL","city_id":12766,"city":"San Fernando","pop_total":42083.8343064327,"mass_total":5999520.2965454394,"n_hex":21,"sample_h3":"876945a70ffffff","log_pop":4.624115302,"log_mass":6.7781165269},{"country_iso":"PHL","city_id":12770,"city":"Lingayen","pop_total":31475.0817195509,"mass_total":3259946.8085312438,"n_hex":14,"sample_h3":"876945380ffffff","log_pop":4.4979668664,"log_mass":6.5132105139},{"country_iso":"PHL","city_id":12772,"city":"Dagupan","pop_total":141897.9168649019,"mass_total":14043529.9663690496,"n_hex":57,"sample_h3":"876945200ffffff","log_pop":5.1519760198,"log_mass":7.1474762853},{"country_iso":"PHL","city_id":12776,"city":"Dinalaoan","pop_total":3070.0823410015,"mass_total":680582.9612001437,"n_hex":9,"sample_h3":"876945280ffffff","log_pop":3.4871500236,"log_mass":5.8328810721},{"country_iso":"PHL","city_id":12779,"city":"San Carlos","pop_total":2558.5161395223,"mass_total":363293.2712723563,"n_hex":7,"sample_h3":"876945282ffffff","log_pop":3.4079881609,"log_mass":5.5602573542},{"country_iso":"PHL","city_id":12783,"city":"Baguio","pop_total":127214.2684155053,"mass_total":16173318.3237592299,"n_hex":20,"sample_h3":"87696ac00ffffff","log_pop":5.1045358247,"log_mass":7.2087991344},{"country_iso":"PHL","city_id":12787,"city":"Bayambang","pop_total":4381.7962930997,"mass_total":688458.05792176,"n_hex":10,"sample_h3":"876941900ffffff","log_pop":3.6416521836,"log_mass":5.8378774874},{"country_iso":"PHL","city_id":12789,"city":"Urdaneta","pop_total":15084.4066811318,"mass_total":2447222.5985887186,"n_hex":11,"sample_h3":"8769452c8ffffff","log_pop":4.1785282326,"log_mass":6.3886734744},{"country_iso":"PHL","city_id":12794,"city":"Subic","pop_total":24660.0639139381,"mass_total":1952501.7463647493,"n_hex":7,"sample_h3":"876941592ffffff","log_pop":4.3919941979,"log_mass":6.290591431},{"country_iso":"PHL","city_id":12796,"city":"Olongapo","pop_total":75857.4925020311,"mass_total":7405491.2860637791,"n_hex":12,"sample_h3":"8769414b0ffffff","log_pop":4.8799984828,"log_mass":6.8695538752},{"country_iso":"PHL","city_id":12799,"city":"Tarlac City","pop_total":54142.6696743721,"mass_total":9018282.2399194259,"n_hex":19,"sample_h3":"876941100ffffff","log_pop":4.7335396662,"log_mass":6.955123823},{"country_iso":"PHL","city_id":12801,"city":"Bamban","pop_total":10995.5000315042,"mass_total":1267151.9586797883,"n_hex":9,"sample_h3":"876941180ffffff","log_pop":4.0412149841,"log_mass":6.1028286992},{"country_iso":"PHL","city_id":12803,"city":"Angeles [San Fernando]","pop_total":217314.651041679,"mass_total":48907226.489557229,"n_hex":71,"sample_h3":"876941080ffffff","log_pop":5.3370890068,"log_mass":7.6893730348},{"country_iso":"PHL","city_id":12804,"city":"Dinalupihan","pop_total":7760.6819374122,"mass_total":1849240.6153006421,"n_hex":8,"sample_h3":"876941489ffffff","log_pop":3.8898998847,"log_mass":6.2669934234},{"country_iso":"PHL","city_id":12806,"city":"Bayombong","pop_total":20568.869710581,"mass_total":2727447.389582444,"n_hex":8,"sample_h3":"87696a064ffffff","log_pop":4.3132104272,"log_mass":6.4357563821},{"country_iso":"PHL","city_id":12807,"city":"Lubao","pop_total":12331.9025842657,"mass_total":2441477.0445318767,"n_hex":15,"sample_h3":"87694145affffff","log_pop":4.0910300854,"log_mass":6.3876526453},{"country_iso":"PHL","city_id":12808,"city":"Orani","pop_total":20287.518421901,"mass_total":1534856.0185097847,"n_hex":6,"sample_h3":"876943b0cffffff","log_pop":4.3072289272,"log_mass":6.1860676415},{"country_iso":"PHL","city_id":12810,"city":"Balanga","pop_total":43301.9013876017,"mass_total":4273037.087492791,"n_hex":9,"sample_h3":"876943a20ffffff","log_pop":4.6365069667,"log_mass":6.6307366623},{"country_iso":"PHL","city_id":12812,"city":"San Jose","pop_total":25350.6069973272,"mass_total":2853563.8264996642,"n_hex":8,"sample_h3":"876941b40ffffff","log_pop":4.4039883626,"log_mass":6.455387591},{"country_iso":"PHL","city_id":12813,"city":"Tuguegarao","pop_total":45188.4000359937,"mass_total":5857655.6580568571,"n_hex":11,"sample_h3":"876968a88ffffff","log_pop":4.6550269647,"log_mass":6.7677238381},{"country_iso":"PHL","city_id":12816,"city":"Arayat","pop_total":5062.5343429977,"mass_total":920314.6095042131,"n_hex":8,"sample_h3":"8769410d1ffffff","log_pop":3.7043679824,"log_mass":5.9639363163},{"country_iso":"PHL","city_id":12817,"city":"Macabebe","pop_total":10538.947662289,"mass_total":1299990.7525859245,"n_hex":8,"sample_h3":"876941782ffffff","log_pop":4.0227972478,"log_mass":6.113940263},{"country_iso":"PHL","city_id":12819,"city":"Hagonoy","pop_total":19366.7100659866,"mass_total":2606525.8320180746,"n_hex":12,"sample_h3":"876941684ffffff","log_pop":4.2870558509,"log_mass":6.4160620334},{"country_iso":"PHL","city_id":12820,"city":"Cabanatuan","pop_total":96141.7599374528,"mass_total":8708306.3761666901,"n_hex":14,"sample_h3":"876941069ffffff","log_pop":4.9829120679,"log_mass":6.9399337},{"country_iso":"PHL","city_id":12821,"city":"Apalit","pop_total":12839.9996925092,"mass_total":1578165.9640972912,"n_hex":6,"sample_h3":"876941630ffffff","log_pop":4.1085650133,"log_mass":6.1981526728},{"country_iso":"PHL","city_id":12822,"city":"Gapan","pop_total":25403.5238972832,"mass_total":4450807.5463455189,"n_hex":16,"sample_h3":"876941059ffffff","log_pop":4.4048939648,"log_mass":6.6484388157},{"country_iso":"PHL","city_id":12824,"city":"Calumpit","pop_total":12922.9681026721,"mass_total":2376757.6806247276,"n_hex":12,"sample_h3":"876941610ffffff","log_pop":4.1113622724,"log_mass":6.375984906},{"country_iso":"PHL","city_id":12829,"city":"Quezon City [Manila]","pop_total":13698026.8102611955,"mass_total":873260904.1291985512,"n_hex":458,"sample_h3":"876941601ffffff","log_pop":7.1366580119,"log_mass":8.9411440172},{"country_iso":"PHL","city_id":12832,"city":"Santiago","pop_total":30321.5862262614,"mass_total":3001846.6327381781,"n_hex":9,"sample_h3":"87696aa5bffffff","log_pop":4.481751917,"log_mass":6.4773884999},{"country_iso":"PHL","city_id":12835,"city":"Nasugbu","pop_total":20997.5143284181,"mass_total":1098867.8658336345,"n_hex":4,"sample_h3":"876943294ffffff","log_pop":4.3221678863,"log_mass":6.0409454735},{"country_iso":"PHL","city_id":12837,"city":"Naic","pop_total":15524.7660603598,"mass_total":1469313.1503835425,"n_hex":6,"sample_h3":"876943221ffffff","log_pop":4.1910250646,"log_mass":6.1671143656},{"country_iso":"PHL","city_id":12840,"city":"Trece Martires","pop_total":14039.1777536785,"mass_total":1604689.0008112404,"n_hex":7,"sample_h3":"876943242ffffff","log_pop":4.1473416728,"log_mass":6.2053908758},{"country_iso":"PHL","city_id":12843,"city":"Lemery","pop_total":26327.8524398654,"mass_total":2243833.9684912986,"n_hex":9,"sample_h3":"87695d801ffffff","log_pop":4.4204154352,"log_mass":6.3509907183},{"country_iso":"PHL","city_id":12847,"city":"Binangonan","pop_total":70110.9761152585,"mass_total":4201122.8336164821,"n_hex":10,"sample_h3":"87694e186ffffff","log_pop":4.8457860136,"log_mass":6.6233653797},{"country_iso":"PHL","city_id":12849,"city":"Batangas City","pop_total":130175.3390086847,"mass_total":15745922.3180666156,"n_hex":31,"sample_h3":"87695d164ffffff","log_pop":5.1145287174,"log_mass":7.1971681045},{"country_iso":"PHL","city_id":12854,"city":"Lipa","pop_total":55959.2616882549,"mass_total":5715719.0457666945,"n_hex":19,"sample_h3":"87695d841ffffff","log_pop":4.7478719759,"log_mass":6.757070873},{"country_iso":"PHL","city_id":12855,"city":"Tanay","pop_total":8332.4053127775,"mass_total":1125584.3486263859,"n_hex":4,"sample_h3":"87694e181ffffff","log_pop":3.9207703872,"log_mass":6.0513780456},{"country_iso":"PHL","city_id":12859,"city":"Calauan","pop_total":9950.9800565458,"mass_total":766792.6620818615,"n_hex":6,"sample_h3":"87694e458ffffff","log_pop":3.9978658558,"log_mass":5.8846779482},{"country_iso":"PHL","city_id":12860,"city":"San Pablo","pop_total":52608.8119438246,"mass_total":4459362.4209086662,"n_hex":13,"sample_h3":"87694e4c1ffffff","log_pop":4.7210584943,"log_mass":6.6492727697},{"country_iso":"PHL","city_id":12861,"city":"Santa Cruz","pop_total":37287.8046991423,"mass_total":2872924.1983379936,"n_hex":14,"sample_h3":"87694e448ffffff","log_pop":4.5715668152,"log_mass":6.4583241674},{"country_iso":"PHL","city_id":12866,"city":"Nagcarlan","pop_total":6752.3675440583,"mass_total":847456.7987825236,"n_hex":9,"sample_h3":"87694e780ffffff","log_pop":3.8294560737,"log_mass":5.9281175682},{"country_iso":"PHL","city_id":12867,"city":"Calapan","pop_total":16055.8161346164,"mass_total":1988729.7937140428,"n_hex":8,"sample_h3":"87695d0c0ffffff","log_pop":4.2056323861,"log_mass":6.2985757801},{"country_iso":"PHL","city_id":12872,"city":"Candelaria","pop_total":17581.1093426312,"mass_total":1373429.7883368165,"n_hex":4,"sample_h3":"87695da64ffffff","log_pop":4.245046275,"log_mass":6.1378064626},{"country_iso":"PHL","city_id":12879,"city":"San Jose","pop_total":25843.0609421515,"mass_total":2845918.5981424819,"n_hex":7,"sample_h3":"876958206ffffff","log_pop":4.4123439517,"log_mass":6.4542224738},{"country_iso":"PHL","city_id":12883,"city":"Lucena","pop_total":86847.7675898963,"mass_total":6614416.8722555628,"n_hex":13,"sample_h3":"87694ad00ffffff","log_pop":4.9387586594,"log_mass":6.8204915628},{"country_iso":"PHL","city_id":12917,"city":"Jolo","pop_total":58437.8960887872,"mass_total":2298432.029352129,"n_hex":5,"sample_h3":"87680b65affffff","log_pop":4.7666945719,"log_mass":6.3614316651},{"country_iso":"PHL","city_id":12919,"city":"Daet","pop_total":20642.136083644,"mass_total":1592533.3662973263,"n_hex":5,"sample_h3":"87694bc60ffffff","log_pop":4.3147546368,"log_mass":6.2020885403},{"country_iso":"PHL","city_id":12924,"city":"Kalibo","pop_total":25930.7092251291,"mass_total":2231399.9382388089,"n_hex":7,"sample_h3":"8768660b0ffffff","log_pop":4.4138143952,"log_mass":6.3485774167},{"country_iso":"PHL","city_id":12929,"city":"Naga","pop_total":94982.5112245513,"mass_total":7834660.2579912711,"n_hex":23,"sample_h3":"87694b448ffffff","log_pop":4.9776436476,"log_mass":6.8940201685},{"country_iso":"PHL","city_id":12932,"city":"Iloilo City","pop_total":272427.965361023,"mass_total":22898043.4904036485,"n_hex":29,"sample_h3":"876875200ffffff","log_pop":5.4352516869,"log_mass":7.3597983759},{"country_iso":"PHL","city_id":12933,"city":"Roxas City","pop_total":40983.5082311724,"mass_total":3949878.4210284962,"n_hex":12,"sample_h3":"876866664ffffff","log_pop":4.6126091317,"log_mass":6.5965837281},{"country_iso":"PHL","city_id":12937,"city":"Iriga","pop_total":7200.2025427874,"mass_total":753268.9110180456,"n_hex":5,"sample_h3":"876865d24ffffff","log_pop":3.8573447134,"log_mass":5.8769500436},{"country_iso":"PHL","city_id":12941,"city":"Cawit","pop_total":21754.8984310749,"mass_total":1622357.0438206692,"n_hex":7,"sample_h3":"876856aa0ffffff","log_pop":4.33755706,"log_mass":6.2101464387},{"country_iso":"PHL","city_id":12946,"city":"Isabela City","pop_total":5511.2350989286,"mass_total":1557054.5745404663,"n_hex":6,"sample_h3":"87685604bffffff","log_pop":3.7412489376,"log_mass":6.1923038348},{"country_iso":"PHL","city_id":12948,"city":"Zamboanga City","pop_total":214348.745763328,"mass_total":16916054.1096122041,"n_hex":23,"sample_h3":"876856a8dffffff","log_pop":5.3311209466,"log_mass":7.2282990657},{"country_iso":"PHL","city_id":12951,"city":"Bacolod","pop_total":244421.9912664208,"mass_total":23754655.9556945264,"n_hex":29,"sample_h3":"876862400ffffff","log_pop":5.3881402779,"log_mass":7.3757487448},{"country_iso":"PHL","city_id":12952,"city":"Silay","pop_total":21029.1792113098,"mass_total":1654967.6477295572,"n_hex":5,"sample_h3":"876862550ffffff","log_pop":4.3228223221,"log_mass":6.2187895084},{"country_iso":"PHL","city_id":12954,"city":"Tabaco","pop_total":23077.6312765832,"mass_total":1609869.8715056188,"n_hex":7,"sample_h3":"876865890ffffff","log_pop":4.3631912301,"log_mass":6.2067907727},{"country_iso":"PHL","city_id":12955,"city":"Legazpi","pop_total":59561.5104540133,"mass_total":6106162.1453206409,"n_hex":13,"sample_h3":"8768651b0ffffff","log_pop":4.7749657027,"log_mass":6.7857683325},{"country_iso":"PHL","city_id":12959,"city":"Masbate City","pop_total":25812.3980946672,"mass_total":2134677.4108660975,"n_hex":7,"sample_h3":"8768608c8ffffff","log_pop":4.4118283544,"log_mass":6.3293322544},{"country_iso":"PHL","city_id":12961,"city":"Cadiz","pop_total":26337.1671599033,"mass_total":1392766.8671807223,"n_hex":5,"sample_h3":"8768620e0ffffff","log_pop":4.4205690602,"log_mass":6.1438784267},{"country_iso":"PHL","city_id":12963,"city":"Sorsogon City","pop_total":18474.9588336,"mass_total":1599744.6246578724,"n_hex":7,"sample_h3":"87686508affffff","log_pop":4.2665834794,"log_mass":6.2040506596},{"country_iso":"PHL","city_id":12967,"city":"San Carlos","pop_total":20162.6098402136,"mass_total":1547120.211870899,"n_hex":5,"sample_h3":"876862689ffffff","log_pop":4.3045467463,"log_mass":6.1895240599},{"country_iso":"PHL","city_id":12975,"city":"Dumaguete","pop_total":59503.1712103432,"mass_total":5873423.9989413684,"n_hex":16,"sample_h3":"876846894ffffff","log_pop":4.774540112,"log_mass":6.7688913534},{"country_iso":"PHL","city_id":12981,"city":"Cebu City","pop_total":1380200.4860482123,"mass_total":106615653.4114705622,"n_hex":103,"sample_h3":"876844021ffffff","log_pop":6.139942176,"log_mass":8.0278209729},{"country_iso":"PHL","city_id":12982,"city":"Dipolog","pop_total":26409.2037205416,"mass_total":2664835.2703119284,"n_hex":13,"sample_h3":"876846489ffffff","log_pop":4.4217553067,"log_mass":6.4256703678},{"country_iso":"PHL","city_id":12985,"city":"Pagadian","pop_total":67874.1246831356,"mass_total":3374775.5383437704,"n_hex":8,"sample_h3":"876855745ffffff","log_pop":4.8317042419,"log_mass":6.5282448925},{"country_iso":"PHL","city_id":12987,"city":"Tagbilaran","pop_total":34573.4326966342,"mass_total":4338082.7747647939,"n_hex":10,"sample_h3":"8768444cbffffff","log_pop":4.5387425015,"log_mass":6.6372978345},{"country_iso":"PHL","city_id":12990,"city":"Calbayog","pop_total":18266.9522848466,"mass_total":1482765.2379163713,"n_hex":7,"sample_h3":"876861445ffffff","log_pop":4.2616660944,"log_mass":6.1710723958},{"country_iso":"PHL","city_id":12993,"city":"Ozamiz","pop_total":43337.7616155933,"mass_total":3541585.8722456098,"n_hex":10,"sample_h3":"876842c80ffffff","log_pop":4.6368664764,"log_mass":6.5491977765},{"country_iso":"PHL","city_id":12994,"city":"Ormoc","pop_total":30912.815205693,"mass_total":2797443.145007744,"n_hex":7,"sample_h3":"8768632b2ffffff","log_pop":4.4901385577,"log_mass":6.4467612687},{"country_iso":"PHL","city_id":12996,"city":"Catbalogan","pop_total":12949.0048749699,"mass_total":1391233.8036363008,"n_hex":8,"sample_h3":"876861688ffffff","log_pop":4.1122363944,"log_mass":6.1434001214},{"country_iso":"PHL","city_id":12998,"city":"Iligan","pop_total":115744.434869553,"mass_total":11107183.0206717234,"n_hex":22,"sample_h3":"876842004ffffff","log_pop":5.0635001188,"log_mass":7.0456039281},{"country_iso":"PHL","city_id":12999,"city":"Tacloban","pop_total":94602.9683975743,"mass_total":7902241.079739769,"n_hex":18,"sample_h3":"876863248ffffff","log_pop":4.9759047637,"log_mass":6.8977502749},{"country_iso":"PHL","city_id":13000,"city":"Marawi","pop_total":1439.3952644872,"mass_total":427161.681072899,"n_hex":4,"sample_h3":"876842098ffffff","log_pop":3.1581800696,"log_mass":5.630592287},{"country_iso":"PHL","city_id":13003,"city":"Cotabato","pop_total":160802.998804903,"mass_total":6809134.1461040862,"n_hex":10,"sample_h3":"876851300ffffff","log_pop":5.2062941436,"log_mass":6.8330918903},{"country_iso":"PHL","city_id":13005,"city":"Cagayan de Oro","pop_total":355790.6456312105,"mass_total":26320273.6613460071,"n_hex":36,"sample_h3":"876842a11ffffff","log_pop":5.5511945255,"log_mass":7.4202904005},{"country_iso":"PHL","city_id":13009,"city":"Surigao City","pop_total":37923.5360930125,"mass_total":2453823.2422120743,"n_hex":5,"sample_h3":"8768418b6ffffff","log_pop":4.5789088253,"log_mass":6.3898432757},{"country_iso":"PHL","city_id":13010,"city":"Koronadal","pop_total":19406.9565302007,"mass_total":3264124.8644109773,"n_hex":7,"sample_h3":"87685ea80ffffff","log_pop":4.2879574331,"log_mass":6.5137667637},{"country_iso":"PHL","city_id":13011,"city":"Valencia","pop_total":2223.2880935669,"mass_total":56776.0005940414,"n_hex":1,"sample_h3":"87684349effffff","log_pop":3.3469957422,"log_mass":4.7541647968},{"country_iso":"PHL","city_id":13013,"city":"Butuan","pop_total":35239.6380697325,"mass_total":6331482.2332996884,"n_hex":13,"sample_h3":"87684149bffffff","log_pop":4.5470314393,"log_mass":6.8015053925},{"country_iso":"PHL","city_id":13014,"city":"Polomolok","pop_total":912.0035540562,"mass_total":94824.2182315711,"n_hex":3,"sample_h3":"87685e200ffffff","log_pop":2.9599965308,"log_mass":4.9769192709},{"country_iso":"PHL","city_id":13016,"city":"General Santos","pop_total":187269.0071487034,"mass_total":19310740.5323117897,"n_hex":24,"sample_h3":"87685a92cffffff","log_pop":5.272465908,"log_mass":7.2857989285},{"country_iso":"PHL","city_id":13018,"city":"Digos","pop_total":32339.5867661626,"mass_total":4018429.2145675831,"n_hex":8,"sample_h3":"876858d44ffffff","log_pop":4.5097344662,"log_mass":6.6040563225},{"country_iso":"PHL","city_id":13022,"city":"Toril","pop_total":98756.5395082324,"mass_total":10708652.1910636369,"n_hex":18,"sample_h3":"876858900ffffff","log_pop":4.9945658636,"log_mass":7.0297348132},{"country_iso":"PHL","city_id":13024,"city":"Davao City","pop_total":472947.9392134867,"mass_total":40589588.9516090676,"n_hex":29,"sample_h3":"876858909ffffff","log_pop":5.6748133374,"log_mass":7.6084146533},{"country_iso":"PHL","city_id":13025,"city":"Panabo","pop_total":30253.6980549747,"mass_total":2333482.4951310037,"n_hex":5,"sample_h3":"87685c248ffffff","log_pop":4.4807784681,"log_mass":6.3680045473},{"country_iso":"PHL","city_id":13027,"city":"Tagum","pop_total":77346.6123589946,"mass_total":7346964.5389296208,"n_hex":15,"sample_h3":"87685d521ffffff","log_pop":4.8884412971,"log_mass":6.8661079437}]