[{"country_iso":"BGD","city_id":9496,"city":"Baliadangi","pop_total":1070.7118078625,"mass_total":251612.0604569299,"n_hex":5,"sample_h3":"873c19512ffffff","log_pop":3.0296725921,"log_mass":5.4007314542},{"country_iso":"BGD","city_id":9510,"city":"Atwari","pop_total":382.6262283849,"mass_total":122444.8464100149,"n_hex":3,"sample_h3":"873c19574ffffff","log_pop":2.5827747369,"log_mass":5.0879405108},{"country_iso":"BGD","city_id":9512,"city":"Ranisankail","pop_total":645.6275081635,"mass_total":124796.5106142583,"n_hex":1,"sample_h3":"873c1b96affffff","log_pop":2.809982026,"log_mass":5.0962024424},{"country_iso":"BGD","city_id":9523,"city":"Thakurgaon","pop_total":22107.765696922,"mass_total":1726921.2818242633,"n_hex":8,"sample_h3":"873c19402ffffff","log_pop":4.3445448532,"log_mass":6.2372725416},{"country_iso":"BGD","city_id":9525,"city":"Panchagarh","pop_total":9269.3630115098,"mass_total":725532.8378463418,"n_hex":7,"sample_h3":"873c19181ffffff","log_pop":3.9670498906,"log_mass":5.8606570735},{"country_iso":"BGD","city_id":9532,"city":"Pirganj (\u09aa\u09c0\u09b0\u0997\u099e\u09cd\u099c)","pop_total":2093.2436337565,"mass_total":414417.2282432219,"n_hex":3,"sample_h3":"873c19490ffffff","log_pop":3.320819779,"log_mass":5.6174378017},{"country_iso":"BGD","city_id":9541,"city":"\u09ac\u09cb\u09a6\u09be","pop_total":1207.6991863251,"mass_total":161591.2808416667,"n_hex":1,"sample_h3":"873c1954affffff","log_pop":3.0819587737,"log_mass":5.2084179234},{"country_iso":"BGD","city_id":9557,"city":"\u09ac\u09cb\u099a\u09be\u0997\u099e\u09cd\u099c","pop_total":2928.517632318,"mass_total":634058.1609031762,"n_hex":3,"sample_h3":"873c1bb30ffffff","log_pop":3.4666478432,"log_mass":5.8021290967},{"country_iso":"BGD","city_id":9577,"city":"Bholarhat","pop_total":1505.743797291,"mass_total":474271.1951189485,"n_hex":6,"sample_h3":"873c1b419ffffff","log_pop":3.1777510828,"log_mass":5.6760267486},{"country_iso":"BGD","city_id":9579,"city":"Debiganj","pop_total":489.8611492531,"mass_total":126601.4945774519,"n_hex":2,"sample_h3":"873c19710ffffff","log_pop":2.6900729971,"log_mass":5.1024388327},{"country_iso":"BGD","city_id":9583,"city":"Burimari","pop_total":760.3973279598,"mass_total":386716.5671195775,"n_hex":7,"sample_h3":"873c19059ffffff","log_pop":2.8810405821,"log_mass":5.5873927779},{"country_iso":"BGD","city_id":9585,"city":"Shibganj","pop_total":3265.0787972731,"mass_total":457044.8326439464,"n_hex":7,"sample_h3":"873cf4b02ffffff","log_pop":3.5138936667,"log_mass":5.6599588032},{"country_iso":"BGD","city_id":9590,"city":"Chapainawabganj","pop_total":60179.6626787036,"mass_total":3952057.2316157599,"n_hex":24,"sample_h3":"873cf484bffffff","log_pop":4.7794497491,"log_mass":6.5968232252},{"country_iso":"BGD","city_id":9592,"city":"Domar","pop_total":1614.8582374311,"mass_total":293777.1417611655,"n_hex":5,"sample_h3":"873c19620ffffff","log_pop":3.2081344032,"log_mass":5.4680180011},{"country_iso":"BGD","city_id":9593,"city":"Dinajpur","pop_total":59491.4592163722,"mass_total":3955648.1538731852,"n_hex":16,"sample_h3":"873c1ba02ffffff","log_pop":4.7744546215,"log_mass":6.5972176551},{"country_iso":"BGD","city_id":9595,"city":"Rohanpur","pop_total":5809.4130566541,"mass_total":1218237.2494645843,"n_hex":14,"sample_h3":"873c1b4d8ffffff","log_pop":3.7641322565,"log_mass":6.0857318746},{"country_iso":"BGD","city_id":9599,"city":"Patgram","pop_total":3070.7625999451,"mass_total":236711.9834970301,"n_hex":2,"sample_h3":"873c19383ffffff","log_pop":3.4872462425,"log_mass":5.3742202446},{"country_iso":"BGD","city_id":9604,"city":"Nilphamari","pop_total":3332.1491414089,"mass_total":343530.4980001515,"n_hex":4,"sample_h3":"873c19684ffffff","log_pop":3.5227244315,"log_mass":5.535965299},{"country_iso":"BGD","city_id":9607,"city":"Jaldhaka","pop_total":1334.2577096528,"mass_total":147254.1678097558,"n_hex":2,"sample_h3":"873c196e0ffffff","log_pop":3.1252397209,"log_mass":5.1680675957},{"country_iso":"BGD","city_id":9608,"city":"Saidpur","pop_total":41558.5512642281,"mass_total":3024896.4321936313,"n_hex":9,"sample_h3":"873c1ba41ffffff","log_pop":4.6186603996,"log_mass":6.4807105097},{"country_iso":"BGD","city_id":9614,"city":"Godagari","pop_total":3519.3517800462,"mass_total":603960.484059202,"n_hex":11,"sample_h3":"873cf4a80ffffff","log_pop":3.5464626793,"log_mass":5.7810085245},{"country_iso":"BGD","city_id":9618,"city":"Parbatipur","pop_total":5552.7751216888,"mass_total":696800.417732212,"n_hex":5,"sample_h3":"873ce6d84ffffff","log_pop":3.7445100856,"log_mass":5.8431084024},{"country_iso":"BGD","city_id":9639,"city":"Bodorganj","pop_total":2403.7475204468,"mass_total":162931.0287132017,"n_hex":1,"sample_h3":"873ce6c32ffffff","log_pop":3.3808888493,"log_mass":5.2120037996},{"country_iso":"BGD","city_id":9646,"city":"Paglapeer","pop_total":376.0653114319,"mass_total":74170.2832357157,"n_hex":1,"sample_h3":"873ce6d51ffffff","log_pop":2.5752632756,"log_mass":4.8702299375},{"country_iso":"BGD","city_id":9650,"city":"Rajshahi","pop_total":185842.6287891986,"mass_total":12083196.217222346,"n_hex":36,"sample_h3":"873cf422dffffff","log_pop":5.26914534,"log_mass":7.082181828},{"country_iso":"BGD","city_id":9651,"city":"Birampur","pop_total":2166.3236443613,"mass_total":309337.4009224979,"n_hex":2,"sample_h3":"873c1b271ffffff","log_pop":3.3357233399,"log_mass":5.4904324322},{"country_iso":"BGD","city_id":9657,"city":"Rangpur","pop_total":90759.7528241064,"mass_total":7453866.5254265564,"n_hex":27,"sample_h3":"873ce6184ffffff","log_pop":4.9578933045,"log_mass":6.8723816117},{"country_iso":"BGD","city_id":9667,"city":"Hakimpur","pop_total":1758.0120445364,"mass_total":291792.7567865941,"n_hex":4,"sample_h3":"873c1b2c5ffffff","log_pop":3.2450218462,"log_mass":5.4650745071},{"country_iso":"BGD","city_id":9678,"city":"Joypurhat","pop_total":14620.1223553153,"mass_total":1299450.3648638683,"n_hex":6,"sample_h3":"873cf5908ffffff","log_pop":4.1649510072,"log_mass":6.1137596954},{"country_iso":"BGD","city_id":9682,"city":"Naogaon","pop_total":45960.7709110746,"mass_total":4319071.3788038595,"n_hex":28,"sample_h3":"873cf5880ffffff","log_pop":4.6623873046,"log_mass":6.6353903814},{"country_iso":"BGD","city_id":9684,"city":"Lalmonirhat","pop_total":9535.6428266226,"mass_total":650073.7985441609,"n_hex":6,"sample_h3":"873ce6888ffffff","log_pop":3.9793499755,"log_mass":5.812962662},{"country_iso":"BGD","city_id":9689,"city":"Baneshwar","pop_total":1237.6916394252,"mass_total":673777.557909172,"n_hex":8,"sample_h3":"873cf4244ffffff","log_pop":3.0926124573,"log_mass":5.8285165415},{"country_iso":"BGD","city_id":9695,"city":"Kulaghat","pop_total":207.8164432526,"mass_total":134197.0585668861,"n_hex":2,"sample_h3":"873ce6125ffffff","log_pop":2.3176799077,"log_mass":5.1277429967},{"country_iso":"BGD","city_id":9700,"city":"Pirganj","pop_total":294.6477108002,"mass_total":95377.3849529059,"n_hex":2,"sample_h3":"873ce6425ffffff","log_pop":2.4693030713,"log_mass":4.9794454108},{"country_iso":"BGD","city_id":9702,"city":"Bagha","pop_total":3664.1842896929,"mass_total":888328.2709440201,"n_hex":13,"sample_h3":"873cf425affffff","log_pop":3.5639773083,"log_mass":5.9485734837},{"country_iso":"BGD","city_id":9704,"city":"Madhnagar","pop_total":596.8708440706,"mass_total":217767.6892530203,"n_hex":5,"sample_h3":"873cf5cc0ffffff","log_pop":2.775880365,"log_mass":5.3379934428},{"country_iso":"BGD","city_id":9706,"city":"Meherpur","pop_total":4576.9408067367,"mass_total":804804.0548744837,"n_hex":6,"sample_h3":"873cf08b6ffffff","log_pop":3.6605752958,"log_mass":5.9056901558},{"country_iso":"BGD","city_id":9708,"city":"Andhari jhar","pop_total":153.4483910878,"mass_total":241642.2082820406,"n_hex":6,"sample_h3":"873ce6b85ffffff","log_pop":2.1859623392,"log_mass":5.3831727959},{"country_iso":"BGD","city_id":9710,"city":"Ghoraghat","pop_total":2515.754940033,"mass_total":609689.827397731,"n_hex":6,"sample_h3":"873ce641affffff","log_pop":3.4006683342,"log_mass":5.7851089489},{"country_iso":"BGD","city_id":9712,"city":"Naldanga","pop_total":291.3071521385,"mass_total":154123.7416425577,"n_hex":3,"sample_h3":"873ce6549ffffff","log_pop":2.4643511475,"log_mass":5.1878695438},{"country_iso":"BGD","city_id":9713,"city":"Mujibnogor","pop_total":27.4220333099,"mass_total":35229.7097605627,"n_hex":1,"sample_h3":"873cf0d58ffffff","log_pop":1.438099654,"log_mass":4.5469090653},{"country_iso":"BGD","city_id":9717,"city":"\u09a8\u09be\u099f\u09cb\u09b0","pop_total":14771.9448845358,"mass_total":1934510.9655824483,"n_hex":10,"sample_h3":"873cf550cffffff","log_pop":4.1694376786,"log_mass":6.2865711958},{"country_iso":"BGD","city_id":9718,"city":"Kushtia","pop_total":1837.2577843647,"mass_total":589348.9004672421,"n_hex":8,"sample_h3":"873cf0864ffffff","log_pop":3.2641700961,"log_mass":5.7703724776},{"country_iso":"BGD","city_id":9719,"city":"Bangasonahat","pop_total":102.3987720564,"mass_total":122671.6565845718,"n_hex":4,"sample_h3":"873ce6a14ffffff","log_pop":2.0102947487,"log_mass":5.0887442301},{"country_iso":"BGD","city_id":9721,"city":"Kurigram","pop_total":8563.2847873463,"mass_total":634519.3960579529,"n_hex":5,"sample_h3":"873ce6142ffffff","log_pop":3.9326403875,"log_mass":5.8024449022},{"country_iso":"BGD","city_id":9722,"city":"Ulipur","pop_total":1815.4359030742,"mass_total":507399.7618385501,"n_hex":6,"sample_h3":"873ce600dffffff","log_pop":3.25898092,"log_mass":5.705350259},{"country_iso":"BGD","city_id":9723,"city":"Sundarganj","pop_total":514.5295295715,"mass_total":115765.6602780042,"n_hex":1,"sample_h3":"873ce60a2ffffff","log_pop":2.7114103046,"log_mass":5.0635797531},{"country_iso":"BGD","city_id":9726,"city":"Bogura","pop_total":138615.9431245168,"mass_total":12893220.1330317762,"n_hex":64,"sample_h3":"873ce6489ffffff","log_pop":5.1418131842,"log_mass":7.1103613977},{"country_iso":"BGD","city_id":9728,"city":"Kamarpara Rail","pop_total":39.0882797241,"mass_total":32851.209355069,"n_hex":1,"sample_h3":"873ce646effffff","log_pop":1.5920465575,"log_mass":4.5165513619},{"country_iso":"BGD","city_id":9730,"city":"Aria","pop_total":1354.9129719828,"mass_total":667766.97966485,"n_hex":10,"sample_h3":"873cf080bffffff","log_pop":3.1319114007,"log_mass":5.8246249399},{"country_iso":"BGD","city_id":9732,"city":"Gaibandha","pop_total":8969.9074597976,"mass_total":812492.1756753064,"n_hex":5,"sample_h3":"873ce6458ffffff","log_pop":3.9527879626,"log_mass":5.9098191874},{"country_iso":"BGD","city_id":9737,"city":"Chilmari","pop_total":746.6368694305,"mass_total":135841.5276943956,"n_hex":2,"sample_h3":"873ce60d4ffffff","log_pop":2.8731094319,"log_mass":5.1330325571},{"country_iso":"BGD","city_id":9738,"city":"Bheramara","pop_total":4322.1369503919,"mass_total":682956.0409233695,"n_hex":7,"sample_h3":"873cf0862ffffff","log_pop":3.6356985237,"log_mass":5.8343927508},{"country_iso":"BGD","city_id":9741,"city":"Chuadanga","pop_total":8898.4747576246,"mass_total":752825.760002011,"n_hex":4,"sample_h3":"873cf0100ffffff","log_pop":3.9493155728,"log_mass":5.8766944713},{"country_iso":"BGD","city_id":9743,"city":"Darsana","pop_total":2245.1427650452,"mass_total":255562.6466885171,"n_hex":2,"sample_h3":"873cf01a2ffffff","log_pop":3.3512439623,"log_mass":5.4074973772},{"country_iso":"BGD","city_id":9744,"city":"Sonatala","pop_total":869.4594068864,"mass_total":288305.8074964769,"n_hex":3,"sample_h3":"873cf5a24ffffff","log_pop":2.9392493106,"log_mass":5.4598533907},{"country_iso":"BGD","city_id":9745,"city":"Ishurdi","pop_total":9359.4236856498,"mass_total":1430506.7522137491,"n_hex":13,"sample_h3":"873cf0b23ffffff","log_pop":3.9712491075,"log_mass":6.1554899121},{"country_iso":"BGD","city_id":9749,"city":"Alamdanga","pop_total":4170.8364967197,"mass_total":640445.2582805676,"n_hex":5,"sample_h3":"873cf08d8ffffff","log_pop":3.6202231652,"log_mass":5.8064820146},{"country_iso":"BGD","city_id":9751,"city":"Saghatta","pop_total":581.3130896363,"mass_total":332078.111861212,"n_hex":6,"sample_h3":"873cf5b42ffffff","log_pop":2.7644101022,"log_mass":5.5212402511},{"country_iso":"BGD","city_id":9754,"city":"\u099a\u09be\u0981\u099a\u0995\u09c8\u09dc","pop_total":6351.5160384795,"mass_total":883853.1941667476,"n_hex":6,"sample_h3":"873cf509affffff","log_pop":3.8028773991,"log_mass":5.9463801358},{"country_iso":"BGD","city_id":9755,"city":"Barkhada","pop_total":80377.5968797946,"mass_total":5484546.1513502365,"n_hex":19,"sample_h3":"873cf0a34ffffff","log_pop":4.9051350176,"log_mass":6.7391406953},{"country_iso":"BGD","city_id":9759,"city":"Bogra","pop_total":18958.6938189712,"mass_total":2797979.6966032749,"n_hex":8,"sample_h3":"873cf5046ffffff","log_pop":4.2778084128,"log_mass":6.4468445587},{"country_iso":"BGD","city_id":9761,"city":"Sariakandi","pop_total":785.6890750735,"mass_total":300982.6733941901,"n_hex":4,"sample_h3":"873cf5aa8ffffff","log_pop":2.8952507144,"log_mass":5.4785414954},{"country_iso":"BGD","city_id":9764,"city":"Bahadurabad","pop_total":472.1945296269,"mass_total":578410.2088907724,"n_hex":8,"sample_h3":"873ce6606ffffff","log_pop":2.6741209515,"log_mass":5.7622359496},{"country_iso":"BGD","city_id":9767,"city":"Jhaudia","pop_total":105.6819915771,"mass_total":130288.3228769054,"n_hex":2,"sample_h3":"873cf016cffffff","log_pop":2.024000989,"log_mass":5.1149054937},{"country_iso":"BGD","city_id":9769,"city":"Pabna","pop_total":57986.9895114637,"mass_total":5564328.2161012664,"n_hex":17,"sample_h3":"873cf0a2dffffff","log_pop":4.7633305622,"log_mass":6.7454127393},{"country_iso":"BGD","city_id":9770,"city":"Alampur","pop_total":88.2434282303,"mass_total":263032.3615737181,"n_hex":3,"sample_h3":"873cf0a33ffffff","log_pop":1.945682372,"log_mass":5.4200091842},{"country_iso":"BGD","city_id":9771,"city":"Hariakunda","pop_total":371.1663475037,"mass_total":169713.01005532,"n_hex":4,"sample_h3":"873cf0143ffffff","log_pop":2.5695685932,"log_mass":5.2297151362},{"country_iso":"BGD","city_id":9772,"city":"Bangala","pop_total":280.7498497271,"mass_total":504822.6381743165,"n_hex":8,"sample_h3":"873cf5702ffffff","log_pop":2.4483195325,"log_mass":5.7031388221},{"country_iso":"BGD","city_id":9778,"city":"Islampur-\u0987\u09b8\u09b2\u09be\u09ae\u09aa\u09c1\u09b0","pop_total":1587.9518738017,"mass_total":359734.12881005,"n_hex":5,"sample_h3":"873ce6680ffffff","log_pop":3.2008373361,"log_mass":5.5559816423},{"country_iso":"BGD","city_id":9779,"city":"Chandaikona","pop_total":2967.601328128,"mass_total":511642.3461323931,"n_hex":5,"sample_h3":"873cf50cdffffff","log_pop":3.4724055568,"log_mass":5.7089664817},{"country_iso":"BGD","city_id":9780,"city":"Sirajganj","pop_total":61200.2007104014,"mass_total":6309100.0256006932,"n_hex":58,"sample_h3":"873cf5280ffffff","log_pop":4.7867528464,"log_mass":6.7999674128},{"country_iso":"BGD","city_id":9781,"city":"Kotchadpur","pop_total":753.8481675915,"mass_total":146036.5897053279,"n_hex":3,"sample_h3":"873cf008cffffff","log_pop":2.8772838835,"log_mass":5.1644616826},{"country_iso":"BGD","city_id":9783,"city":"Mahmudpur","pop_total":183.8976211548,"mass_total":197739.6120739577,"n_hex":4,"sample_h3":"873cf5a53ffffff","log_pop":2.2645761114,"log_mass":5.2960936778},{"country_iso":"BGD","city_id":9784,"city":"Benapole","pop_total":6531.6442191853,"mass_total":516226.0560193878,"n_hex":3,"sample_h3":"873cf04caffffff","log_pop":3.8150225205,"log_mass":5.7128399214},{"country_iso":"BGD","city_id":9788,"city":"Bhangura","pop_total":623.1710643768,"mass_total":229756.0546142337,"n_hex":3,"sample_h3":"873cf56a0ffffff","log_pop":2.7946072796,"log_mass":5.3612669649},{"country_iso":"BGD","city_id":9791,"city":"Chanpur","pop_total":371.1035757065,"mass_total":152031.8889847008,"n_hex":2,"sample_h3":"873cf0a82ffffff","log_pop":2.5694951389,"log_mass":5.1819346916},{"country_iso":"BGD","city_id":9794,"city":"Gunaritala","pop_total":458.469368441,"mass_total":172037.3528634052,"n_hex":4,"sample_h3":"873cf5ac1ffffff","log_pop":2.6613103246,"log_mass":5.2356227514},{"country_iso":"BGD","city_id":9795,"city":"Salanga","pop_total":1978.408783404,"mass_total":986536.8531622231,"n_hex":11,"sample_h3":"873cf5740ffffff","log_pop":3.2963160315,"log_mass":5.9941133134},{"country_iso":"BGD","city_id":9796,"city":"Ataikula","pop_total":696.539686031,"mass_total":367762.6704471814,"n_hex":5,"sample_h3":"873cf0b48ffffff","log_pop":2.8429458658,"log_mass":5.5655676443},{"country_iso":"BGD","city_id":9798,"city":"Khoksha","pop_total":1835.24669127,"mass_total":417089.9480007985,"n_hex":5,"sample_h3":"873cf0a1bffffff","log_pop":3.2636944498,"log_mass":5.6202297233},{"country_iso":"BGD","city_id":9800,"city":"Shailkupa","pop_total":1404.7570092519,"mass_total":191130.5737613924,"n_hex":3,"sample_h3":"873cf0a98ffffff","log_pop":3.1476012078,"log_mass":5.2813301635},{"country_iso":"BGD","city_id":9802,"city":"Jhenaidah","pop_total":14114.7807541716,"mass_total":995747.1158964266,"n_hex":3,"sample_h3":"873cf0051ffffff","log_pop":4.1496741366,"log_mass":5.9981490572},{"country_iso":"BGD","city_id":9806,"city":"Shankarpur","pop_total":409.5452327728,"mass_total":148874.9359888214,"n_hex":2,"sample_h3":"873cf2b42ffffff","log_pop":2.612301875,"log_mass":5.1728215878},{"country_iso":"BGD","city_id":9807,"city":"Sujanagar","pop_total":1065.0798231087,"mass_total":581188.0595559871,"n_hex":10,"sample_h3":"873cf0a40ffffff","log_pop":3.0273821575,"log_mass":5.7643166832},{"country_iso":"BGD","city_id":9808,"city":"\u0995\u09be\u09b2\u09c0\u0997\u099e\u09cd\u099c","pop_total":3131.2389067407,"mass_total":481850.0157636172,"n_hex":3,"sample_h3":"873cf00c2ffffff","log_pop":3.4957162046,"log_mass":5.6829118775},{"country_iso":"BGD","city_id":9809,"city":"Behula","pop_total":189.6904277802,"mass_total":171608.3577684017,"n_hex":2,"sample_h3":"873ce2d01ffffff","log_pop":2.2780454159,"log_mass":5.2345384353},{"country_iso":"BGD","city_id":9812,"city":"Garadaha","pop_total":298.9332275391,"mass_total":95874.2875659365,"n_hex":3,"sample_h3":"873cf5603ffffff","log_pop":2.4755741912,"log_mass":4.9817021498},{"country_iso":"BGD","city_id":9814,"city":"Hajirbagh","pop_total":69.5194339752,"mass_total":77827.1395163013,"n_hex":1,"sample_h3":"873cf2b48ffffff","log_pop":1.8421062274,"log_mass":4.8911310685},{"country_iso":"BGD","city_id":9815,"city":"\u09aa\u09be\u0982\u09b6\u09be","pop_total":2251.9723419788,"mass_total":384548.1943514982,"n_hex":3,"sample_h3":"873cf0ac1ffffff","log_pop":3.3525630523,"log_mass":5.5849507765},{"country_iso":"BGD","city_id":9817,"city":"Jamalpur","pop_total":63291.7854252722,"mass_total":4964759.843699662,"n_hex":17,"sample_h3":"873ce2c04ffffff","log_pop":4.801347347,"log_mass":6.6958982456},{"country_iso":"BGD","city_id":9819,"city":"Sarishabari","pop_total":1008.8189196643,"mass_total":366655.9018288519,"n_hex":6,"sample_h3":"873cf520cffffff","log_pop":3.0038132185,"log_mass":5.56425868},{"country_iso":"BGD","city_id":9820,"city":"Jessore","pop_total":100914.0288754183,"mass_total":6847996.5141868191,"n_hex":12,"sample_h3":"873cf0600ffffff","log_pop":5.0039515452,"log_mass":6.8355635306},{"country_iso":"BGD","city_id":9823,"city":"Sakhipur","pop_total":1064.8203363419,"mass_total":222442.0742955855,"n_hex":5,"sample_h3":"873cf2320ffffff","log_pop":3.0272763369,"log_mass":5.3472169363},{"country_iso":"BGD","city_id":9825,"city":"Hariharnagar","pop_total":99.307062149,"mass_total":67426.9247765376,"n_hex":2,"sample_h3":"873cf0691ffffff","log_pop":1.9969801341,"log_mass":4.8288333527},{"country_iso":"BGD","city_id":9826,"city":"Bera","pop_total":2388.1768569946,"mass_total":396369.8947769065,"n_hex":4,"sample_h3":"873cf1d2cffffff","log_pop":3.3780664854,"log_mass":5.5981006614},{"country_iso":"BGD","city_id":9828,"city":"Dhanbari","pop_total":2042.0203885471,"mass_total":372862.6798229258,"n_hex":5,"sample_h3":"873cf5241ffffff","log_pop":3.310060074,"log_mass":5.5715489166},{"country_iso":"BGD","city_id":9829,"city":"Satkhira","pop_total":15818.0780743318,"mass_total":805391.2104343957,"n_hex":7,"sample_h3":"873cf2ac0ffffff","log_pop":4.1991537148,"log_mass":5.9060068857},{"country_iso":"BGD","city_id":9831,"city":"Kashinathpur","pop_total":1430.4744701385,"mass_total":326149.4240488171,"n_hex":2,"sample_h3":"873cf1d19ffffff","log_pop":3.1554801113,"log_mass":5.5134166159},{"country_iso":"BGD","city_id":9832,"city":"Magura","pop_total":6798.8686095294,"mass_total":675229.2666183561,"n_hex":4,"sample_h3":"873cf0210ffffff","log_pop":3.8324366484,"log_mass":5.8294512578},{"country_iso":"BGD","city_id":9833,"city":"\u09aa\u09be\u099f\u0995\u09c7\u09b2\u0998\u09be\u099f\u09be","pop_total":1799.6330968707,"mass_total":448900.7376968939,"n_hex":4,"sample_h3":"873cf2a58ffffff","log_pop":3.2551839716,"log_mass":5.6521503191},{"country_iso":"BGD","city_id":9835,"city":"Bhuapur","pop_total":949.8526137221,"mass_total":693480.6087112103,"n_hex":11,"sample_h3":"873cf1905ffffff","log_pop":2.9776562221,"log_mass":5.8410343217},{"country_iso":"BGD","city_id":9836,"city":"Manirampur","pop_total":619.1737698499,"mass_total":176662.2094896119,"n_hex":2,"sample_h3":"873cf0688ffffff","log_pop":2.79181255,"log_mass":5.2471436578},{"country_iso":"BGD","city_id":9837,"city":"Golabari","pop_total":35.1265592575,"mass_total":197789.2351409077,"n_hex":2,"sample_h3":"873cf5259ffffff","log_pop":1.5456356115,"log_mass":5.296202651},{"country_iso":"BGD","city_id":9838,"city":"Masundia","pop_total":108.7483652227,"mass_total":106208.3246550512,"n_hex":2,"sample_h3":"873cf1c30ffffff","log_pop":2.0364227371,"log_mass":5.0261585583},{"country_iso":"BGD","city_id":9839,"city":"Majidpur","pop_total":2495.308013916,"mass_total":242696.932343424,"n_hex":2,"sample_h3":"873cf3d30ffffff","log_pop":3.3971241614,"log_mass":5.3850642869},{"country_iso":"BGD","city_id":9842,"city":"Nalitabari","pop_total":2170.6997642517,"mass_total":173630.247394737,"n_hex":1,"sample_h3":"873ce2892ffffff","log_pop":3.3365997591,"log_mass":5.239625384},{"country_iso":"BGD","city_id":9845,"city":"Tangail","pop_total":31410.2105077033,"mass_total":3891259.6246099523,"n_hex":30,"sample_h3":"873cf1802ffffff","log_pop":4.497070847,"log_mass":6.5900902079},{"country_iso":"BGD","city_id":9846,"city":"Rajbari","pop_total":2894.0025967878,"mass_total":463485.5938701903,"n_hex":7,"sample_h3":"873cf1c84ffffff","log_pop":3.4614989165,"log_mass":5.6660362399},{"country_iso":"BGD","city_id":9847,"city":"Mirkutia","pop_total":21.8467674255,"mass_total":40469.878696492,"n_hex":1,"sample_h3":"873cf1d6dffffff","log_pop":1.3393871853,"log_mass":4.6071319026},{"country_iso":"BGD","city_id":9848,"city":"Pirojpur","pop_total":4249.6527201148,"mass_total":691881.0197074999,"n_hex":7,"sample_h3":"873ce2512ffffff","log_pop":3.6283534411,"log_mass":5.8400314168},{"country_iso":"BGD","city_id":9849,"city":"Noapara","pop_total":9602.6403434379,"mass_total":1458414.5237437878,"n_hex":7,"sample_h3":"873cf06caffffff","log_pop":3.9823906631,"log_mass":6.1638809806},{"country_iso":"BGD","city_id":9850,"city":"Dhara","pop_total":185.0535097309,"mass_total":167016.271832685,"n_hex":2,"sample_h3":"873ce2106ffffff","log_pop":2.2672973264,"log_mass":5.2227587851},{"country_iso":"BGD","city_id":9851,"city":"Narail","pop_total":1197.4703694624,"mass_total":463668.7405030829,"n_hex":5,"sample_h3":"873cf3916ffffff","log_pop":3.0782647759,"log_mass":5.6662078177},{"country_iso":"BGD","city_id":9852,"city":"Muktagacha","pop_total":8249.5635294073,"mass_total":1300494.1788887645,"n_hex":11,"sample_h3":"873ce2540ffffff","log_pop":3.9164309714,"log_mass":6.1141084126},{"country_iso":"BGD","city_id":9853,"city":"Haluaghat","pop_total":1606.9677696228,"mass_total":189590.0748973203,"n_hex":2,"sample_h3":"873ce2120ffffff","log_pop":3.2060071664,"log_mass":5.2778155981},{"country_iso":"BGD","city_id":9854,"city":"Delduar","pop_total":281.4858619914,"mass_total":384280.4524079056,"n_hex":6,"sample_h3":"873cf1818ffffff","log_pop":2.4494565867,"log_mass":5.5846482933},{"country_iso":"BGD","city_id":9858,"city":"Phultala","pop_total":2727.606331627,"mass_total":643978.352562406,"n_hex":6,"sample_h3":"873cf3d40ffffff","log_pop":3.4357816899,"log_mass":5.8088712687},{"country_iso":"BGD","city_id":9859,"city":"Paikgacha","pop_total":811.4847431164,"mass_total":155564.3736779802,"n_hex":1,"sample_h3":"873cf3c96ffffff","log_pop":2.909280359,"log_mass":5.1919101448},{"country_iso":"BGD","city_id":9862,"city":"Phulpur","pop_total":1717.9170500512,"mass_total":180170.2481562956,"n_hex":2,"sample_h3":"873ce21a8ffffff","log_pop":3.23500219,"log_mass":5.2556830767},{"country_iso":"BGD","city_id":9863,"city":"Khulna","pop_total":447567.1001293258,"mass_total":21168725.7854652144,"n_hex":33,"sample_h3":"873cf3c42ffffff","log_pop":5.6508581548,"log_mass":7.3256947172},{"country_iso":"BGD","city_id":9864,"city":"Phulbaria","pop_total":2518.6351946101,"mass_total":594293.1315808237,"n_hex":7,"sample_h3":"873ce2428ffffff","log_pop":3.4011652678,"log_mass":5.774000711},{"country_iso":"BGD","city_id":9865,"city":"Faridpur","pop_total":22204.9410410189,"mass_total":2891919.4013940045,"n_hex":17,"sample_h3":"873cf1424ffffff","log_pop":4.3464496244,"log_mass":6.4611861849},{"country_iso":"BGD","city_id":9866,"city":"Mymensingh","pop_total":149023.0729436762,"mass_total":8113921.8592056269,"n_hex":15,"sample_h3":"873ce2082ffffff","log_pop":5.1732535146,"log_mass":6.9092308209},{"country_iso":"BGD","city_id":9867,"city":"Buraich","pop_total":469.9575189777,"mass_total":231087.058953335,"n_hex":4,"sample_h3":"873cf3940ffffff","log_pop":2.6720586024,"log_mass":5.3637756253},{"country_iso":"BGD","city_id":9868,"city":"Manikgonj","pop_total":7082.5913238955,"mass_total":1928185.7695702261,"n_hex":20,"sample_h3":"873cf1180ffffff","log_pop":3.8501921831,"log_mass":6.2851488733},{"country_iso":"BGD","city_id":9869,"city":"Tarakanda","pop_total":1375.8389246473,"mass_total":196173.9990825526,"n_hex":3,"sample_h3":"873ce20a0ffffff","log_pop":3.1385675922,"log_mass":5.2926414454},{"country_iso":"BGD","city_id":9871,"city":"Trishal","pop_total":4328.6304264817,"mass_total":777037.1760217112,"n_hex":6,"sample_h3":"873ce241bffffff","log_pop":3.6363505078,"log_mass":5.8904417974},{"country_iso":"BGD","city_id":9872,"city":"Dhaka","pop_total":11282616.9408462215,"mass_total":409618027.4722164869,"n_hex":576,"sample_h3":"873cf1005ffffff","log_pop":7.0524098435,"log_mass":8.6123790619},{"country_iso":"BGD","city_id":9874,"city":"Jaigir","pop_total":4509.9367932993,"mass_total":971300.7636112164,"n_hex":7,"sample_h3":"873cf1035ffffff","log_pop":3.6541704553,"log_mass":5.9873537302},{"country_iso":"BGD","city_id":9877,"city":"Gouripur","pop_total":4020.6165006151,"mass_total":869965.7509114675,"n_hex":10,"sample_h3":"873ce20d2ffffff","log_pop":3.6042926507,"log_mass":5.9395021555},{"country_iso":"BGD","city_id":9878,"city":"Rampur","pop_total":38.5369129181,"mass_total":63467.3680698873,"n_hex":1,"sample_h3":"873ce24e8ffffff","log_pop":1.5858769216,"log_mass":4.8025504889},{"country_iso":"BGD","city_id":9879,"city":"Susung Durgapur","pop_total":1302.5279064178,"mass_total":103877.4828043861,"n_hex":1,"sample_h3":"873ce2a95ffffff","log_pop":3.1147870367,"log_mass":5.0165214171},{"country_iso":"BGD","city_id":9880,"city":"Bhaluka","pop_total":5425.0341441248,"mass_total":982533.3612002523,"n_hex":8,"sample_h3":"873ce24ceffffff","log_pop":3.7344024759,"log_mass":5.9923473054},{"country_iso":"BGD","city_id":9881,"city":"Muksudpur","pop_total":122.8261928558,"mass_total":151292.6318423017,"n_hex":2,"sample_h3":"873cf1498ffffff","log_pop":2.0892909906,"log_mass":5.1798177778},{"country_iso":"BGD","city_id":9882,"city":"Mongla","pop_total":3264.4329676273,"mass_total":1546254.4033849982,"n_hex":9,"sample_h3":"873cf3420ffffff","log_pop":3.5138077552,"log_mass":6.1892809494},{"country_iso":"BGD","city_id":9885,"city":"Gafargaon","pop_total":5438.1506664426,"mass_total":780296.13537458,"n_hex":8,"sample_h3":"873ce2786ffffff","log_pop":3.7354512357,"log_mass":5.892259456},{"country_iso":"BGD","city_id":9886,"city":"Gopalganj","pop_total":5351.12212864,"mass_total":767955.0790822633,"n_hex":6,"sample_h3":"873cf38c3ffffff","log_pop":3.728444863,"log_mass":5.8853358171},{"country_iso":"BGD","city_id":9887,"city":"Barahit","pop_total":89.0020456314,"mass_total":116786.9964356393,"n_hex":2,"sample_h3":"873ce2712ffffff","log_pop":1.9493999886,"log_mass":5.0673944893},{"country_iso":"BGD","city_id":9890,"city":"Char Algi","pop_total":221.6380837553,"mass_total":456814.1018445935,"n_hex":6,"sample_h3":"873ce2636ffffff","log_pop":2.3456443867,"log_mass":5.6597395021},{"country_iso":"BGD","city_id":9891,"city":"Bagerhat","pop_total":6783.6997569701,"mass_total":928592.737211025,"n_hex":7,"sample_h3":"873cf30a2ffffff","log_pop":3.831466618,"log_mass":5.9678252826},{"country_iso":"BGD","city_id":9893,"city":"Netrokona","pop_total":13182.3413999408,"mass_total":1440765.2156948452,"n_hex":6,"sample_h3":"873ce20cdffffff","log_pop":4.1199925549,"log_mass":6.1585932148},{"country_iso":"BGD","city_id":9894,"city":"Rajoir","pop_total":6415.9198026508,"mass_total":783460.4748853893,"n_hex":8,"sample_h3":"873cf3a34ffffff","log_pop":3.8072589267,"log_mass":5.8940170915},{"country_iso":"BGD","city_id":9896,"city":"Chitalmari","pop_total":500.6822280884,"mass_total":87299.0775060004,"n_hex":1,"sample_h3":"873cf3000ffffff","log_pop":2.6995621762,"log_mass":4.9410096545},{"country_iso":"BGD","city_id":9897,"city":"Kutalipara","pop_total":339.9026838789,"mass_total":166792.5153507839,"n_hex":3,"sample_h3":"873cf3169ffffff","log_pop":2.5313545938,"log_mass":5.2221765582},{"country_iso":"BGD","city_id":9898,"city":"Kalmakanda","pop_total":673.821969986,"mass_total":128056.757966792,"n_hex":1,"sample_h3":"873ce232bffffff","log_pop":2.8285451671,"log_mass":5.1074025025},{"country_iso":"BGD","city_id":9899,"city":"Shibchar","pop_total":441.6919963799,"mass_total":273365.8619163953,"n_hex":5,"sample_h3":"873cf3b42ffffff","log_pop":2.6451195298,"log_mass":5.4367442787},{"country_iso":"BGD","city_id":9900,"city":"Hossainpur","pop_total":2168.7536687851,"mass_total":356681.7012206697,"n_hex":3,"sample_h3":"873ce2680ffffff","log_pop":3.3362102268,"log_mass":5.5522808294},{"country_iso":"BGD","city_id":9901,"city":"Pakundia","pop_total":1020.745644345,"mass_total":546311.7255982745,"n_hex":5,"sample_h3":"873cc4d36ffffff","log_pop":3.0089175354,"log_mass":5.737440522},{"country_iso":"BGD","city_id":9902,"city":"Madaripur","pop_total":8144.9702153673,"mass_total":962466.7940554586,"n_hex":9,"sample_h3":"873cf3a00ffffff","log_pop":3.9108895005,"log_mass":5.9833857549},{"country_iso":"BGD","city_id":9904,"city":"\u0995\u09be\u09aa\u09be\u09b8\u09bf\u09df\u09be","pop_total":3342.6343632156,"mass_total":477207.0194078021,"n_hex":5,"sample_h3":"873cf1ac0ffffff","log_pop":3.5240888735,"log_mass":5.6787068232},{"country_iso":"BGD","city_id":9905,"city":"Kishoreganj","pop_total":32327.1894477059,"mass_total":4207397.4607505426,"n_hex":25,"sample_h3":"873cc4990ffffff","log_pop":4.5095679483,"log_mass":6.6240135405},{"country_iso":"BGD","city_id":9907,"city":"Mondoldia","pop_total":2584.642345062,"mass_total":1883145.6207901249,"n_hex":21,"sample_h3":"873cc4d84ffffff","log_pop":3.4124004552,"log_mass":6.2748839046},{"country_iso":"BGD","city_id":9908,"city":"Swarupkathi","pop_total":3102.8427758965,"mass_total":474585.3915431522,"n_hex":4,"sample_h3":"873cf305affffff","log_pop":3.49175977,"log_mass":5.6763143658},{"country_iso":"BGD","city_id":9909,"city":"Singdha","pop_total":62.1013074389,"mass_total":92890.2583767796,"n_hex":2,"sample_h3":"873ce220bffffff","log_pop":1.7931007436,"log_mass":4.9679701709},{"country_iso":"BGD","city_id":9910,"city":"Mohanganj","pop_total":640.5001299017,"mass_total":198035.0067563243,"n_hex":2,"sample_h3":"873ce221affffff","log_pop":2.8065192222,"log_mass":5.2967419675},{"country_iso":"BGD","city_id":9911,"city":"Tarail","pop_total":454.3884377423,"mass_total":236932.3729702327,"n_hex":3,"sample_h3":"873ce265affffff","log_pop":2.6574272719,"log_mass":5.3746244041},{"country_iso":"BGD","city_id":9912,"city":"Gournadi","pop_total":1198.5691156387,"mass_total":270426.2062874848,"n_hex":2,"sample_h3":"873cf3ad0ffffff","log_pop":3.0786630827,"log_mass":5.4320487756},{"country_iso":"BGD","city_id":9913,"city":"Borodol Bug Bari Ultar Para","pop_total":161.9873542505,"mass_total":78881.0222795782,"n_hex":2,"sample_h3":"873ce3ca1ffffff","log_pop":2.2094811121,"log_mass":4.8969725303},{"country_iso":"BGD","city_id":9914,"city":"Katiadi","pop_total":4557.1718867433,"mass_total":828860.0562037157,"n_hex":7,"sample_h3":"873cc4d02ffffff","log_pop":3.6586954095,"log_mass":5.9184812109},{"country_iso":"BGD","city_id":9916,"city":"Shariatpur","pop_total":2673.4439828835,"mass_total":632552.0506619447,"n_hex":7,"sample_h3":"873cf3a40ffffff","log_pop":3.4270710887,"log_mass":5.801096268},{"country_iso":"BGD","city_id":9917,"city":"Dakshin Badal","pop_total":170.7003951073,"mass_total":89186.4642001269,"n_hex":2,"sample_h3":"873ce3c83ffffff","log_pop":2.2322345263,"log_mass":4.9502989466},{"country_iso":"BGD","city_id":9919,"city":"Bhandaria","pop_total":2053.3883231724,"mass_total":348665.3143196279,"n_hex":4,"sample_h3":"873cf3620ffffff","log_pop":3.312471088,"log_mass":5.5424087453},{"country_iso":"BGD","city_id":9920,"city":"Jamalganj","pop_total":401.2510114632,"mass_total":190278.3061489405,"n_hex":8,"sample_h3":"873ce2248ffffff","log_pop":2.6034161402,"log_mass":5.2793892767},{"country_iso":"BGD","city_id":9921,"city":"Nikli","pop_total":2017.2766516816,"mass_total":600567.0996483567,"n_hex":11,"sample_h3":"873cc4c21ffffff","log_pop":3.304765462,"log_mass":5.7785615369},{"country_iso":"BGD","city_id":9923,"city":"Jhalokati","pop_total":10551.1943152035,"mass_total":670576.1824821947,"n_hex":4,"sample_h3":"873cf32b4ffffff","log_pop":4.0233016213,"log_mass":5.8264481241},{"country_iso":"BGD","city_id":9924,"city":"Brahmanbaria","pop_total":148611.8838621439,"mass_total":14139043.0988700166,"n_hex":98,"sample_h3":"873cc4421ffffff","log_pop":5.1720535395,"log_mass":7.1504200183},{"country_iso":"BGD","city_id":9930,"city":"Gazaria","pop_total":1345.9796431635,"mass_total":482812.8262926723,"n_hex":6,"sample_h3":"873cc6912ffffff","log_pop":3.1290384916,"log_mass":5.6837787989},{"country_iso":"BGD","city_id":9933,"city":"Homna","pop_total":4509.0717828676,"mass_total":2090234.5871386207,"n_hex":40,"sample_h3":"873cc45b0ffffff","log_pop":3.6540871492,"log_mass":6.3201950297},{"country_iso":"BGD","city_id":9934,"city":"Muladi","pop_total":891.9432420731,"mass_total":156703.9853137841,"n_hex":2,"sample_h3":"873cf3343ffffff","log_pop":2.9503372194,"log_mass":5.1950800416},{"country_iso":"BGD","city_id":9935,"city":"Barisal","pop_total":131024.3642699859,"mass_total":5541578.398887489,"n_hex":14,"sample_h3":"873cf3211ffffff","log_pop":5.1173520612,"log_mass":6.7436334817},{"country_iso":"BGD","city_id":9938,"city":"Comilla","pop_total":333816.4669375373,"mass_total":37091384.753832452,"n_hex":294,"sample_h3":"873cc4400ffffff","log_pop":5.5235077563,"log_mass":7.5692730474},{"country_iso":"BGD","city_id":9941,"city":"Sunamganj District","pop_total":3458.9916632559,"mass_total":402924.1648960616,"n_hex":3,"sample_h3":"873ce350dffffff","log_pop":3.5389495153,"log_mass":5.6052233145},{"country_iso":"BGD","city_id":9944,"city":"Austagram","pop_total":1310.7408772412,"mass_total":246134.5670576846,"n_hex":4,"sample_h3":"873cc4c40ffffff","log_pop":3.1175168437,"log_mass":5.3911726102},{"country_iso":"BGD","city_id":9945,"city":"Patuakhali","pop_total":21410.5542137445,"mass_total":1410436.4320836531,"n_hex":8,"sample_h3":"873cd5984ffffff","log_pop":4.3306279092,"log_mass":6.1493535174},{"country_iso":"BGD","city_id":9946,"city":"Nabinagar","pop_total":642.1029340968,"mass_total":545158.3901312343,"n_hex":12,"sample_h3":"873cc4581ffffff","log_pop":2.8076046544,"log_mass":5.7365227004},{"country_iso":"BGD","city_id":9947,"city":"Haimchar","pop_total":697.2518717972,"mass_total":394103.3880275834,"n_hex":7,"sample_h3":"873cc6c0bffffff","log_pop":2.8433896888,"log_mass":5.5956101684},{"country_iso":"BGD","city_id":9949,"city":"Shibpur","pop_total":488.2758684158,"mass_total":241251.4984862538,"n_hex":6,"sample_h3":"873cc4434ffffff","log_pop":2.6886652611,"log_mass":5.3824700196},{"country_iso":"BGD","city_id":9951,"city":"Baniachong","pop_total":931.0793181625,"mass_total":290243.5604899846,"n_hex":3,"sample_h3":"873cc48e9ffffff","log_pop":2.9689866799,"log_mass":5.462762593},{"country_iso":"BGD","city_id":9952,"city":"Lakhai","pop_total":331.6045387829,"mass_total":190010.5345819206,"n_hex":5,"sample_h3":"873cc4102ffffff","log_pop":2.5206204663,"log_mass":5.2787776798},{"country_iso":"BGD","city_id":9953,"city":"Nasirnagar","pop_total":443.6144632377,"mass_total":214661.3276665112,"n_hex":5,"sample_h3":"873cc41a1ffffff","log_pop":2.6470056971,"log_mass":5.3317538111},{"country_iso":"BGD","city_id":9957,"city":"Shahbazpur Town","pop_total":1840.0470585917,"mass_total":112406.447986668,"n_hex":4,"sample_h3":"873cc4193ffffff","log_pop":3.2648289301,"log_mass":5.0507912244},{"country_iso":"BGD","city_id":9958,"city":"Lakshmipur","pop_total":14370.4209497227,"mass_total":2726969.6813043826,"n_hex":39,"sample_h3":"873cc6014ffffff","log_pop":4.15746949,"log_mass":6.4356803094},{"country_iso":"BGD","city_id":9959,"city":"Bede polli","pop_total":204.2044677734,"mass_total":144505.9206614955,"n_hex":3,"sample_h3":"873cc6584ffffff","log_pop":2.3100652397,"log_mass":5.1598856413},{"country_iso":"BGD","city_id":9960,"city":"Golkhali","pop_total":3083.5924758911,"mass_total":211406.1651457543,"n_hex":2,"sample_h3":"873cd5c64ffffff","log_pop":3.4890569773,"log_mass":5.3251176483},{"country_iso":"BGD","city_id":9961,"city":"Bhola","pop_total":8527.5426312877,"mass_total":676403.9685702573,"n_hex":8,"sample_h3":"873cc6582ffffff","log_pop":3.9308238992,"log_mass":5.830206147},{"country_iso":"BGD","city_id":9963,"city":"Chhatak Bazaar","pop_total":4880.8293503182,"mass_total":348517.8714764352,"n_hex":4,"sample_h3":"873ce309affffff","log_pop":3.6884936236,"log_mass":5.542225053},{"country_iso":"BGD","city_id":9964,"city":"Dular Bazar","pop_total":341.8821514317,"mass_total":149140.8584187311,"n_hex":2,"sample_h3":"873ce345dffffff","log_pop":2.5338764283,"log_mass":5.1735966385},{"country_iso":"BGD","city_id":9965,"city":"Shahiji Bazar","pop_total":437.7794177186,"mass_total":111343.758660761,"n_hex":3,"sample_h3":"873cc4021ffffff","log_pop":2.6412553393,"log_mass":5.0466658778},{"country_iso":"BGD","city_id":9966,"city":"Bholaganj","pop_total":1279.3752624474,"mass_total":286716.8796941729,"n_hex":7,"sample_h3":"873ce3089ffffff","log_pop":3.1069979491,"log_mass":5.4574532616},{"country_iso":"BGD","city_id":9968,"city":"Payalgacha","pop_total":575.8337087631,"mass_total":334612.218208703,"n_hex":4,"sample_h3":"873cc6125ffffff","log_pop":2.7602970845,"log_mass":5.524541795},{"country_iso":"BGD","city_id":9969,"city":"Habiganj","pop_total":17989.4191702188,"mass_total":1409464.875752676,"n_hex":7,"sample_h3":"873cc4140ffffff","log_pop":4.2550171414,"log_mass":6.1490542576},{"country_iso":"BGD","city_id":9970,"city":"Madhabpur","pop_total":3316.7109368268,"mass_total":1264932.9158619365,"n_hex":22,"sample_h3":"873cc4002ffffff","log_pop":3.5207076229,"log_mass":6.1020674939},{"country_iso":"BGD","city_id":9971,"city":"Kasba","pop_total":1022.499130249,"mass_total":222306.3219897783,"n_hex":1,"sample_h3":"873cc44a9ffffff","log_pop":3.0096629473,"log_mass":5.3469518134},{"country_iso":"BGD","city_id":9972,"city":"Shashaia","pop_total":105.5176353455,"mass_total":151174.345727815,"n_hex":2,"sample_h3":"873cc68c0ffffff","log_pop":2.0233250501,"log_mass":5.1794780977},{"country_iso":"BGD","city_id":9973,"city":"Meher","pop_total":513.5526663911,"mass_total":421794.7468578391,"n_hex":6,"sample_h3":"873cc6100ffffff","log_pop":2.7105849884,"log_mass":5.6251011666},{"country_iso":"BGD","city_id":9977,"city":"Shaistaganj","pop_total":4149.4997694801,"mass_total":1101485.3107284538,"n_hex":14,"sample_h3":"873cc402cffffff","log_pop":3.6179957448,"log_mass":6.0419787098},{"country_iso":"BGD","city_id":9978,"city":"\u09a6\u09cc\u09b2\u09a4\u0996\u09be\u09a8","pop_total":1213.9555348639,"mass_total":141171.5051221914,"n_hex":2,"sample_h3":"873cc6486ffffff","log_pop":3.0842027796,"log_mass":5.149747045},{"country_iso":"BGD","city_id":9979,"city":"\u09ac\u09bf\u09b6\u09cd\u09ac\u09a8\u09be\u09a5 - Biswanath","pop_total":926.963468619,"mass_total":480162.3891980753,"n_hex":5,"sample_h3":"873ce3793ffffff","log_pop":2.9670626191,"log_mass":5.6813881391},{"country_iso":"BGD","city_id":9982,"city":"Sylhet","pop_total":235475.0480060315,"mass_total":12325816.6699918713,"n_hex":25,"sample_h3":"873ce3600ffffff","log_pop":5.3719448941,"log_mass":7.0908157039},{"country_iso":"BGD","city_id":9983,"city":"Sadipur","pop_total":1462.2799348831,"mass_total":307826.3803312635,"n_hex":5,"sample_h3":"873cc4a0dffffff","log_pop":3.1650305207,"log_mass":5.4883058356},{"country_iso":"BGD","city_id":9985,"city":"Lalmohan","pop_total":1605.8770339966,"mass_total":209899.9530409013,"n_hex":2,"sample_h3":"873cd58e8ffffff","log_pop":3.2057122872,"log_mass":5.3220123414},{"country_iso":"BGD","city_id":9987,"city":"Noakhali","pop_total":52782.0531062668,"mass_total":8182966.3261439549,"n_hex":72,"sample_h3":"873cc600dffffff","log_pop":4.7224862793,"log_mass":6.912910764},{"country_iso":"BGD","city_id":9991,"city":"Moulvibazar","pop_total":12178.4079069549,"mass_total":1120246.0604030993,"n_hex":6,"sample_h3":"873cc4ac5ffffff","log_pop":4.0855905163,"log_mass":6.0493134253},{"country_iso":"BGD","city_id":9994,"city":"Charfasson","pop_total":1936.9899653117,"mass_total":203833.2225131553,"n_hex":3,"sample_h3":"873cd5170ffffff","log_pop":3.2871273708,"log_mass":5.3092749705},{"country_iso":"BGD","city_id":9997,"city":"Sreemangal","pop_total":8666.8585806716,"mass_total":852789.2147508293,"n_hex":5,"sample_h3":"873cc4300ffffff","log_pop":3.9378617101,"log_mass":5.9308416992},{"country_iso":"BGD","city_id":10000,"city":"Daganbhuiyan","pop_total":6890.5735186932,"mass_total":2746198.2887844015,"n_hex":27,"sample_h3":"873cc62b6ffffff","log_pop":3.8382553708,"log_mass":6.4387318922},{"country_iso":"BGD","city_id":10005,"city":"Komolgonj","pop_total":262.8500587688,"mass_total":192878.2990102406,"n_hex":3,"sample_h3":"873cc4370ffffff","log_pop":2.4197080785,"log_mass":5.2852833674},{"country_iso":"BGD","city_id":10007,"city":"Charkhai","pop_total":320.7309417725,"mass_total":220315.6335526833,"n_hex":6,"sample_h3":"873cc59a4ffffff","log_pop":2.5061408595,"log_mass":5.3430453157},{"country_iso":"BGD","city_id":10009,"city":"Kulaura","pop_total":1560.5114688873,"mass_total":575344.8875382951,"n_hex":6,"sample_h3":"873cc5c30ffffff","log_pop":3.1932669648,"log_mass":5.7599282583},{"country_iso":"BGD","city_id":10012,"city":"Beanibazar","pop_total":1139.0936755461,"mass_total":332967.0065583807,"n_hex":5,"sample_h3":"873cc5992ffffff","log_pop":3.0565594406,"log_mass":5.5224012017},{"country_iso":"BGD","city_id":10013,"city":"Feni","pop_total":63467.3724861145,"mass_total":4989290.428515194,"n_hex":16,"sample_h3":"873cc62b0ffffff","log_pop":4.8025505191,"log_mass":6.6980387851},{"country_iso":"BGD","city_id":10020,"city":"Barlekha","pop_total":386.2544631958,"mass_total":171109.427883492,"n_hex":2,"sample_h3":"873cc5d41ffffff","log_pop":2.5868735108,"log_mass":5.2332739392},{"country_iso":"BGD","city_id":10026,"city":"\u09ac\u09be\u09b0\u0987\u09af\u09bc\u09be\u09b0\u09b9\u09be\u099f","pop_total":4474.839681659,"mass_total":1053013.0705202846,"n_hex":11,"sample_h3":"873cc2934ffffff","log_pop":3.6507774806,"log_mass":6.0224337619},{"country_iso":"BGD","city_id":10030,"city":"BRAC Poultry Farm","pop_total":1038.8461911669,"mass_total":644441.79475569,"n_hex":12,"sample_h3":"873cc2910ffffff","log_pop":3.0165512518,"log_mass":5.8091836985},{"country_iso":"BGD","city_id":10031,"city":"\u09b8\u09a8\u09cd\u09a6\u09cd\u09ac\u09c0\u09aa","pop_total":393.4626404183,"mass_total":412182.4139636618,"n_hex":8,"sample_h3":"873cc2c21ffffff","log_pop":2.5949035021,"log_mass":5.6150894584},{"country_iso":"BGD","city_id":10032,"city":"Sabroom","pop_total":311.0583791733,"mass_total":236115.37626919,"n_hex":4,"sample_h3":"873cc62c3ffffff","log_pop":2.4928419047,"log_mass":5.3731242701},{"country_iso":"BGD","city_id":10035,"city":"Chattogram","pop_total":1902974.3301860357,"mass_total":81876751.8341165036,"n_hex":135,"sample_h3":"873cc2011ffffff","log_pop":6.27943293,"log_mass":7.9131606053},{"country_iso":"BGD","city_id":10038,"city":"Matiranga","pop_total":212.4602718353,"mass_total":92739.4269575334,"n_hex":1,"sample_h3":"873cc0581ffffff","log_pop":2.3272777328,"log_mass":4.967264408},{"country_iso":"BGD","city_id":10042,"city":"Khagrachhari","pop_total":3651.5904463974,"mass_total":430864.6100129085,"n_hex":3,"sample_h3":"873cc0404ffffff","log_pop":3.5624820622,"log_mass":5.6343408238},{"country_iso":"BGD","city_id":10043,"city":"Dighinala","pop_total":276.9157190323,"mass_total":120670.0703168185,"n_hex":4,"sample_h3":"873cc0540ffffff","log_pop":2.442347609,"log_mass":5.0815995658},{"country_iso":"BGD","city_id":10046,"city":"Raujan","pop_total":1204.5133829678,"mass_total":440518.2338896665,"n_hex":7,"sample_h3":"873cc2166ffffff","log_pop":3.0808116297,"log_mass":5.6439638894},{"country_iso":"BGD","city_id":10055,"city":"\u09b0\u09be\u0999\u09cd\u0997\u09be\u09ae\u09be\u099f\u09bf","pop_total":4804.5232795828,"mass_total":763263.6098937711,"n_hex":5,"sample_h3":"873cc2a10ffffff","log_pop":3.681650302,"log_mass":5.882674557},{"country_iso":"BGD","city_id":10058,"city":"Banshkhali","pop_total":343.0924968271,"mass_total":272818.8056450139,"n_hex":5,"sample_h3":"873cc244bffffff","log_pop":2.5354112205,"log_mass":5.4358743033},{"country_iso":"BGD","city_id":10059,"city":"\u0995\u09c1\u09a4\u09c1\u09ac\u09a6\u09bf\u09df\u09be","pop_total":420.8473313874,"mass_total":79620.8728880923,"n_hex":4,"sample_h3":"873cc24d8ffffff","log_pop":2.6241245776,"log_mass":4.9010269345},{"country_iso":"BGD","city_id":10061,"city":"Satkania","pop_total":4437.1658889434,"mass_total":1208532.2381285792,"n_hex":15,"sample_h3":"873cc2626ffffff","log_pop":3.6471056657,"log_mass":6.0822582399},{"country_iso":"BGD","city_id":10064,"city":"Keochia","pop_total":1397.5002321767,"mass_total":495879.4352369365,"n_hex":8,"sample_h3":"873cc20d0ffffff","log_pop":3.1453518887,"log_mass":5.6953760979},{"country_iso":"BGD","city_id":10069,"city":"Chakaria","pop_total":5883.1910316168,"mass_total":582198.0813387834,"n_hex":7,"sample_h3":"873cc2690ffffff","log_pop":3.7696129505,"log_mass":5.7650707699},{"country_iso":"BGD","city_id":10070,"city":"Bandarban","pop_total":2269.0126365288,"mass_total":407832.5176589371,"n_hex":3,"sample_h3":"873cc2392ffffff","log_pop":3.3558369146,"log_mass":5.6104818504},{"country_iso":"BGD","city_id":10071,"city":"\u09ae\u09b9\u09c7\u09b6\u0996\u09be\u09b2\u09c0 Maheskhali","pop_total":1065.0876671099,"mass_total":227753.7677480037,"n_hex":7,"sample_h3":"873cd1a1affffff","log_pop":3.0273853559,"log_mass":5.3574655703},{"country_iso":"BGD","city_id":10072,"city":"\u09b0\u09be\u09ae\u09c1 Ramu","pop_total":43315.5561578283,"mass_total":3701670.028749411,"n_hex":18,"sample_h3":"873cd1321ffffff","log_pop":4.636643895,"log_mass":6.5683977026},{"country_iso":"BGD","city_id":10073,"city":"\u0988\u09a6\u0997\u09be\u0981\u0993-Idgaon","pop_total":1864.9055952334,"mass_total":503913.3070210741,"n_hex":5,"sample_h3":"873cd1ac5ffffff","log_pop":3.270656852,"log_mass":5.7023558271},{"country_iso":"BGD","city_id":10077,"city":"Ukhia-\u0989\u0996\u09bf\u09af\u09bc\u09be","pop_total":533.4766785566,"mass_total":51659.8233111423,"n_hex":2,"sample_h3":"873cd1201ffffff","log_pop":2.7271154386,"log_mass":4.7131529164},{"country_iso":"BGD","city_id":10082,"city":"Nhilla","pop_total":333.5180799559,"mass_total":117682.0697435369,"n_hex":4,"sample_h3":"873cde928ffffff","log_pop":2.5231193819,"log_mass":5.070710298},{"country_iso":"BGD","city_id":10085,"city":"\u0986\u09b2\u09c0\u0996\u09be\u09b2\u09c0","pop_total":1493.869005379,"mass_total":246064.7460204611,"n_hex":2,"sample_h3":"873cde90cffffff","log_pop":3.1743125167,"log_mass":5.3910493963},{"country_iso":"BGD","city_id":10090,"city":"Teknaf","pop_total":3554.2043341917,"mass_total":299676.0385337883,"n_hex":3,"sample_h3":"873cde804ffffff","log_pop":3.5507423921,"log_mass":5.4766520191}]