[{"country_iso":"PRI","city_id":896,"city":"Ponce","pop_total":88265.6295448077,"mass_total":24900357.2987163253,"n_hex":26,"sample_h3":"874cc52b0ffffff","log_pop":4.9457916231,"log_mass":7.3962055789},{"country_iso":"PRI","city_id":902,"city":"R\u00edo Piedras [San Juan]","pop_total":745016.3773357942,"mass_total":167008213.9037498534,"n_hex":131,"sample_h3":"874cc5b28ffffff","log_pop":5.8721658197,"log_mass":8.2227378314},{"country_iso":"PRI","city_id":905,"city":"Caguas","pop_total":79390.449817591,"mass_total":17793174.2260970287,"n_hex":21,"sample_h3":"874cead20ffffff","log_pop":4.8997682626,"log_mass":7.2502534313}]