[{"country_iso": "MEX", "city_id": 19, "city": "Rosarito", "pop_total": 50161.4198133339, "mass_total": 13007355.7587212, "log_pop": 4.70037, "log_mass": 7.114189, "lat": 32.3775315058026, "lon": -117.059173263908}, {"country_iso": "MEX", "city_id": 20, "city": "Ensenada", "pop_total": 120577.653668499, "mass_total": 36526088.4252577, "log_pop": 5.081267, "log_mass": 7.562603, "lat": 31.8535008432104, "lon": -116.600479432686}, {"country_iso": "MEX", "city_id": 52, "city": "La Paz", "pop_total": 89778.9442134857, "mass_total": 16734627.4752397, "log_pop": 4.953174, "log_mass": 7.223616, "lat": 24.1176613851194, "lon": -110.310135135134}, {"country_iso": "MEX", "city_id": 57, "city": "Mexicali", "pop_total": 408623.373154126, "mass_total": 106966671.246493, "log_pop": 5.611323, "log_mass": 8.029248, "lat": 32.6254520375034, "lon": -115.447672454575}, {"country_iso": "MEX", "city_id": 62, "city": "Guaymas", "pop_total": 58742.4037036619, "mass_total": 9697303.27648796, "log_pop": 4.768952, "log_mass": 6.986651, "lat": 27.9209854538339, "lon": -110.909389261104}, {"country_iso": "MEX", "city_id": 63, "city": "Los Mochis", "pop_total": 205856.781209572, "mass_total": 31749106.0262677, "log_pop": 5.313565, "log_mass": 7.501732, "lat": 25.7906228441079, "lon": -108.996660359984}, {"country_iso": "MEX", "city_id": 65, "city": "Hermosillo", "pop_total": 614766.193517139, "mass_total": 108566439.22064, "log_pop": 5.78871, "log_mass": 8.035696, "lat": 29.0855262476677, "lon": -110.974624080321}, {"country_iso": "MEX", "city_id": 66, "city": "Ciudad Obreg\u00f3n", "pop_total": 248018.819408438, "mass_total": 36680527.1793152, "log_pop": 5.394485, "log_mass": 7.564436, "lat": 27.4824993978577, "lon": -109.939334744383}, {"country_iso": "MEX", "city_id": 73, "city": "Culiac\u00e1n", "pop_total": 550578.055329095, "mass_total": 88234912.9852596, "log_pop": 5.740819, "log_mass": 7.94564, "lat": 24.796617481182, "lon": -107.407194425449}, {"country_iso": "MEX", "city_id": 75, "city": "Mazatl\u00e1n", "pop_total": 320846.946423348, "mass_total": 39035345.4783726, "log_pop": 5.506298, "log_mass": 7.591458, "lat": 23.2374763783896, "lon": -106.409244092312}, {"country_iso": "MEX", "city_id": 76, "city": "Puerto Vallarta", "pop_total": 138765.529701575, "mass_total": 17954192.7174598, "log_pop": 5.142282, "log_mass": 7.254166, "lat": 20.6512281872135, "lon": -105.221178478056}, {"country_iso": "MEX", "city_id": 77, "city": "Manzanillo", "pop_total": 98718.3223786751, "mass_total": 18286155.2557854, "log_pop": 4.994398, "log_mass": 7.262122, "lat": 19.0881674521874, "lon": -104.309468743796}, {"country_iso": "MEX", "city_id": 78, "city": "Heroica Nogales", "pop_total": 96046.4113732629, "mass_total": 23936290.4957926, "log_pop": 4.982481, "log_mass": 7.379057, "lat": 31.2950650486129, "lon": -110.945112018214}, {"country_iso": "MEX", "city_id": 80, "city": "Tecoman", "pop_total": 73530.7744444247, "mass_total": 8024217.71912556, "log_pop": 4.866469, "log_mass": 6.904403, "lat": 18.9115870733402, "lon": -103.880165182785}, {"country_iso": "MEX", "city_id": 81, "city": "Tepic", "pop_total": 291579.090792927, "mass_total": 32288668.5861757, "log_pop": 5.464756, "log_mass": 7.50905, "lat": 21.4999591480038, "lon": -104.87781178898}, {"country_iso": "MEX", "city_id": 83, "city": "Colima", "pop_total": 218126.943622521, "mass_total": 30106637.6178714, "log_pop": 5.338709, "log_mass": 7.478662, "lat": 19.2532277636418, "lon": -103.729712567698}, {"country_iso": "MEX", "city_id": 86, "city": "Ciudad Guzm\u00e1n", "pop_total": 72689.068086601, "mass_total": 10030611.8468527, "log_pop": 4.861469, "log_mass": 7.001327, "lat": 19.7012369183888, "lon": -103.467736132683}, {"country_iso": "MEX", "city_id": 87, "city": "Agua Prieta", "pop_total": 50055.8503535684, "mass_total": 12372617.074577, "log_pop": 4.699455, "log_mass": 7.092462, "lat": 31.3234868202752, "lon": -109.541847274539}, {"country_iso": "MEX", "city_id": 88, "city": "Guadalajara", "pop_total": 3492931.15482699, "mass_total": 444373099.846377, "log_pop": 6.54319, "log_mass": 8.647748, "lat": 20.6376316139123, "lon": -103.359191754958}, {"country_iso": "MEX", "city_id": 92, "city": "L\u00e1zaro C\u00e1rdenas", "pop_total": 72251.7329580341, "mass_total": 9455318.57487997, "log_pop": 4.858848, "log_mass": 6.975676, "lat": 17.9770042856747, "lon": -102.21821023602}, {"country_iso": "MEX", "city_id": 93, "city": "Durango", "pop_total": 416195.896377259, "mass_total": 53057637.0252906, "log_pop": 5.619298, "log_mass": 7.724748, "lat": 24.0282359380025, "lon": -104.64928282411}, {"country_iso": "MEX", "city_id": 94, "city": "Apatzing\u00e1n", "pop_total": 68465.3225662933, "mass_total": 10867662.899896, "log_pop": 4.835471, "log_mass": 7.036136, "lat": 19.0913935718491, "lon": -102.353527584889}, {"country_iso": "MEX", "city_id": 95, "city": "Sahuayo de Morelos", "pop_total": 51505.7732948869, "mass_total": 6390268.94269027, "log_pop": 4.711856, "log_mass": 6.805519, "lat": 20.0534443236815, "lon": -102.720474170509}, {"country_iso": "MEX", "city_id": 96, "city": "Ocotl\u00e1n", "pop_total": 68125.4867062245, "mass_total": 9805728.0861608, "log_pop": 4.83331, "log_mass": 6.99148, "lat": 20.3511888075053, "lon": -102.770912470928}, {"country_iso": "MEX", "city_id": 97, "city": "Cuauht\u00e9moc", "pop_total": 52999.1478385362, "mass_total": 11143886.5981124, "log_pop": 4.724269, "log_mass": 7.047037, "lat": 28.4060208749058, "lon": -106.861695453476}, {"country_iso": "MEX", "city_id": 100, "city": "Tepatitl\u00e1n", "pop_total": 52489.9676302713, "mass_total": 7084119.87040971, "log_pop": 4.720076, "log_mass": 6.850286, "lat": 20.8170881054281, "lon": -102.756513987139}, {"country_iso": "MEX", "city_id": 104, "city": "Hidalgo del Parral", "pop_total": 72634.5174632265, "mass_total": 12440646.4875551, "log_pop": 4.861143, "log_mass": 7.094843, "lat": 26.9330162502762, "lon": -105.678200384021}, {"country_iso": "MEX", "city_id": 105, "city": "Zamora", "pop_total": 106236.064151269, "mass_total": 12033228.3873147, "log_pop": 5.026272, "log_mass": 7.080382, "lat": 19.9902882686183, "lon": -102.281311106829}, {"country_iso": "MEX", "city_id": 106, "city": "Uruapan", "pop_total": 212003.607710356, "mass_total": 29276266.0647133, "log_pop": 5.326343, "log_mass": 7.466516, "lat": 19.4116700337286, "lon": -102.046053797067}, {"country_iso": "MEX", "city_id": 108, "city": "La Piedad de Cabadas", "pop_total": 66742.8371319968, "mass_total": 10566916.5012564, "log_pop": 4.824405, "log_mass": 7.023948, "lat": 20.3503969123214, "lon": -102.027299296499}, {"country_iso": "MEX", "city_id": 111, "city": "Chihuahua", "pop_total": 601388.499649205, "mass_total": 120866606.263277, "log_pop": 5.779155, "log_mass": 8.082306, "lat": 28.6584557730036, "lon": -106.088424083966}, {"country_iso": "MEX", "city_id": 112, "city": "Aguascalientes", "pop_total": 687247.430980587, "mass_total": 96886259.6935171, "log_pop": 5.837113, "log_mass": 7.986262, "lat": 21.8944211723127, "lon": -102.289925077063}, {"country_iso": "MEX", "city_id": 113, "city": "Fresnillo", "pop_total": 96298.252693454, "mass_total": 13952459.4006524, "log_pop": 4.983618, "log_mass": 7.144651, "lat": 23.182011048262, "lon": -102.870357150228}, {"country_iso": "MEX", "city_id": 114, "city": "San Francisco del Rinc\u00f3n", "pop_total": 92687.8059539201, "mass_total": 14102232.4063492, "log_pop": 4.967023, "log_mass": 7.149288, "lat": 21.0255066489209, "lon": -101.860745144111}, {"country_iso": "MEX", "city_id": 115, "city": "Zacatecas", "pop_total": 214236.361431198, "mass_total": 30404644.7966452, "log_pop": 5.330893, "log_mass": 7.48294, "lat": 22.7584763141736, "lon": -102.551903190206}, {"country_iso": "MEX", "city_id": 116, "city": "Morelia", "pop_total": 500996.970540632, "mass_total": 80766072.8909792, "log_pop": 5.699835, "log_mass": 7.907229, "lat": 19.7073349298605, "lon": -101.199518209997}, {"country_iso": "MEX", "city_id": 117, "city": "Delicias", "pop_total": 97965.6683395519, "mass_total": 16619744.4804852, "log_pop": 4.991074, "log_mass": 7.220624, "lat": 28.1858829542914, "lon": -105.46316294787}, {"country_iso": "MEX", "city_id": 118, "city": "Lagos de Moreno", "pop_total": 69425.7402899338, "mass_total": 9110624.31745193, "log_pop": 4.841521, "log_mass": 6.959548, "lat": 21.3606508967387, "lon": -101.927320946475}, {"country_iso": "MEX", "city_id": 119, "city": "Le\u00f3n", "pop_total": 1165673.5630807, "mass_total": 147162289.229133, "log_pop": 6.066577, "log_mass": 8.167797, "lat": 21.123964375049, "lon": -101.666578012353}, {"country_iso": "MEX", "city_id": 120, "city": "Uriangato", "pop_total": 71066.6552781278, "mass_total": 10614254.1834902, "log_pop": 4.851666, "log_mass": 7.025889, "lat": 20.1322018160951, "lon": -101.184356198766}, {"country_iso": "MEX", "city_id": 121, "city": "Irapuato", "pop_total": 346497.35585436, "mass_total": 38514494.2696176, "log_pop": 5.5397, "log_mass": 7.585624, "lat": 20.6761839589906, "lon": -101.355524261115}, {"country_iso": "MEX", "city_id": 122, "city": "Acapulco", "pop_total": 548259.312237128, "mass_total": 64044642.5787561, "log_pop": 5.738986, "log_mass": 7.806483, "lat": 16.8677075433957, "lon": -99.861761711502}, {"country_iso": "MEX", "city_id": 123, "city": "Silao", "pop_total": 63329.6153516037, "mass_total": 6616280.73907739, "log_pop": 4.801607, "log_mass": 6.820614, "lat": 20.9463355740222, "lon": -101.429940043932}, {"country_iso": "MEX", "city_id": 124, "city": "Valle de Santiago", "pop_total": 56329.2576695223, "mass_total": 7321803.04325067, "log_pop": 4.750734, "log_mass": 6.864618, "lat": 20.3876303680116, "lon": -101.194712272097}, {"country_iso": "MEX", "city_id": 125, "city": "Salamanca", "pop_total": 135376.903156838, "mass_total": 21930470.0280742, "log_pop": 5.131545, "log_mass": 7.341048, "lat": 20.5711589744406, "lon": -101.195636432707}, {"country_iso": "MEX", "city_id": 126, "city": "Torreon", "pop_total": 759735.048940632, "mass_total": 134595866.739428, "log_pop": 5.880662, "log_mass": 8.129032, "lat": 25.5505701953496, "lon": -103.432727013254}, {"country_iso": "MEX", "city_id": 127, "city": "Guanajuato", "pop_total": 83959.9477162028, "mass_total": 12467945.5001679, "log_pop": 4.924072, "log_mass": 7.095795, "lat": 20.9976328574209, "lon": -101.274519653658}, {"country_iso": "MEX", "city_id": 132, "city": "Celaya", "pop_total": 311990.497134238, "mass_total": 45942359.7432554, "log_pop": 5.494141, "log_mass": 7.662213, "lat": 20.5303321015163, "lon": -100.820475764829}, {"country_iso": "MEX", "city_id": 134, "city": "Zit\u00e1cuaro", "pop_total": 56775.5687895812, "mass_total": 6106810.07775988, "log_pop": 4.754161, "log_mass": 6.785814, "lat": 19.430967498768, "lon": -100.354398611511}, {"country_iso": "MEX", "city_id": 136, "city": "Chilpancingo", "pop_total": 134097.808879095, "mass_total": 15696567.5564198, "log_pop": 5.127422, "log_mass": 7.195805, "lat": 17.5504599944932, "lon": -99.5044270815082}, {"country_iso": "MEX", "city_id": 137, "city": "San Miguel de Allende", "pop_total": 51927.6525958094, "mass_total": 8379438.37994792, "log_pop": 4.715399, "log_mass": 6.923215, "lat": 20.9113517000198, "lon": -100.742294660026}, {"country_iso": "MEX", "city_id": 139, "city": "Quer\u00e9taro", "pop_total": 738619.743791299, "mass_total": 129786023.591871, "log_pop": 5.868421, "log_mass": 8.113228, "lat": 20.6013537777234, "lon": -100.413962111765}, {"country_iso": "MEX", "city_id": 141, "city": "Iguala", "pop_total": 65478.449669506, "mass_total": 8684335.98252065, "log_pop": 4.816098, "log_mass": 6.938737, "lat": 18.3490381544906, "lon": -99.5361207934294}, {"country_iso": "MEX", "city_id": 143, "city": "Ciudad Ju\u00e1rez", "pop_total": 1423325.85274754, "mass_total": 389139249.474045, "log_pop": 6.153304, "log_mass": 8.590105, "lat": 31.7038752685016, "lon": -106.390661160549}, {"country_iso": "MEX", "city_id": 144, "city": "San Luis Potos\u00ed", "pop_total": 843658.912670835, "mass_total": 128212026.985008, "log_pop": 5.926167, "log_mass": 8.107929, "lat": 22.1514896853738, "lon": -100.95920313477}, {"country_iso": "MEX", "city_id": 146, "city": "Toluca", "pop_total": 812080.393670192, "mass_total": 144645320.137487, "log_pop": 5.909599, "log_mass": 8.160304, "lat": 19.2924623408989, "lon": -99.623189039418}, {"country_iso": "MEX", "city_id": 150, "city": "San Juan del R\u00edo", "pop_total": 110800.377721942, "mass_total": 20372075.9679024, "log_pop": 5.044541, "log_mass": 7.309035, "lat": 20.3898069050643, "lon": -99.9788737341431}, {"country_iso": "MEX", "city_id": 151, "city": "Capulhuac de Mirafuentes", "pop_total": 63800.3765931569, "mass_total": 8460420.36310365, "log_pop": 4.804823, "log_mass": 6.927392, "lat": 19.1766878853824, "lon": -99.4533473476913}, {"country_iso": "MEX", "city_id": 153, "city": "Cuernavaca", "pop_total": 546433.342179066, "mass_total": 101175677.381269, "log_pop": 5.737537, "log_mass": 8.005076, "lat": 18.8922977140076, "lon": -99.2084051037911}, {"country_iso": "MEX", "city_id": 154, "city": "Mexico City", "pop_total": 15386875.4021392, "mass_total": 1572528414.68403, "log_pop": 7.18715, "log_mass": 9.196599, "lat": 19.4516574311314, "lon": -99.1058065259241}, {"country_iso": "MEX", "city_id": 156, "city": "Cuautla", "pop_total": 148311.374028328, "mass_total": 23788525.3630856, "log_pop": 5.171174, "log_mass": 7.376368, "lat": 18.836160701744, "lon": -98.9461812644654}, {"country_iso": "MEX", "city_id": 159, "city": "Coyotepec", "pop_total": 56658.5652183439, "mass_total": 8500475.12901254, "log_pop": 4.753266, "log_mass": 6.929443, "lat": 19.7639823846448, "lon": -99.1951046948568}, {"country_iso": "MEX", "city_id": 168, "city": "Chiconcuac", "pop_total": 149313.002328219, "mass_total": 23127703.5848757, "log_pop": 5.174098, "log_mass": 7.364133, "lat": 19.5154091841888, "lon": -98.884840836594}, {"country_iso": "MEX", "city_id": 169, "city": "Matehuala", "pop_total": 54761.7041917834, "mass_total": 8981558.19935163, "log_pop": 4.738477, "log_mass": 6.953352, "lat": 23.6513461450418, "lon": -100.643111713005}, {"country_iso": "MEX", "city_id": 170, "city": "Tizayuca", "pop_total": 56993.5066414269, "mass_total": 9094379.37394557, "log_pop": 4.755825, "log_mass": 6.958773, "lat": 19.8359974192847, "lon": -98.9681450965395}, {"country_iso": "MEX", "city_id": 172, "city": "Atlixco", "pop_total": 52203.8833424703, "mass_total": 8179755.63806421, "log_pop": 4.717703, "log_mass": 6.91274, "lat": 18.9089146724387, "lon": -98.4343371214725}, {"country_iso": "MEX", "city_id": 174, "city": "Fraccionamientos del Sur", "pop_total": 72870.6930440503, "mass_total": 8282596.16194317, "log_pop": 4.862553, "log_mass": 6.918166, "lat": 20.0572688804001, "lon": -98.774969211978}, {"country_iso": "MEX", "city_id": 175, "city": "Pachuca", "pop_total": 274250.196154555, "mass_total": 44044423.6525809, "log_pop": 5.438147, "log_mass": 7.643891, "lat": 20.1003240336101, "lon": -98.7392986091232}, {"country_iso": "MEX", "city_id": 176, "city": "Texmelucan", "pop_total": 83445.1602531093, "mass_total": 12898729.6101152, "log_pop": 4.921401, "log_mass": 7.110547, "lat": 19.2803631269094, "lon": -98.4378006454688}, {"country_iso": "MEX", "city_id": 177, "city": "Puebla", "pop_total": 1530560.50815173, "mass_total": 263474614.908584, "log_pop": 6.184851, "log_mass": 8.420739, "lat": 19.046928268793, "lon": -98.223036163505}, {"country_iso": "MEX", "city_id": 178, "city": "Saltillo", "pop_total": 596807.147627195, "mass_total": 94366234.0154308, "log_pop": 5.775834, "log_mass": 7.974817, "lat": 25.423376376932, "lon": -100.979692655486}, {"country_iso": "MEX", "city_id": 180, "city": "Tlaxcala", "pop_total": 129982.949143065, "mass_total": 28941660.4092179, "log_pop": 5.113886, "log_mass": 7.461523, "lat": 19.3003877644177, "lon": -98.2076668807072}, {"country_iso": "MEX", "city_id": 181, "city": "Zacatelco", "pop_total": 73605.1276635052, "mass_total": 15515729.0595355, "log_pop": 4.866908, "log_mass": 7.190772, "lat": 19.1893888192508, "lon": -98.2272154199863}, {"country_iso": "MEX", "city_id": 184, "city": "Ramos Arizpe", "pop_total": 63785.5490264713, "mass_total": 8986699.08253958, "log_pop": 4.804722, "log_mass": 6.9536, "lat": 25.5393411795409, "lon": -100.946967462217}, {"country_iso": "MEX", "city_id": 185, "city": "Apizaco", "pop_total": 56998.1114952256, "mass_total": 9567099.09849291, "log_pop": 4.75586, "log_mass": 6.98078, "lat": 19.415649116575, "lon": -98.1363691213269}, {"country_iso": "MEX", "city_id": 186, "city": "Tulancingo", "pop_total": 87045.716345379, "mass_total": 11171694.4282445, "log_pop": 4.939747, "log_mass": 7.048119, "lat": 20.0798347325885, "lon": -98.3558093038329}, {"country_iso": "MEX", "city_id": 188, "city": "Monclova", "pop_total": 229795.828103054, "mass_total": 50466105.1890467, "log_pop": 5.361342, "log_mass": 7.703, "lat": 26.9045968616032, "lon": -101.431765076235}, {"country_iso": "MEX", "city_id": 197, "city": "Tehuac\u00e1n", "pop_total": 199510.827901299, "mass_total": 30297609.559764, "log_pop": 5.299966, "log_mass": 7.481408, "lat": 18.4610116349419, "lon": -97.3959835082857}, {"country_iso": "MEX", "city_id": 198, "city": "Garc\u00eda", "pop_total": 211556.529803287, "mass_total": 7953310.80545555, "log_pop": 5.325426, "log_mass": 6.900548, "lat": 25.7955197499643, "lon": -100.595522472894}, {"country_iso": "MEX", "city_id": 200, "city": "Monterrey", "pop_total": 3332088.90682943, "mass_total": 497062411.233307, "log_pop": 6.522717, "log_mass": 8.696411, "lat": 25.7117091481182, "lon": -100.278363948911}, {"country_iso": "MEX", "city_id": 201, "city": "Ciudad Mante", "pop_total": 53260.7536685522, "mass_total": 9750097.52961574, "log_pop": 4.726407, "log_mass": 6.989009, "lat": 22.7463106748212, "lon": -98.9812585921083}, {"country_iso": "MEX", "city_id": 202, "city": "Oaxaca", "pop_total": 334533.346690377, "mass_total": 57781481.5261181, "log_pop": 5.524439, "log_mass": 7.761789, "lat": 17.0652182997004, "lon": -96.7326966229355}, {"country_iso": "MEX", "city_id": 207, "city": "Orizaba", "pop_total": 201161.229368247, "mass_total": 25585828.2404998, "log_pop": 5.303544, "log_mass": 7.407999, "lat": 18.838789843348, "lon": -97.1191734634487}, {"country_iso": "MEX", "city_id": 208, "city": "Ciudad Victoria", "pop_total": 255507.136472783, "mass_total": 38728312.777405, "log_pop": 5.407403, "log_mass": 7.588029, "lat": 23.7388038160491, "lon": -99.1493492139213}, {"country_iso": "MEX", "city_id": 209, "city": "Cadereyta Jim\u00e9nez", "pop_total": 53954.1007951626, "mass_total": 7492613.73638556, "log_pop": 4.732024, "log_mass": 6.874633, "lat": 25.5840565649074, "lon": -99.9985970469656}, {"country_iso": "MEX", "city_id": 210, "city": "San Luis", "pop_total": 303509.966920532, "mass_total": 4493625.72197832, "log_pop": 5.482173, "log_mass": 6.652597, "lat": 25.9077783846247, "lon": -100.171241999596}, {"country_iso": "MEX", "city_id": 214, "city": "C\u00f3rdoba", "pop_total": 153859.67019609, "mass_total": 19266647.2594449, "log_pop": 5.187125, "log_mass": 7.284806, "lat": 18.8953997500996, "lon": -96.9546691031147}, {"country_iso": "MEX", "city_id": 215, "city": "Poza Rica", "pop_total": 115265.793536701, "mass_total": 18024990.946208, "log_pop": 5.0617, "log_mass": 7.255875, "lat": 20.5342481683876, "lon": -97.4493673586762}, {"country_iso": "MEX", "city_id": 218, "city": "Xalapa", "pop_total": 345295.25666771, "mass_total": 39066431.5236884, "log_pop": 5.538191, "log_mass": 7.591804, "lat": 19.5393543431366, "lon": -96.909109129914}, {"country_iso": "MEX", "city_id": 221, "city": "Tampico", "pop_total": 444216.99589586, "mass_total": 65661975.9891476, "log_pop": 5.647595, "log_mass": 7.817314, "lat": 22.2686795898165, "lon": -97.8552580096916}, {"country_iso": "MEX", "city_id": 222, "city": "Altamira", "pop_total": 95120.5322595878, "mass_total": 10904783.5764047, "log_pop": 4.978274, "log_mass": 7.037617, "lat": 22.3890449711993, "lon": -97.910429430159}, {"country_iso": "MEX", "city_id": 224, "city": "Tuxtepec", "pop_total": 58730.3295648729, "mass_total": 7895658.91833644, "log_pop": 4.768862, "log_mass": 6.897388, "lat": 18.089194966557, "lon": -96.1377213625066}, {"country_iso": "MEX", "city_id": 225, "city": "Veracruz", "pop_total": 583898.970919326, "mass_total": 88957350.9526876, "log_pop": 5.766338, "log_mass": 7.949182, "lat": 19.174109911859, "lon": -96.1672489387592}, {"country_iso": "MEX", "city_id": 228, "city": "Salina Cruz", "pop_total": 57127.2550461102, "mass_total": 10224986.7207461, "log_pop": 4.756843, "log_mass": 7.009663, "lat": 16.1959171387183, "lon": -95.2009322477105}, {"country_iso": "MEX", "city_id": 230, "city": "Ciudad Acu\u00f1a", "pop_total": 113068.396634859, "mass_total": 22231103.1136381, "log_pop": 5.053341, "log_mass": 7.346961, "lat": 29.3191252285439, "lon": -100.959520755569}, {"country_iso": "MEX", "city_id": 231, "city": "Piedras Negras", "pop_total": 139473.537122161, "mass_total": 39583290.295827, "log_pop": 5.144492, "log_mass": 7.597512, "lat": 28.6989697739942, "lon": -100.523860253498}, {"country_iso": "MEX", "city_id": 232, "city": "Juchit\u00e1n", "pop_total": 58006.9413529771, "mass_total": 6583350.86924791, "log_pop": 4.76348, "log_mass": 6.818447, "lat": 16.4358216121343, "lon": -95.0203320880083}, {"country_iso": "MEX", "city_id": 234, "city": "Nuevo Laredo", "pop_total": 489060.660881594, "mass_total": 120138498.859482, "log_pop": 5.689363, "log_mass": 8.079682, "lat": 27.5007374829131, "lon": -99.512175101559}, {"country_iso": "MEX", "city_id": 237, "city": "Reynosa", "pop_total": 542386.247410181, "mass_total": 96124971.2294369, "log_pop": 5.734309, "log_mass": 7.982836, "lat": 26.0444269904996, "lon": -98.3041391773229}, {"country_iso": "MEX", "city_id": 238, "city": "Acayucan", "pop_total": 52540.705222595, "mass_total": 7052828.68523078, "log_pop": 4.720496, "log_mass": 6.848363, "lat": 17.9498536062881, "lon": -94.9058353414105}, {"country_iso": "MEX", "city_id": 240, "city": "R\u00edo Bravo", "pop_total": 72952.7401584665, "mass_total": 13095941.5502681, "log_pop": 4.863042, "log_mass": 7.117137, "lat": 25.9902124582673, "lon": -98.090632755072}, {"country_iso": "MEX", "city_id": 243, "city": "Minatitl\u00e1n", "pop_total": 122319.654174411, "mass_total": 22623620.8050938, "log_pop": 5.087496, "log_mass": 7.354562, "lat": 17.9943278638763, "lon": -94.5575413393854}, {"country_iso": "MEX", "city_id": 244, "city": "Coatzacoalcos", "pop_total": 244984.034218696, "mass_total": 40757555.9309992, "log_pop": 5.389138, "log_mass": 7.610208, "lat": 18.1357305809775, "lon": -94.4475413317223}, {"country_iso": "MEX", "city_id": 245, "city": "Matamoros", "pop_total": 366324.834269878, "mass_total": 59562285.1519203, "log_pop": 5.563866, "log_mass": 7.774971, "lat": 25.8476061713812, "lon": -97.5110533054804}, {"country_iso": "MEX", "city_id": 249, "city": "Tuxtla Guti\u00e9rrez", "pop_total": 471739.345287149, "mass_total": 66429068.0189252, "log_pop": 5.673702, "log_mass": 7.822358, "lat": 16.7535376211488, "lon": -93.1189068892564}, {"country_iso": "MEX", "city_id": 251, "city": "C\u00e1rdenas", "pop_total": 75321.4926940469, "mass_total": 8805305.0158606, "log_pop": 4.876919, "log_mass": 6.944744, "lat": 17.9979078902646, "lon": -93.3759734497571}, {"country_iso": "MEX", "city_id": 252, "city": "Tapachula", "pop_total": 178520.518281042, "mass_total": 23122947.3153575, "log_pop": 5.251688, "log_mass": 7.364043, "lat": 14.8957665860295, "lon": -92.2685548097522}, {"country_iso": "MEX", "city_id": 254, "city": "San Crist\u00f3bal", "pop_total": 128313.258040143, "mass_total": 18708529.1838152, "log_pop": 5.108272, "log_mass": 7.27204, "lat": 16.7331982887471, "lon": -92.642726104934}, {"country_iso": "MEX", "city_id": 255, "city": "Villahermosa", "pop_total": 370941.324164587, "mass_total": 49980159.203432, "log_pop": 5.569305, "log_mass": 7.698798, "lat": 17.99288807554, "lon": -92.9465472933448}, {"country_iso": "MEX", "city_id": 262, "city": "Comit\u00e1n", "pop_total": 82020.2637204268, "mass_total": 13346413.1679449, "log_pop": 4.913921, "log_mass": 7.125365, "lat": 16.2434866616094, "lon": -92.1351819965814}, {"country_iso": "MEX", "city_id": 290, "city": "Ciudad del Carmen", "pop_total": 154075.969729131, "mass_total": 19846310.2241366, "log_pop": 5.187735, "log_mass": 7.29768, "lat": 18.6494869904371, "lon": -91.8074607702587}, {"country_iso": "MEX", "city_id": 329, "city": "Campeche", "pop_total": 179193.380106298, "mass_total": 30220210.8645092, "log_pop": 5.253322, "log_mass": 7.480297, "lat": 19.8385402925943, "lon": -90.5212165403467}, {"country_iso": "MEX", "city_id": 350, "city": "M\u00e9rida", "pop_total": 722214.630814975, "mass_total": 139259492.991244, "log_pop": 5.858666, "log_mass": 8.143825, "lat": 20.9729120180653, "lon": -89.6147494826797}, {"country_iso": "MEX", "city_id": 363, "city": "Chetumal", "pop_total": 130808.303205895, "mass_total": 18476268.4424373, "log_pop": 5.116635, "log_mass": 7.266614, "lat": 18.5198956796471, "lon": -88.3028095000112}, {"country_iso": "MEX", "city_id": 390, "city": "Playa del Carmen", "pop_total": 156767.387514981, "mass_total": 14826032.383525, "log_pop": 5.195256, "log_mass": 7.171025, "lat": 20.6481452231759, "lon": -87.0719231612646}, {"country_iso": "MEX", "city_id": 391, "city": "San Miguel de Cozumel", "pop_total": 66864.5490267595, "mass_total": 6824617.86233807, "log_pop": 4.825196, "log_mass": 6.834078, "lat": 20.4970099556831, "lon": -86.9465861971082}, {"country_iso": "MEX", "city_id": 394, "city": "Canc\u00fan", "pop_total": 569851.697216007, "mass_total": 57336296.1664445, "log_pop": 5.755762, "log_mass": 7.75843, "lat": 21.1636263149198, "lon": -86.8594634456176}]