[{"country_iso":"GEO","city_id":4595,"city":"Zugdidi","pop_total":28266.4834604754,"mass_total":11905669.2344982624,"n_hex":11,"sample_h3":"872c21b08ffffff","log_pop":4.4512717827,"log_mass":7.0757538127},{"country_iso":"GEO","city_id":4605,"city":"Batumi","pop_total":128088.1471549866,"mass_total":20457778.6383191757,"n_hex":12,"sample_h3":"872c20261ffffff","log_pop":5.1075089435,"log_mass":7.3108584751},{"country_iso":"GEO","city_id":4661,"city":"Kutaisi","pop_total":114541.3423449666,"mass_total":17311594.9392740764,"n_hex":10,"sample_h3":"872c2125affffff","log_pop":5.0589622684,"log_mass":7.2383370818},{"country_iso":"GEO","city_id":4917,"city":"Tbilisi","pop_total":608022.035927102,"mass_total":105655147.8400591463,"n_hex":48,"sample_h3":"872c2a04cffffff","log_pop":5.7839193193,"log_mass":8.0238906621},{"country_iso":"GEO","city_id":4975,"city":"Rustavi","pop_total":21646.7344726488,"mass_total":5624700.1472208081,"n_hex":6,"sample_h3":"872c2a059ffffff","log_pop":4.33539239,"log_mass":6.7500993752}]