[{"country_iso":"RWA","city_id":4087,"city":"Nyundo","pop_total":2122.4996032266,"mass_total":510469.5772061169,"n_hex":3,"sample_h3":"876adeb0cffffff","log_pop":3.3268476177,"log_mass":5.7079698643},{"country_iso":"RWA","city_id":4128,"city":"Musanze","pop_total":17691.2572848376,"mass_total":2787261.6373621845,"n_hex":6,"sample_h3":"876adc718ffffff","log_pop":4.2477586985,"log_mass":6.4451777374},{"country_iso":"RWA","city_id":4143,"city":"Huye","pop_total":4012.8212075551,"mass_total":601080.0855559768,"n_hex":3,"sample_h3":"876ad8498ffffff","log_pop":3.60344981,"log_mass":5.7789323396},{"country_iso":"RWA","city_id":4146,"city":"Muhanga","pop_total":10673.6045303943,"mass_total":1610142.3758134069,"n_hex":6,"sample_h3":"876ad8c1affffff","log_pop":4.0283111076,"log_mass":6.2068642799},{"country_iso":"RWA","city_id":4151,"city":"Ruhango","pop_total":2870.3758372139,"mass_total":410558.154501259,"n_hex":3,"sample_h3":"876ad8528ffffff","log_pop":3.4579387655,"log_mass":5.6133746825},{"country_iso":"RWA","city_id":4172,"city":"Kigali","pop_total":444893.2834346659,"mass_total":49188048.8336172104,"n_hex":52,"sample_h3":"876ad8100ffffff","log_pop":5.6482558492,"log_mass":7.6918595955},{"country_iso":"RWA","city_id":4196,"city":"Kabuga","pop_total":4494.1868227416,"mass_total":1108692.2061504335,"n_hex":6,"sample_h3":"876ad8160ffffff","log_pop":3.652651122,"log_mass":6.0448109945}]