[{"country_iso":"UZB","city_id":5879,"city":"Khujayli","pop_total":2397.4717667823,"mass_total":3428136.0039759199,"n_hex":8,"sample_h3":"872184d25ffffff","log_pop":3.3797535015,"log_mass":6.5350580433},{"country_iso":"UZB","city_id":5881,"city":"Nukus","pop_total":10741.6274931085,"mass_total":11566934.043297695,"n_hex":17,"sample_h3":"872184994ffffff","log_pop":4.0310700875,"log_mass":7.0632182592},{"country_iso":"UZB","city_id":5895,"city":"Khiva","pop_total":15348.6844194272,"mass_total":10353341.404465083,"n_hex":17,"sample_h3":"872186140ffffff","log_pop":4.1860711568,"log_mass":7.0150805352},{"country_iso":"UZB","city_id":5897,"city":"Urgench","pop_total":52900.0133600441,"mass_total":28193843.9801452458,"n_hex":17,"sample_h3":"872186a11ffffff","log_pop":4.7234557817,"log_mass":7.4501542921},{"country_iso":"UZB","city_id":5898,"city":"Beruniy","pop_total":6285.7462669345,"mass_total":7734916.2322582025,"n_hex":9,"sample_h3":"872186a40ffffff","log_pop":3.7983568461,"log_mass":6.8884556147},{"country_iso":"UZB","city_id":5899,"city":"Xonqa","pop_total":9842.946133637,"mass_total":7472273.9559732042,"n_hex":10,"sample_h3":"872186321ffffff","log_pop":3.9931251084,"log_mass":6.8734527861},{"country_iso":"UZB","city_id":5901,"city":"Turtkul","pop_total":7050.7027331981,"mass_total":8241244.9923238214,"n_hex":20,"sample_h3":"872180cb0ffffff","log_pop":3.8482324046,"log_mass":6.9159928249},{"country_iso":"UZB","city_id":5904,"city":"Hazorasp","pop_total":8792.1459865046,"mass_total":9737310.0474738926,"n_hex":13,"sample_h3":"872186201ffffff","log_pop":3.9440948906,"log_mass":6.9884389987},{"country_iso":"UZB","city_id":5954,"city":"Gijduvan","pop_total":21246.8388484656,"mass_total":23260425.2299544364,"n_hex":20,"sample_h3":"872198a20ffffff","log_pop":4.3272943239,"log_mass":7.3666176499},{"country_iso":"UZB","city_id":5956,"city":"Bukhara","pop_total":41267.6874771193,"mass_total":37926008.5805787519,"n_hex":17,"sample_h3":"872198109ffffff","log_pop":4.6156101329,"log_mass":7.578937139},{"country_iso":"UZB","city_id":5961,"city":"Navoiy","pop_total":15097.1962674795,"mass_total":24950259.5166142769,"n_hex":19,"sample_h3":"872199c01ffffff","log_pop":4.178896301,"log_mass":7.3970750672},{"country_iso":"UZB","city_id":5976,"city":"Koson","pop_total":8683.4694232894,"mass_total":10169340.0219857674,"n_hex":9,"sample_h3":"87219b1a0ffffff","log_pop":3.9386932794,"log_mass":7.0072927686},{"country_iso":"UZB","city_id":5977,"city":"Payshanba","pop_total":8983.7031067156,"mass_total":8374830.3244784921,"n_hex":11,"sample_h3":"87219962dffffff","log_pop":3.9534553909,"log_mass":6.9229760169},{"country_iso":"UZB","city_id":5979,"city":"Katta-Kurgan","pop_total":29554.4211799509,"mass_total":17899630.8837155476,"n_hex":16,"sample_h3":"872199601ffffff","log_pop":4.4706224582,"log_mass":7.2528440753},{"country_iso":"UZB","city_id":5980,"city":"Qarshi","pop_total":60743.7685043045,"mass_total":50407664.0827009752,"n_hex":42,"sample_h3":"87219b082ffffff","log_pop":4.7835017318,"log_mass":7.7024965725},{"country_iso":"UZB","city_id":5988,"city":"\u0417\u0430\u043d\u0433\u0438\u0431\u0430\u0439","pop_total":11934.6516730467,"mass_total":7944037.490005767,"n_hex":13,"sample_h3":"8720a6c44ffffff","log_pop":4.0768097481,"log_mass":6.900041285},{"country_iso":"UZB","city_id":5991,"city":"Samarkand","pop_total":184008.5304600809,"mass_total":130691438.2569581866,"n_hex":52,"sample_h3":"8720a6016ffffff","log_pop":5.264837957,"log_mass":8.1162471374},{"country_iso":"UZB","city_id":5993,"city":"Guzar","pop_total":7379.9130691603,"mass_total":6529337.0225172471,"n_hex":10,"sample_h3":"87219b681ffffff","log_pop":3.8680512461,"log_mass":6.814869086},{"country_iso":"UZB","city_id":5995,"city":"Shahrisabz","pop_total":25290.915242398,"mass_total":22462526.0660031438,"n_hex":21,"sample_h3":"8720a64a0ffffff","log_pop":4.4029645461,"log_mass":7.3514585941},{"country_iso":"UZB","city_id":5996,"city":"Gallaorol","pop_total":4554.6898412134,"mass_total":5369519.4490842354,"n_hex":10,"sample_h3":"8720a0db6ffffff","log_pop":3.6584588083,"log_mass":6.7299354198},{"country_iso":"UZB","city_id":5998,"city":"Urgut","pop_total":8202.3510180744,"mass_total":10364906.6689271163,"n_hex":8,"sample_h3":"8720a6099ffffff","log_pop":3.9139383509,"log_mass":7.0155653958},{"country_iso":"UZB","city_id":6000,"city":"Jizzax","pop_total":41430.3042486541,"mass_total":51760988.4177838266,"n_hex":27,"sample_h3":"8720a0c00ffffff","log_pop":4.6173181226,"log_mass":7.7140025609},{"country_iso":"UZB","city_id":6005,"city":"Sirdaryo","pop_total":7577.898985816,"mass_total":8348960.8273083353,"n_hex":8,"sample_h3":"8720a0b40ffffff","log_pop":3.8795488118,"log_mass":6.9216324234},{"country_iso":"UZB","city_id":6008,"city":"Tashkent","pop_total":718512.1485532265,"mass_total":353469689.5493788123,"n_hex":107,"sample_h3":"8720a1900ffffff","log_pop":5.8564341156,"log_mass":8.5483521785},{"country_iso":"UZB","city_id":6009,"city":"Yangiiul","pop_total":11929.9422017677,"mass_total":21289127.3325116709,"n_hex":13,"sample_h3":"8720a5640ffffff","log_pop":4.0766383396,"log_mass":7.3281578595},{"country_iso":"UZB","city_id":6011,"city":"Sherobod","pop_total":6103.0692961263,"mass_total":3241118.3321702546,"n_hex":8,"sample_h3":"8720b0853ffffff","log_pop":3.7855483011,"log_mass":6.5106948873},{"country_iso":"UZB","city_id":6012,"city":"Gulistan","pop_total":11351.4724051784,"mass_total":13534607.6452151723,"n_hex":10,"sample_h3":"8720a0a88ffffff","log_pop":4.0550521977,"log_mass":7.1314456705},{"country_iso":"UZB","city_id":6013,"city":"Chibintepa","pop_total":8029.1557345222,"mass_total":288831.5920278524,"n_hex":3,"sample_h3":"8720a191affffff","log_pop":3.9046698816,"log_mass":5.4606446941},{"country_iso":"UZB","city_id":6014,"city":"Chirchiq","pop_total":8907.9738333552,"mass_total":10799318.2617041189,"n_hex":14,"sample_h3":"872012414ffffff","log_pop":3.9497789326,"log_mass":7.0333963403},{"country_iso":"UZB","city_id":6022,"city":"Jarqurgon","pop_total":10674.5776862247,"mass_total":4491416.2391343173,"n_hex":8,"sample_h3":"8720b0068ffffff","log_pop":4.0283507022,"log_mass":6.6523833049},{"country_iso":"UZB","city_id":6023,"city":"Termez","pop_total":52103.2024812193,"mass_total":22504675.8049243279,"n_hex":19,"sample_h3":"8720b001bffffff","log_pop":4.7168644177,"log_mass":7.352272761},{"country_iso":"UZB","city_id":6024,"city":"Denov","pop_total":15808.5787851782,"mass_total":8485897.6914178133,"n_hex":13,"sample_h3":"8720b1900ffffff","log_pop":4.198892828,"log_mass":6.9286977915},{"country_iso":"UZB","city_id":6027,"city":"Uzun","pop_total":7218.260649754,"mass_total":3459614.0235285778,"n_hex":8,"sample_h3":"8720b1909ffffff","log_pop":3.8584325603,"log_mass":6.5390276488},{"country_iso":"UZB","city_id":6065,"city":"Kokand","pop_total":60607.7805342525,"mass_total":39194247.9371250719,"n_hex":22,"sample_h3":"8720ae808ffffff","log_pop":4.7825283804,"log_mass":7.5932223356},{"country_iso":"UZB","city_id":6066,"city":"Yaypan","pop_total":6427.2077270714,"mass_total":5877896.4105943944,"n_hex":9,"sample_h3":"8720ae88cffffff","log_pop":3.8080223365,"log_mass":6.769221928},{"country_iso":"UZB","city_id":6068,"city":"Chust","pop_total":10102.4086786644,"mass_total":11379417.3509358298,"n_hex":10,"sample_h3":"8720ac441ffffff","log_pop":4.0044249333,"log_mass":7.0561200259},{"country_iso":"UZB","city_id":6070,"city":"Kosonsoy","pop_total":17076.38257022,"mass_total":13083229.7238946501,"n_hex":14,"sample_h3":"8720ac0c9ffffff","log_pop":4.2323958759,"log_mass":7.1167149671},{"country_iso":"UZB","city_id":6072,"city":"Yangikurgan","pop_total":10677.3561016588,"mass_total":9588218.9194125645,"n_hex":15,"sample_h3":"8720aeb02ffffff","log_pop":4.0284637272,"log_mass":6.9817379413},{"country_iso":"UZB","city_id":6074,"city":"Buramatut","pop_total":5713.4597535189,"mass_total":4696379.0870992867,"n_hex":14,"sample_h3":"8720ac632ffffff","log_pop":3.7568991725,"log_mass":6.6717631455},{"country_iso":"UZB","city_id":6078,"city":"Turakurgan","pop_total":8923.8756926836,"mass_total":6798676.4330716711,"n_hex":8,"sample_h3":"8720ac604ffffff","log_pop":3.950553512,"log_mass":6.8324243724},{"country_iso":"UZB","city_id":6080,"city":"Namangan","pop_total":139524.6778485728,"mass_total":109417240.8350307643,"n_hex":48,"sample_h3":"8720a89a4ffffff","log_pop":5.1446510284,"log_mass":8.039085759},{"country_iso":"UZB","city_id":6081,"city":"Rishtan","pop_total":16838.3064105903,"mass_total":14653546.4483426251,"n_hex":12,"sample_h3":"8720ae149ffffff","log_pop":4.2262984082,"log_mass":7.1659427453},{"country_iso":"UZB","city_id":6084,"city":"Chortoq","pop_total":18425.5095116541,"mass_total":14601717.624301374,"n_hex":9,"sample_h3":"8720ac640ffffff","log_pop":4.265419506,"log_mass":7.1644039456},{"country_iso":"UZB","city_id":6087,"city":"Altiarik","pop_total":24046.9400071986,"mass_total":16592959.7661326807,"n_hex":17,"sample_h3":"8720ae320ffffff","log_pop":4.3810598199,"log_mass":7.2199238601},{"country_iso":"UZB","city_id":6090,"city":"Yozyovon","pop_total":8440.4908838908,"mass_total":6390736.2994196871,"n_hex":10,"sample_h3":"8720a8d10ffffff","log_pop":3.9263677052,"log_mass":6.8055508977},{"country_iso":"UZB","city_id":6093,"city":"Uchkurgan","pop_total":10539.6014865071,"mass_total":8362500.9284733124,"n_hex":9,"sample_h3":"8720a8824ffffff","log_pop":4.0228241901,"log_mass":6.922336179},{"country_iso":"UZB","city_id":6094,"city":"Fergana","pop_total":134489.0113014128,"mass_total":95705642.8431592435,"n_hex":42,"sample_h3":"8720a8d82ffffff","log_pop":5.1286868009,"log_mass":7.9809375447},{"country_iso":"UZB","city_id":6095,"city":"Chimyon","pop_total":9443.6686566343,"mass_total":5754334.6243037377,"n_hex":11,"sample_h3":"8720ae234ffffff","log_pop":3.9751407409,"log_mass":6.7599951132},{"country_iso":"UZB","city_id":6101,"city":"Shahrixon","pop_total":23634.1469924796,"mass_total":19245223.811270684,"n_hex":13,"sample_h3":"8720a8c44ffffff","log_pop":4.3735399323,"log_mass":7.2843229661},{"country_iso":"UZB","city_id":6104,"city":"Poytugh","pop_total":9124.0987747061,"mass_total":6615369.9253481897,"n_hex":11,"sample_h3":"8720a8124ffffff","log_pop":3.9601899782,"log_mass":6.8205541345},{"country_iso":"UZB","city_id":6105,"city":"Quva","pop_total":21857.0990335165,"mass_total":15117226.9384447876,"n_hex":17,"sample_h3":"8720a8c89ffffff","log_pop":4.33959252,"log_mass":7.1794721327},{"country_iso":"UZB","city_id":6107,"city":"Andijan","pop_total":122535.2591155968,"mass_total":88413370.6559379548,"n_hex":32,"sample_h3":"8720a8100ffffff","log_pop":5.0882610735,"log_mass":7.9465179479},{"country_iso":"UZB","city_id":6108,"city":"Asaka","pop_total":31554.032734021,"mass_total":22209487.0328578316,"n_hex":15,"sample_h3":"8720a81a0ffffff","log_pop":4.4990548717,"log_mass":7.3465385279},{"country_iso":"UZB","city_id":6111,"city":"Pakhtaobod","pop_total":13155.8287443367,"mass_total":9922293.321841469,"n_hex":9,"sample_h3":"8720a8160ffffff","log_pop":4.1191182114,"log_mass":6.9966120615},{"country_iso":"UZB","city_id":6112,"city":"Buloqboshi","pop_total":8559.1724804504,"mass_total":6367378.3097345848,"n_hex":9,"sample_h3":"8720a8010ffffff","log_pop":3.9324317782,"log_mass":6.8039606537},{"country_iso":"UZB","city_id":6128,"city":"Qorasuv","pop_total":15371.6767480747,"mass_total":11666726.677018702,"n_hex":11,"sample_h3":"8720a8312ffffff","log_pop":4.1867212431,"log_mass":7.0669490235}]