[{"country_iso":"MRT","city_id":1459,"city":"Nouadhibou","pop_total":15919.4348196329,"mass_total":2475520.0514907097,"n_hex":8,"sample_h3":"8755aa36dffffff","log_pop":4.2019276451,"log_mass":6.3936664484},{"country_iso":"MRT","city_id":1474,"city":"Nouakchott","pop_total":581450.2061177333,"mass_total":40915698.2229951099,"n_hex":37,"sample_h3":"875414802ffffff","log_pop":5.7645125288,"log_mass":7.6118899668},{"country_iso":"MRT","city_id":1478,"city":"Rosso S\u00e9n\u00e9gal","pop_total":1836.9161320686,"mass_total":1224198.4489850118,"n_hex":4,"sample_h3":"875410a41ffffff","log_pop":3.2640893282,"log_mass":6.0878518249},{"country_iso":"MRT","city_id":1499,"city":"Bogu\u00e9","pop_total":325.8896639347,"mass_total":364792.0915539565,"n_hex":2,"sample_h3":"8754028e6ffffff","log_pop":2.5130705864,"log_mass":5.5620454145},{"country_iso":"MRT","city_id":1508,"city":"Ka\u00e9di","pop_total":1755.8712017863,"mass_total":912391.4169341708,"n_hex":4,"sample_h3":"875403984ffffff","log_pop":3.244492656,"log_mass":5.9601811911}]