[{"country_iso":"MWI","city_id":4403,"city":"Mchinji","pop_total":6306.4560049693,"mass_total":435315.420630817,"n_hex":3,"sample_h3":"879632983ffffff","log_pop":3.7997853704,"log_mass":5.6388040519},{"country_iso":"MWI","city_id":4490,"city":"Likuni","pop_total":70395.2257725766,"mass_total":3398793.3260838846,"n_hex":9,"sample_h3":"879636486ffffff","log_pop":4.8475432061,"log_mass":6.5313247568},{"country_iso":"MWI","city_id":4495,"city":"Lilongwe","pop_total":480427.404194386,"mass_total":40199079.7958021089,"n_hex":36,"sample_h3":"879636490ffffff","log_pop":5.6816277722,"log_mass":7.6042161117},{"country_iso":"MWI","city_id":4526,"city":"Mzuzu","pop_total":66422.1734535005,"mass_total":5207655.0364343179,"n_hex":11,"sample_h3":"87978b030ffffff","log_pop":4.8223130824,"log_mass":6.7166422081},{"country_iso":"MWI","city_id":4558,"city":"Blantyre","pop_total":268526.3740742158,"mass_total":16105882.6485807672,"n_hex":22,"sample_h3":"8797a8121ffffff","log_pop":5.4289869476,"log_mass":7.2069845304},{"country_iso":"MWI","city_id":4562,"city":"Limbe","pop_total":166881.9473831672,"mass_total":14699197.7303057201,"n_hex":18,"sample_h3":"8797a881affffff","log_pop":5.222409359,"log_mass":7.167293632},{"country_iso":"MWI","city_id":4589,"city":"Zomba","pop_total":18050.4714155875,"mass_total":976571.3055518153,"n_hex":7,"sample_h3":"8797a8562ffffff","log_pop":4.2564885487,"log_mass":5.9897039593},{"country_iso":"MWI","city_id":4592,"city":"Mangochi","pop_total":11590.5100220119,"mass_total":1342190.8888237681,"n_hex":5,"sample_h3":"8797aa301ffffff","log_pop":4.0641025468,"log_mass":6.1278142864}]