[{"country_iso":"BIH","city_id":3121,"city":"Banja Luka","pop_total":29881.1337508491,"mass_total":20297511.8207264766,"n_hex":18,"sample_h3":"871ead280ffffff","log_pop":4.4753970715,"log_mass":7.307442803},{"country_iso":"BIH","city_id":3170,"city":"Zenica","pop_total":14099.393088007,"mass_total":10641497.9236049093,"n_hex":12,"sample_h3":"871ea9300ffffff","log_pop":4.1492004187,"log_mass":7.0270027646},{"country_iso":"BIH","city_id":3174,"city":"Mostar","pop_total":9356.9836098138,"mass_total":11439683.3746339567,"n_hex":10,"sample_h3":"871ef6c01ffffff","log_pop":3.9711358687,"log_mass":7.0584140043},{"country_iso":"BIH","city_id":3196,"city":"Sarajevo","pop_total":134692.7005239045,"mass_total":44322985.0050528795,"n_hex":29,"sample_h3":"871ea92c8ffffff","log_pop":5.1293440604,"log_mass":7.646629001},{"country_iso":"BIH","city_id":3206,"city":"Tuzla","pop_total":11187.7080115599,"mass_total":9414068.4057039209,"n_hex":12,"sample_h3":"871e1a6c9ffffff","log_pop":4.0487411232,"log_mass":6.9737773497}]