[{"country_iso": "DOM", "city_id": 797, "city": "Santiago de los Caballeros", "pop_total": 332381.318382093, "mass_total": 54261502.4774655, "log_pop": 5.521637, "log_mass": 7.734492, "lat": 19.4583964776911, "lon": -70.6807030160475}, {"country_iso": "DOM", "city_id": 801, "city": "Puerto Plata", "pop_total": 54157.3108155026, "mass_total": 10003427.5023818, "log_pop": 4.733657, "log_mass": 7.000149, "lat": 19.7920542591032, "lon": -70.693655190413}, {"country_iso": "DOM", "city_id": 813, "city": "San Crist\u00f3bal", "pop_total": 53522.4508241597, "mass_total": 8993419.17063528, "log_pop": 4.728536, "log_mass": 6.953925, "lat": 18.4162039254948, "lon": -70.1208066971641}, {"country_iso": "DOM", "city_id": 815, "city": "San Francisco de Macoris", "pop_total": 52126.4021251155, "mass_total": 8641515.62351404, "log_pop": 4.717058, "log_mass": 6.93659, "lat": 19.29733258349, "lon": -70.2624880605382}, {"country_iso": "DOM", "city_id": 816, "city": "Santo Domingo", "pop_total": 2303927.3525469, "mass_total": 220029642.504052, "log_pop": 6.362469, "log_mass": 8.342481, "lat": 18.4948505370905, "lon": -69.9013277105167}, {"country_iso": "DOM", "city_id": 830, "city": "San Pedro de Macor\u00eds", "pop_total": 96616.6286870059, "mass_total": 12683230.3945463, "log_pop": 4.985052, "log_mass": 7.10323, "lat": 18.463653674533, "lon": -69.3005795302515}, {"country_iso": "DOM", "city_id": 839, "city": "La Romana", "pop_total": 98568.1325507912, "mass_total": 13780451.0936244, "log_pop": 4.993737, "log_mass": 7.139263, "lat": 18.4293322671593, "lon": -68.9886710796127}, {"country_iso": "DOM", "city_id": 851, "city": "Hig\u00fcey", "pop_total": 68737.1863440196, "mass_total": 8140568.96023717, "log_pop": 4.837192, "log_mass": 6.910655, "lat": 18.6161960765213, "lon": -68.7162042392423}]