[{"country_iso":"BDI","city_id":4043,"city":"Rugombo","pop_total":3327.3422064781,"mass_total":946881.103731327,"n_hex":5,"sample_h3":"876adad01ffffff","log_pop":3.522097469,"log_mass":5.9762954497},{"country_iso":"BDI","city_id":4044,"city":"Mugina","pop_total":342.8743600434,"mass_total":99016.9503136689,"n_hex":2,"sample_h3":"876adad2cffffff","log_pop":2.53513501,"log_mass":4.9957095461},{"country_iso":"BDI","city_id":4053,"city":"Buganda","pop_total":1417.3991750867,"mass_total":537310.9218862276,"n_hex":3,"sample_h3":"876adac08ffffff","log_pop":3.1514921757,"log_mass":5.7302256685},{"country_iso":"BDI","city_id":4057,"city":"Murwi","pop_total":73.8846993446,"mass_total":39019.6464728283,"n_hex":1,"sample_h3":"876adad5effffff","log_pop":1.8685545104,"log_mass":4.5912833303},{"country_iso":"BDI","city_id":4063,"city":"Gatumba","pop_total":5555.0708684248,"mass_total":1794917.1469885858,"n_hex":5,"sample_h3":"876ada428ffffff","log_pop":3.7446896038,"log_mass":6.2540444064},{"country_iso":"BDI","city_id":4078,"city":"Bujumbura","pop_total":450854.1202394523,"mass_total":35476402.4852493256,"n_hex":29,"sample_h3":"876ada092ffffff","log_pop":5.6540360429,"log_mass":7.5499395734},{"country_iso":"BDI","city_id":4082,"city":"Buyenzi","pop_total":705.2321226681,"mass_total":186809.8096269276,"n_hex":2,"sample_h3":"8796d6498ffffff","log_pop":2.8483320858,"log_mass":5.2713996779},{"country_iso":"BDI","city_id":4091,"city":"Bubanza","pop_total":956.0304078046,"mass_total":169812.1013139853,"n_hex":4,"sample_h3":"876ada185ffffff","log_pop":2.9804717058,"log_mass":5.2299686361},{"country_iso":"BDI","city_id":4096,"city":"Rumonge","pop_total":11004.5053187688,"mass_total":1603765.7099971822,"n_hex":3,"sample_h3":"87968b24cffffff","log_pop":4.0415705247,"log_mass":6.2051409236},{"country_iso":"BDI","city_id":4101,"city":"Musigati","pop_total":234.7785494636,"mass_total":47338.86140932,"n_hex":3,"sample_h3":"876ada034ffffff","log_pop":2.3706584151,"log_mass":4.6752178081},{"country_iso":"BDI","city_id":4102,"city":"Nyabiraba","pop_total":55.052946805,"mass_total":14563.8752339837,"n_hex":1,"sample_h3":"876ada712ffffff","log_pop":1.7407805703,"log_mass":4.1632769498},{"country_iso":"BDI","city_id":4105,"city":"Isare","pop_total":525.3354314617,"mass_total":86044.0263591236,"n_hex":3,"sample_h3":"876ada09bffffff","log_pop":2.720436693,"log_mass":4.9347207246},{"country_iso":"BDI","city_id":4118,"city":"Nyanza Lac","pop_total":1605.2362049626,"mass_total":616572.371875972,"n_hex":4,"sample_h3":"87968ba50ffffff","log_pop":3.2055389464,"log_mass":5.7899840604},{"country_iso":"BDI","city_id":4123,"city":"Bururi","pop_total":295.0769530016,"mass_total":124514.4988374534,"n_hex":3,"sample_h3":"87968b208ffffff","log_pop":2.4699352902,"log_mass":5.0952199249},{"country_iso":"BDI","city_id":4124,"city":"Muramvya","pop_total":892.6455621719,"mass_total":132096.341062304,"n_hex":2,"sample_h3":"876ada0c0ffffff","log_pop":2.9506790502,"log_mass":5.1208907883},{"country_iso":"BDI","city_id":4126,"city":"Kayanza","pop_total":5665.2744419173,"mass_total":765608.4200595228,"n_hex":4,"sample_h3":"876ada160ffffff","log_pop":3.7532209532,"log_mass":5.8840067011},{"country_iso":"BDI","city_id":4129,"city":"Bukeye","pop_total":464.8733360029,"mass_total":93828.1753825393,"n_hex":3,"sample_h3":"876ada052ffffff","log_pop":2.6673346368,"log_mass":4.972333271},{"country_iso":"BDI","city_id":4138,"city":"Mwaro","pop_total":248.2001310947,"mass_total":83620.9248122252,"n_hex":2,"sample_h3":"876ada670ffffff","log_pop":2.3948020065,"log_mass":4.9223149664},{"country_iso":"BDI","city_id":4147,"city":"Makamba","pop_total":1835.1510466557,"mass_total":467327.7739016908,"n_hex":3,"sample_h3":"87968b330ffffff","log_pop":3.2636718157,"log_mass":5.6696215925},{"country_iso":"BDI","city_id":4152,"city":"Ngozi","pop_total":12897.209235412,"mass_total":1029307.2914462584,"n_hex":6,"sample_h3":"876adaa10ffffff","log_pop":4.1104957456,"log_mass":6.0125450493},{"country_iso":"BDI","city_id":4153,"city":"Ntabandwa","pop_total":64.3802309036,"mass_total":26731.2702873887,"n_hex":1,"sample_h3":"876ada314ffffff","log_pop":1.80875253,"log_mass":4.4270195972},{"country_iso":"BDI","city_id":4160,"city":"Gashikanwa","pop_total":42.5288486481,"mass_total":15890.1712930582,"n_hex":1,"sample_h3":"876adaa18ffffff","log_pop":1.6286836255,"log_mass":4.2011285788},{"country_iso":"BDI","city_id":4161,"city":"Buraza","pop_total":17.3339195251,"mass_total":13992.2732575798,"n_hex":1,"sample_h3":"87968b675ffffff","log_pop":1.238896776,"log_mass":4.145888278},{"country_iso":"BDI","city_id":4163,"city":"Gitega","pop_total":22889.2607943984,"mass_total":2871011.2298625559,"n_hex":6,"sample_h3":"876ada288ffffff","log_pop":4.3596317674,"log_mass":6.4580348912},{"country_iso":"BDI","city_id":4165,"city":"Kayogoro","pop_total":1433.4443103024,"mass_total":367384.7315550798,"n_hex":3,"sample_h3":"87968b046ffffff","log_pop":3.1563808252,"log_mass":5.5651211031},{"country_iso":"BDI","city_id":4168,"city":"Rutana","pop_total":796.1712131276,"mass_total":185384.4440038226,"n_hex":3,"sample_h3":"87968b0d8ffffff","log_pop":2.9010064709,"log_mass":5.2680732888},{"country_iso":"BDI","city_id":4169,"city":"Mutoyi","pop_total":110.2345542908,"mass_total":54538.4588344341,"n_hex":3,"sample_h3":"876ada221ffffff","log_pop":2.0423177505,"log_mass":4.7367028613},{"country_iso":"BDI","city_id":4173,"city":"Ntega","pop_total":138.3267612457,"mass_total":44301.9223788706,"n_hex":1,"sample_h3":"876ad8796ffffff","log_pop":2.1409062086,"log_mass":4.6464225718},{"country_iso":"BDI","city_id":4174,"city":"Nyabibuye","pop_total":85.7771508535,"mass_total":53171.6836848707,"n_hex":1,"sample_h3":"876ada2e4ffffff","log_pop":1.9333716168,"log_mass":4.7256804125},{"country_iso":"BDI","city_id":4180,"city":"Musenyi","pop_total":88.5645170212,"mass_total":33597.3122730056,"n_hex":2,"sample_h3":"876adaae9ffffff","log_pop":1.9472597586,"log_mass":4.526304536},{"country_iso":"BDI","city_id":4183,"city":"Bugenyuzi","pop_total":66.2851404564,"mass_total":23421.065606706,"n_hex":3,"sample_h3":"876ada361ffffff","log_pop":1.8214161809,"log_mass":4.3696066506},{"country_iso":"BDI","city_id":4186,"city":"Kirundo","pop_total":1851.5492741491,"mass_total":250459.740849929,"n_hex":3,"sample_h3":"876ad8781ffffff","log_pop":3.2675352742,"log_mass":5.3987379269},{"country_iso":"BDI","city_id":4187,"city":"Vumbi","pop_total":191.6554143793,"mass_total":53513.7395061326,"n_hex":1,"sample_h3":"876ad86b5ffffff","log_pop":2.2825210928,"log_mass":4.7284653003},{"country_iso":"BDI","city_id":4188,"city":"Muyange-Gasoho","pop_total":654.5271221441,"mass_total":179145.4702641,"n_hex":3,"sample_h3":"876adaa68ffffff","log_pop":2.8159276475,"log_mass":5.2532058314},{"country_iso":"BDI","city_id":4194,"city":"Marembo","pop_total":445.1294466767,"mass_total":180320.8498741842,"n_hex":8,"sample_h3":"876ad8701ffffff","log_pop":2.6484863251,"log_mass":5.2560459456},{"country_iso":"BDI","city_id":4201,"city":"Ruyigi","pop_total":2262.9270174905,"mass_total":455506.4831494763,"n_hex":3,"sample_h3":"876adb588ffffff","log_pop":3.3546705476,"log_mass":5.6584945626},{"country_iso":"BDI","city_id":4211,"city":"Butihinda","pop_total":181.0437018451,"mass_total":119655.6035136622,"n_hex":4,"sample_h3":"876ad86c0ffffff","log_pop":2.2577834212,"log_mass":5.0779330416},{"country_iso":"BDI","city_id":4212,"city":"Muyinga","pop_total":5930.6541166306,"mass_total":844668.2896854586,"n_hex":4,"sample_h3":"876adbd62ffffff","log_pop":3.7731025962,"log_mass":5.9266861903},{"country_iso":"BDI","city_id":4221,"city":"Kabogo","pop_total":235.704473503,"mass_total":31601.5461528413,"n_hex":2,"sample_h3":"876ad8641ffffff","log_pop":2.3723678252,"log_mass":4.4997083316},{"country_iso":"BDI","city_id":4224,"city":"Giteranyi","pop_total":42.0659646988,"mass_total":16913.0297724522,"n_hex":1,"sample_h3":"876ad8293ffffff","log_pop":1.623930853,"log_mass":4.2282214134},{"country_iso":"BDI","city_id":4226,"city":"Gisuru","pop_total":804.0079007411,"mass_total":219682.801062798,"n_hex":3,"sample_h3":"876adb446ffffff","log_pop":2.9052603164,"log_mass":5.3417960574},{"country_iso":"BDI","city_id":4228,"city":"Gatoke","pop_total":32.5014829598,"mass_total":10860.3027331492,"n_hex":1,"sample_h3":"876ad82a3ffffff","log_pop":1.5119031772,"log_mass":4.0358419315},{"country_iso":"BDI","city_id":4235,"city":"Cankuzo","pop_total":1014.5212780569,"mass_total":255254.1514479542,"n_hex":3,"sample_h3":"876adb198ffffff","log_pop":3.0062611601,"log_mass":5.4069728142}]