[{"country_iso":"ARM","city_id":4844,"city":"Gyumri","pop_total":57686.7385329705,"mass_total":17155365.5625783019,"n_hex":11,"sample_h3":"872c05029ffffff","log_pop":4.7610759857,"log_mass":7.2343999768},{"country_iso":"ARM","city_id":4932,"city":"Vanadzor","pop_total":12058.9970519758,"mass_total":3487403.8709158963,"n_hex":7,"sample_h3":"872c052c2ffffff","log_pop":4.081311189,"log_mass":6.5425022453},{"country_iso":"ARM","city_id":4980,"city":"Yerevan","pop_total":701626.6368732863,"mass_total":133904186.7854997218,"n_hex":55,"sample_h3":"872c00a43ffffff","log_pop":5.8461060684,"log_mass":8.1267941563}]