[{"country_iso":"TCD","city_id":3136,"city":"\u0628\u0627\u063a\u0627 \u0633\u0648\u0644\u0627 Baga-Sola","pop_total":74.652768186,"mass_total":703850.8371010657,"n_hex":3,"sample_h3":"875843d12ffffff","log_pop":1.8730459164,"log_mass":5.8474806315},{"country_iso":"TCD","city_id":3142,"city":"Lere","pop_total":129.5941524964,"mass_total":348731.1555271191,"n_hex":3,"sample_h3":"8758e9321ffffff","log_pop":2.1125854059,"log_mass":5.5424907488},{"country_iso":"TCD","city_id":3163,"city":"Bol","pop_total":137.3999413883,"mass_total":899754.0577826616,"n_hex":3,"sample_h3":"875843132ffffff","log_pop":2.1379865475,"log_mass":5.9541238139},{"country_iso":"TCD","city_id":3186,"city":"N'Djamena","pop_total":375107.4397305923,"mass_total":66533880.2926045358,"n_hex":52,"sample_h3":"87585d406ffffff","log_pop":5.5741556779,"log_mass":7.8230428525},{"country_iso":"TCD","city_id":3187,"city":"Pala","pop_total":17.8306487799,"mass_total":104201.739286926,"n_hex":1,"sample_h3":"876bb446bffffff","log_pop":1.2511671456,"log_mass":5.0178749681},{"country_iso":"TCD","city_id":3199,"city":"\u0641\u064a\u0627\u0646\u0643\u0627 Fianga","pop_total":47.0985450745,"mass_total":121853.9784007268,"n_hex":1,"sample_h3":"876bb4ba0ffffff","log_pop":1.6730074915,"log_mass":5.085839713},{"country_iso":"TCD","city_id":3203,"city":"Mao","pop_total":3.1023291349,"mass_total":17787.3541987072,"n_hex":1,"sample_h3":"8758410b3ffffff","log_pop":0.4916878715,"log_mass":4.2501113532},{"country_iso":"TCD","city_id":3212,"city":"Bongor","pop_total":179.1124776887,"mass_total":310671.712920992,"n_hex":3,"sample_h3":"87585b444ffffff","log_pop":2.2531258416,"log_mass":5.492301712},{"country_iso":"TCD","city_id":3220,"city":"Gu\u00e9lendeng","pop_total":38.0900999036,"mass_total":160399.892481693,"n_hex":2,"sample_h3":"87585b870ffffff","log_pop":1.5808121117,"log_mass":5.2052040728},{"country_iso":"TCD","city_id":3228,"city":"Massakory","pop_total":29.1832757356,"mass_total":74245.2085720295,"n_hex":3,"sample_h3":"87584e418ffffff","log_pop":1.4651340386,"log_mass":4.8706684316},{"country_iso":"TCD","city_id":3232,"city":"\u062f\u0648\u0631\u0628\u0627\u0644\u064a Dourbali","pop_total":20.4962148278,"mass_total":294542.8139288581,"n_hex":3,"sample_h3":"87585998affffff","log_pop":1.3116736644,"log_mass":5.4691484316},{"country_iso":"TCD","city_id":3233,"city":"\u0643\u064a\u0644\u0648 Kelo","pop_total":68.4852530956,"mass_total":583537.2146905351,"n_hex":2,"sample_h3":"876bb5402ffffff","log_pop":1.8355970651,"log_mass":5.7660685581},{"country_iso":"TCD","city_id":3237,"city":"Blassari","pop_total":1.8566125035,"mass_total":9686.9148033935,"n_hex":1,"sample_h3":"87584e172ffffff","log_pop":0.2687212709,"log_mass":3.9861854801},{"country_iso":"TCD","city_id":3245,"city":"Moundou","pop_total":5218.8506850766,"mass_total":7030518.9313653149,"n_hex":9,"sample_h3":"876bb0209ffffff","log_pop":3.7175748716,"log_mass":6.846987382},{"country_iso":"TCD","city_id":3257,"city":"La\u00ef","pop_total":11.0688131435,"mass_total":35546.917814308,"n_hex":2,"sample_h3":"876bb5392ffffff","log_pop":1.044101056,"log_mass":4.5508019501},{"country_iso":"TCD","city_id":3278,"city":"Gore","pop_total":81.8836810678,"mass_total":357827.2393008762,"n_hex":3,"sample_h3":"876b86db0ffffff","log_pop":1.9131973581,"log_mass":5.5536733978},{"country_iso":"TCD","city_id":3283,"city":"Bayandet","pop_total":325.1392088523,"mass_total":1131396.8496344583,"n_hex":5,"sample_h3":"876bb10c0ffffff","log_pop":2.5120693446,"log_mass":6.0536149651},{"country_iso":"TCD","city_id":3284,"city":"Doba","pop_total":1672.918716541,"mass_total":2977586.7679010462,"n_hex":6,"sample_h3":"876bb1040ffffff","log_pop":3.2234748401,"log_mass":6.4738644258},{"country_iso":"TCD","city_id":3291,"city":"Bokoro","pop_total":85.8930440886,"mass_total":516348.3774610347,"n_hex":2,"sample_h3":"87584a370ffffff","log_pop":1.9339579946,"log_mass":5.7129428167},{"country_iso":"TCD","city_id":3306,"city":"Kokanti","pop_total":14.5759773254,"mass_total":39983.6638961109,"n_hex":2,"sample_h3":"876b8692affffff","log_pop":1.163637684,"log_mass":4.6018825881},{"country_iso":"TCD","city_id":3308,"city":"\u0628\u064a\u062c\u0648\u0646\u062f\u0648 Bedjomo","pop_total":20.5595046988,"mass_total":74761.5210397496,"n_hex":2,"sample_h3":"876bb1343ffffff","log_pop":1.3130126478,"log_mass":4.8736781286},{"country_iso":"TCD","city_id":3317,"city":"Yao","pop_total":15.0700135827,"mass_total":84401.863916341,"n_hex":1,"sample_h3":"87584b916ffffff","log_pop":1.1781136437,"log_mass":4.9263520376},{"country_iso":"TCD","city_id":3322,"city":"Koumra","pop_total":190.6117497274,"mass_total":1000072.5256244719,"n_hex":5,"sample_h3":"876b84d41ffffff","log_pop":2.280149668,"log_mass":6.0000314963},{"country_iso":"TCD","city_id":3330,"city":"\u0645\u0648\u064a\u0633\u0627\u0644\u0627 Mo\u00efssala","pop_total":60.3814052343,"mass_total":273603.0100400347,"n_hex":3,"sample_h3":"876b84710ffffff","log_pop":1.780903216,"log_mass":5.437120871},{"country_iso":"TCD","city_id":3341,"city":"\u0646\u064a\u062a\u0643\u062a\u0646 Bitkine","pop_total":55.1370252238,"mass_total":401574.6368485318,"n_hex":3,"sample_h3":"876ba5921ffffff","log_pop":1.7414433312,"log_mass":5.6037662753},{"country_iso":"TCD","city_id":3345,"city":"Ati","pop_total":80.044521872,"mass_total":303491.0088342804,"n_hex":3,"sample_h3":"875849013ffffff","log_pop":1.9033316148,"log_mass":5.4821458293},{"country_iso":"TCD","city_id":3352,"city":"Sarh","pop_total":414.6669518363,"mass_total":1666086.4057186921,"n_hex":6,"sample_h3":"876ba3614ffffff","log_pop":2.6176994243,"log_mass":6.2216975208},{"country_iso":"TCD","city_id":3360,"city":"Danamadji","pop_total":26.5203512304,"mass_total":102414.241068359,"n_hex":2,"sample_h3":"876b85c00ffffff","log_pop":1.4235792715,"log_mass":5.010360351},{"country_iso":"TCD","city_id":3361,"city":"Mongo","pop_total":75.2006709669,"mass_total":411380.3865623271,"n_hex":3,"sample_h3":"876b16540ffffff","log_pop":1.8762217155,"log_mass":5.6142435819},{"country_iso":"TCD","city_id":3368,"city":"Moyenne Sido","pop_total":34.8816639197,"mass_total":180490.4077816044,"n_hex":2,"sample_h3":"876b854c1ffffff","log_pop":1.5425971934,"log_mass":5.2564541261},{"country_iso":"TCD","city_id":3372,"city":"\u0643\u064a\u0627\u0628\u064a Kyab\u00e9","pop_total":5.9645201564,"mass_total":63048.8660293286,"n_hex":2,"sample_h3":"876ba3261ffffff","log_pop":0.7755755106,"log_mass":4.7996772799},{"country_iso":"TCD","city_id":3390,"city":"Umm Hajar","pop_total":63.4511948293,"mass_total":220990.6658279077,"n_hex":3,"sample_h3":"876b14044ffffff","log_pop":1.8024398046,"log_mass":5.3443739304},{"country_iso":"TCD","city_id":3412,"city":"Am Timan","pop_total":12.6413904791,"mass_total":99431.9365569509,"n_hex":2,"sample_h3":"876b13410ffffff","log_pop":1.1017948464,"log_mass":4.9975258979},{"country_iso":"TCD","city_id":3422,"city":"Ab\u00e9ch\u00e9","pop_total":627.8641068613,"mass_total":1731298.536248565,"n_hex":6,"sample_h3":"876b064a2ffffff","log_pop":2.7978656564,"log_mass":6.2383719618},{"country_iso":"TCD","city_id":3446,"city":"Goz Be\u00efda","pop_total":2.1168121099,"mass_total":27957.7454534503,"n_hex":1,"sample_h3":"876b11051ffffff","log_pop":0.3256823114,"log_mass":4.4465021465},{"country_iso":"TCD","city_id":3471,"city":"\u0623\u062f\u0631\u064a Adr\u00e9","pop_total":64.8983931541,"mass_total":62687.2485459262,"n_hex":1,"sample_h3":"876b02a06ffffff","log_pop":1.8122339441,"log_mass":4.7971792083}]