[{"country_iso":"USA","city_id":1,"city":"Honolulu","pop_total":396122.0965534656,"mass_total":72249570.8721146584,"n_hex":50,"sample_h3":"8746482caffffff","log_pop":5.597829069,"log_mass":7.8588352719},{"country_iso":"USA","city_id":3,"city":"Santa Maria","pop_total":102022.0820812535,"mass_total":30865314.1657048836,"n_hex":20,"sample_h3":"872913686ffffff","log_pop":5.0086941824,"log_mass":7.4894707018},{"country_iso":"USA","city_id":4,"city":"Monterey","pop_total":52816.0677425346,"mass_total":18506357.0167274959,"n_hex":16,"sample_h3":"872834d21ffffff","log_pop":4.722766064,"log_mass":7.2673209361},{"country_iso":"USA","city_id":5,"city":"Santa Barbara","pop_total":92927.5503166051,"mass_total":29943737.4269151129,"n_hex":21,"sample_h3":"872912648ffffff","log_pop":4.9681444888,"log_mass":7.4763060058},{"country_iso":"USA","city_id":6,"city":"Santa Cruz","pop_total":82621.1227100414,"mass_total":27318830.231419757,"n_hex":21,"sample_h3":"872834110ffffff","log_pop":4.9170910922,"log_mass":7.4364620993},{"country_iso":"USA","city_id":7,"city":"Salinas","pop_total":125673.4344667119,"mass_total":31511719.0351894684,"n_hex":18,"sample_h3":"872834d10ffffff","log_pop":5.0992434839,"log_mass":7.4984720956},{"country_iso":"USA","city_id":8,"city":"Oxnard","pop_total":251663.9543311583,"mass_total":71783010.3927241117,"n_hex":36,"sample_h3":"8729124c1ffffff","log_pop":5.4008210163,"log_mass":7.8560216676},{"country_iso":"USA","city_id":9,"city":"Watsonville","pop_total":45455.267332906,"mass_total":10473216.5901200585,"n_hex":11,"sample_h3":"872834c1bffffff","log_pop":4.6575842163,"log_mass":7.020080085},{"country_iso":"USA","city_id":10,"city":"San Jose","pop_total":3903375.3334863693,"mass_total":1152132222.6148476601,"n_hex":410,"sample_h3":"872830121ffffff","log_pop":6.5914403134,"log_mass":9.0615023231},{"country_iso":"USA","city_id":11,"city":"Camarillo","pop_total":54027.2097788141,"mass_total":22372446.8989097811,"n_hex":15,"sample_h3":"8729124daffffff","log_pop":4.7326125391,"log_mass":7.349713486},{"country_iso":"USA","city_id":12,"city":"Thousand Oaks","pop_total":117829.8613887433,"mass_total":53247947.4372266904,"n_hex":37,"sample_h3":"872912499ffffff","log_pop":5.0712553668,"log_mass":7.7263028716},{"country_iso":"USA","city_id":13,"city":"San Rafael","pop_total":76777.6410840078,"mass_total":28598637.0820765756,"n_hex":26,"sample_h3":"872830858ffffff","log_pop":4.8852347647,"log_mass":7.4563453366},{"country_iso":"USA","city_id":14,"city":"Los Angeles","pop_total":12022201.9663471878,"mass_total":3688386493.8990030289,"n_hex":1134,"sample_h3":"8729a0008ffffff","log_pop":7.0799840196,"log_mass":9.5668364231},{"country_iso":"USA","city_id":15,"city":"Petaluma","pop_total":45860.7487817088,"mass_total":18855775.5531552546,"n_hex":12,"sample_h3":"872830325ffffff","log_pop":4.6614411413,"log_mass":7.2754444},{"country_iso":"USA","city_id":16,"city":"Simi Valley","pop_total":90075.0972369222,"mass_total":31316425.5646696985,"n_hex":19,"sample_h3":"8729a1859ffffff","log_pop":4.9546047396,"log_mass":7.4957721861},{"country_iso":"USA","city_id":17,"city":"Santa Rosa","pop_total":134158.7271102614,"mass_total":47996908.4137165323,"n_hex":28,"sample_h3":"872830228ffffff","log_pop":5.1276189291,"log_mass":7.6812132644},{"country_iso":"USA","city_id":18,"city":"Concord","pop_total":533975.8382320747,"mass_total":229223549.167609632,"n_hex":129,"sample_h3":"872830020ffffff","log_pop":5.7275216062,"log_mass":8.3602592326},{"country_iso":"USA","city_id":21,"city":"Tijuana","pop_total":3296801.01401636,"mass_total":876538484.2191329002,"n_hex":383,"sample_h3":"8729a4000ffffff","log_pop":6.5180927351,"log_mass":8.9427709884},{"country_iso":"USA","city_id":22,"city":"Livermore","pop_total":61463.9849618852,"mass_total":29896346.8422844857,"n_hex":20,"sample_h3":"872830d22ffffff","log_pop":4.7886207139,"log_mass":7.4756181233},{"country_iso":"USA","city_id":24,"city":"Santa Clarita","pop_total":156358.2799170046,"mass_total":55575371.5225525126,"n_hex":37,"sample_h3":"8729a1020ffffff","log_pop":5.1941208842,"log_mass":7.7448823746},{"country_iso":"USA","city_id":25,"city":"Napa","pop_total":62183.3498645095,"mass_total":21843773.0228947215,"n_hex":15,"sample_h3":"872830050ffffff","log_pop":4.7936741141,"log_mass":7.3393276552},{"country_iso":"USA","city_id":26,"city":"Antioch","pop_total":219639.528384089,"mass_total":82658140.302231282,"n_hex":45,"sample_h3":"872830c10ffffff","log_pop":5.3417105025,"log_mass":7.91728563},{"country_iso":"USA","city_id":27,"city":"Fairfield","pop_total":78157.2079843432,"mass_total":26249134.8645393476,"n_hex":16,"sample_h3":"872830080ffffff","log_pop":4.8929690367,"log_mass":7.4191149942},{"country_iso":"USA","city_id":28,"city":"Tracy","pop_total":77342.0845785986,"mass_total":27974843.5812486932,"n_hex":16,"sample_h3":"872836a1affffff","log_pop":4.8884158733,"log_mass":7.4467676669},{"country_iso":"USA","city_id":29,"city":"Bakersfield","pop_total":436517.7830184948,"mass_total":168247906.7573027909,"n_hex":78,"sample_h3":"8729ac489ffffff","log_pop":5.6400019408,"log_mass":8.2259496697},{"country_iso":"USA","city_id":30,"city":"Vacaville","pop_total":64531.0147985527,"mass_total":22655671.8455590606,"n_hex":13,"sample_h3":"872830091ffffff","log_pop":4.8097684948,"log_mass":7.3551769455},{"country_iso":"USA","city_id":32,"city":"Palmdale","pop_total":222859.4790895231,"mass_total":73035179.2291259021,"n_hex":49,"sample_h3":"8729a1090ffffff","log_pop":5.3480311111,"log_mass":7.8635320994},{"country_iso":"USA","city_id":33,"city":"Manteca","pop_total":52169.9787205626,"mass_total":19782165.1099181026,"n_hex":12,"sample_h3":"87283604cffffff","log_pop":4.7174206596,"log_mass":7.2962738223},{"country_iso":"USA","city_id":34,"city":"Stockton","pop_total":307029.2061763439,"mass_total":117986984.5985489935,"n_hex":47,"sample_h3":"872836200ffffff","log_pop":5.4871796897,"log_mass":8.071834102},{"country_iso":"USA","city_id":35,"city":"Modesto","pop_total":252399.0026319337,"mass_total":95156339.3223538399,"n_hex":42,"sample_h3":"872836004ffffff","log_pop":5.4020876344,"log_mass":7.9784377263},{"country_iso":"USA","city_id":36,"city":"Turlock","pop_total":56293.6010826221,"mass_total":20080975.3439148217,"n_hex":13,"sample_h3":"872836130ffffff","log_pop":4.7504590312,"log_mass":7.3027848029},{"country_iso":"USA","city_id":37,"city":"Temecula","pop_total":178649.9119645789,"mass_total":60121185.5764174983,"n_hex":36,"sample_h3":"8729a08a0ffffff","log_pop":5.2520028065,"log_mass":7.7790275362},{"country_iso":"USA","city_id":38,"city":"Hanford","pop_total":41752.2397072565,"mass_total":14507144.6834453158,"n_hex":9,"sample_h3":"8729a80c2ffffff","log_pop":4.6206797772,"log_mass":7.1615819424},{"country_iso":"USA","city_id":39,"city":"Merced","pop_total":65163.2012848135,"mass_total":21838663.648943983,"n_hex":14,"sample_h3":"872836d10ffffff","log_pop":4.8140024118,"log_mass":7.3392260595},{"country_iso":"USA","city_id":40,"city":"Davis","pop_total":59580.8404203103,"mass_total":17108451.527491089,"n_hex":11,"sample_h3":"8728304cbffffff","log_pop":4.7751066249,"log_mass":7.2332107037},{"country_iso":"USA","city_id":41,"city":"Perris","pop_total":45394.7143947998,"mass_total":7956432.4555701734,"n_hex":11,"sample_h3":"8729a0100ffffff","log_pop":4.657005288,"log_mass":6.9007183803},{"country_iso":"USA","city_id":42,"city":"Lodi","pop_total":59588.5626867714,"mass_total":20179145.2112031244,"n_hex":14,"sample_h3":"87283621affffff","log_pop":4.7751629101,"log_mass":7.3049027656},{"country_iso":"USA","city_id":44,"city":"Madera","pop_total":51821.1821430934,"mass_total":13883649.7108826153,"n_hex":12,"sample_h3":"8729ab842ffffff","log_pop":4.7145073159,"log_mass":7.1425036477},{"country_iso":"USA","city_id":45,"city":"Moreno Valley","pop_total":152162.4716413812,"mass_total":33817039.5105896592,"n_hex":21,"sample_h3":"8729a0000ffffff","log_pop":5.1823075541,"log_mass":7.5291355849},{"country_iso":"USA","city_id":46,"city":"Fresno","pop_total":544121.6925483964,"mass_total":221209329.1515690088,"n_hex":88,"sample_h3":"8729a864affffff","log_pop":5.7356960403,"log_mass":8.3448034387},{"country_iso":"USA","city_id":47,"city":"Woodland","pop_total":42950.8031792858,"mass_total":17237403.1481984332,"n_hex":11,"sample_h3":"872830690ffffff","log_pop":4.6329712895,"log_mass":7.236471839},{"country_iso":"USA","city_id":48,"city":"Visalia","pop_total":95922.2418426041,"mass_total":41250379.715635255,"n_hex":23,"sample_h3":"8729a8440ffffff","log_pop":4.9819193203,"log_mass":7.6154279506},{"country_iso":"USA","city_id":49,"city":"Sacramento","pop_total":1262891.625305159,"mass_total":512689067.0895757675,"n_hex":197,"sample_h3":"872830482ffffff","log_pop":6.1013660833,"log_mass":8.7098540564},{"country_iso":"USA","city_id":50,"city":"Hemet","pop_total":110592.3667294963,"mass_total":30229860.0485323258,"n_hex":24,"sample_h3":"8729a0c09ffffff","log_pop":5.0437251523,"log_mass":7.4804361366},{"country_iso":"USA","city_id":51,"city":"Porterville","pop_total":44098.9010040543,"mass_total":14417467.9096256979,"n_hex":11,"sample_h3":"8729a8514ffffff","log_pop":4.6444277665,"log_mass":7.1588889934},{"country_iso":"USA","city_id":54,"city":"Hesperia","pop_total":37551.8705115991,"mass_total":11099436.5479201954,"n_hex":16,"sample_h3":"8729a0649ffffff","log_pop":4.5746315747,"log_mass":7.0453009328},{"country_iso":"USA","city_id":55,"city":"Yuba City","pop_total":49280.9101379189,"mass_total":20284783.059051428,"n_hex":12,"sample_h3":"872832261ffffff","log_pop":4.6926787199,"log_mass":7.3071703674},{"country_iso":"USA","city_id":56,"city":"Indio","pop_total":262366.8972539739,"mass_total":130700366.9416731596,"n_hex":79,"sample_h3":"8729a6200ffffff","log_pop":5.4189090394,"log_mass":8.1162768069},{"country_iso":"USA","city_id":58,"city":"Chico","pop_total":68948.7956222714,"mass_total":30611476.8433007784,"n_hex":18,"sample_h3":"872814b41ffffff","log_pop":4.8385266844,"log_mass":7.4858842825},{"country_iso":"USA","city_id":60,"city":"Yuma","pop_total":64901.427779587,"mass_total":20094938.8105205782,"n_hex":15,"sample_h3":"87485b1b0ffffff","log_pop":4.812254251,"log_mass":7.3030866881},{"country_iso":"USA","city_id":67,"city":"Reno","pop_total":177087.0831571422,"mass_total":77724710.3457535356,"n_hex":39,"sample_h3":"872989002ffffff","log_pop":5.2481868846,"log_mass":7.8905591122},{"country_iso":"USA","city_id":69,"city":"Medford","pop_total":75711.9093182043,"mass_total":44633652.3955156207,"n_hex":27,"sample_h3":"87281ea10ffffff","log_pop":4.8791641984,"log_mass":7.6496624268},{"country_iso":"USA","city_id":72,"city":"Lake Havasu City","pop_total":15047.2983339172,"mass_total":7370634.1780453268,"n_hex":17,"sample_h3":"8729b0a2dffffff","log_pop":4.1774585316,"log_mass":6.8675048567},{"country_iso":"USA","city_id":74,"city":"Las Vegas","pop_total":1582658.1775031404,"mass_total":486237035.1867507696,"n_hex":192,"sample_h3":"872986141ffffff","log_pop":6.1993871261,"log_mass":8.6868480346},{"country_iso":"USA","city_id":79,"city":"Phoenix","pop_total":3014440.3698833138,"mass_total":1353899044.8798308372,"n_hex":475,"sample_h3":"8729b6880ffffff","log_pop":6.4792066973,"log_mass":9.1315862819},{"country_iso":"USA","city_id":82,"city":"Eugene","pop_total":177936.4216539192,"mass_total":96812752.8796558231,"n_hex":51,"sample_h3":"87281b412ffffff","log_pop":5.2502648525,"log_mass":7.9859325695},{"country_iso":"USA","city_id":84,"city":"Tucson","pop_total":494046.6342702122,"mass_total":238473278.3352184296,"n_hex":100,"sample_h3":"8748e8090ffffff","log_pop":5.693767945,"log_mass":8.3774397221},{"country_iso":"USA","city_id":85,"city":"San Tan Valley","pop_total":44221.9849146482,"mass_total":10100146.2464949656,"n_hex":11,"sample_h3":"8748eb858ffffff","log_pop":4.6456382321,"log_mass":7.0043276623},{"country_iso":"USA","city_id":90,"city":"Salem","pop_total":169003.7302442337,"mass_total":77870476.0832309127,"n_hex":43,"sample_h3":"8728f0960ffffff","log_pop":5.2278962905,"log_mass":7.8913728299},{"country_iso":"USA","city_id":98,"city":"St. George","pop_total":48094.2991401096,"mass_total":17396302.5740870982,"n_hex":17,"sample_h3":"8729950d9ffffff","log_pop":4.6820936003,"log_mass":7.2404569527},{"country_iso":"USA","city_id":101,"city":"Portland","pop_total":1313014.6346443484,"mass_total":612466146.8232563734,"n_hex":260,"sample_h3":"8728f0000ffffff","log_pop":6.1182695667,"log_mass":8.7870820887},{"country_iso":"USA","city_id":133,"city":"Olympia","pop_total":73283.9116056747,"mass_total":42515075.6509323046,"n_hex":32,"sample_h3":"8728d5900ffffff","log_pop":4.8650086422,"log_mass":7.6285429562},{"country_iso":"USA","city_id":140,"city":"Seattle","pop_total":2074745.6536362607,"mass_total":1078270481.307072401,"n_hex":498,"sample_h3":"8728d0a28ffffff","log_pop":6.3169648635,"log_mass":9.0327277161},{"country_iso":"USA","city_id":145,"city":"Sunland Park","pop_total":76913.6974966833,"mass_total":30210554.1271312907,"n_hex":19,"sample_h3":"8748c6100ffffff","log_pop":4.8860036898,"log_mass":7.4801586912},{"country_iso":"USA","city_id":147,"city":"Las Cruces","pop_total":53672.7017535767,"mass_total":23958343.2203087844,"n_hex":15,"sample_h3":"8748c6230ffffff","log_pop":4.7297534572,"log_mass":7.3794567822},{"country_iso":"USA","city_id":149,"city":"Mountain View","pop_total":77088.804017353,"mass_total":20973690.2179969065,"n_hex":14,"sample_h3":"8748c6110ffffff","log_pop":4.8869913079,"log_mass":7.3216748492},{"country_iso":"USA","city_id":162,"city":"Yakima","pop_total":69783.2477572873,"mass_total":36459413.9697102606,"n_hex":24,"sample_h3":"872889a22ffffff","log_pop":4.8437511779,"log_mass":7.5618096837},{"country_iso":"USA","city_id":166,"city":"Nampa","pop_total":65789.6771858165,"mass_total":33359273.5248332024,"n_hex":20,"sample_h3":"872884340ffffff","log_pop":4.8181577554,"log_mass":7.5232165843},{"country_iso":"USA","city_id":171,"city":"Boise","pop_total":268671.950238916,"mass_total":151677715.146843493,"n_hex":72,"sample_h3":"8728840c9ffffff","log_pop":5.4292223278,"log_mass":8.1809217779},{"country_iso":"USA","city_id":182,"city":"Kennewick","pop_total":105954.3596859145,"mass_total":56686688.6682877019,"n_hex":34,"sample_h3":"872888a00ffffff","log_pop":5.0251188313,"log_mass":7.7534810886},{"country_iso":"USA","city_id":190,"city":"Bellingham","pop_total":55919.2548108309,"mass_total":28370415.3579932563,"n_hex":20,"sample_h3":"8728d1458ffffff","log_pop":4.7475613753,"log_mass":7.4528656941},{"country_iso":"USA","city_id":192,"city":"Provo","pop_total":255720.9084011273,"mass_total":89917035.4378497899,"n_hex":42,"sample_h3":"8726905a0ffffff","log_pop":5.4077662385,"log_mass":7.9538419798},{"country_iso":"USA","city_id":193,"city":"Salt Lake City","pop_total":821945.5404089256,"mass_total":362645714.1338201761,"n_hex":124,"sample_h3":"872696029ffffff","log_pop":5.9148430435,"log_mass":8.5594825492},{"country_iso":"USA","city_id":196,"city":"Albuquerque","pop_total":566497.5238232606,"mass_total":255978371.3219586909,"n_hex":103,"sample_h3":"8748d8808ffffff","log_pop":5.7531980159,"log_mass":8.4082032715},{"country_iso":"USA","city_id":203,"city":"Bountiful","pop_total":62018.0485127948,"mass_total":27461700.520702485,"n_hex":19,"sample_h3":"872696161ffffff","log_pop":4.7925180964,"log_mass":7.4387274267},{"country_iso":"USA","city_id":206,"city":"Ogden","pop_total":277806.6963764863,"mass_total":123840965.8982658088,"n_hex":74,"sample_h3":"872696800ffffff","log_pop":5.44374271,"log_mass":8.0928643306},{"country_iso":"USA","city_id":229,"city":"Grand Junction","pop_total":66025.0869620158,"mass_total":37115678.0828080177,"n_hex":25,"sample_h3":"87269c111ffffff","log_pop":4.8197089819,"log_mass":7.5695573993},{"country_iso":"USA","city_id":233,"city":"Odessa","pop_total":73688.2280022482,"mass_total":37747641.9742417336,"n_hex":21,"sample_h3":"87488b365ffffff","log_pop":4.8673981131,"log_mass":7.5768898272},{"country_iso":"USA","city_id":235,"city":"Midland","pop_total":79553.856472434,"mass_total":36655149.5174928159,"n_hex":17,"sample_h3":"87488b200ffffff","log_pop":4.9006612375,"log_mass":7.5641349953},{"country_iso":"USA","city_id":239,"city":"McAllen","pop_total":200525.0142014491,"mass_total":70250531.6738440394,"n_hex":43,"sample_h3":"8748b1492ffffff","log_pop":5.3021685558,"log_mass":7.8466496154},{"country_iso":"USA","city_id":241,"city":"Spokane","pop_total":211110.9135979424,"mass_total":127909093.2614176869,"n_hex":60,"sample_h3":"8712db0c0ffffff","log_pop":5.3245106852,"log_mass":8.1069014203},{"country_iso":"USA","city_id":242,"city":"Idaho Falls","pop_total":57118.5010374258,"mass_total":27875066.6901208274,"n_hex":21,"sample_h3":"872894980ffffff","log_pop":4.7567768017,"log_mass":7.4452159151},{"country_iso":"USA","city_id":246,"city":"Brownsville","pop_total":93021.5329142542,"mass_total":23348968.0039777085,"n_hex":22,"sample_h3":"8748b2a40ffffff","log_pop":4.968583492,"log_mass":7.36826769},{"country_iso":"USA","city_id":247,"city":"Lubbock","pop_total":173732.3923572802,"mass_total":83271561.4092607945,"n_hex":37,"sample_h3":"8726de612ffffff","log_pop":5.2398808001,"log_mass":7.9204967081},{"country_iso":"USA","city_id":248,"city":"San Angelo","pop_total":47512.7346426467,"mass_total":26021205.6184197664,"n_hex":16,"sample_h3":"87488a608ffffff","log_pop":4.6768100274,"log_mass":7.4153274145},{"country_iso":"USA","city_id":250,"city":"San Antonio","pop_total":1154916.4917168857,"mass_total":418262772.9917795658,"n_hex":192,"sample_h3":"87489c000ffffff","log_pop":6.0625505829,"log_mass":8.6214492124},{"country_iso":"USA","city_id":253,"city":"Corpus Christi","pop_total":183352.9448680935,"mass_total":68529425.3157878071,"n_hex":37,"sample_h3":"874895090ffffff","log_pop":5.2632878896,"log_mass":7.8358770899},{"country_iso":"USA","city_id":257,"city":"Pueblo","pop_total":84915.7549831675,"mass_total":50963886.9284546673,"n_hex":26,"sample_h3":"872688004ffffff","log_pop":4.9289882753,"log_mass":7.7072625435},{"country_iso":"USA","city_id":260,"city":"Amarillo","pop_total":137854.3768644872,"mass_total":73728682.1146750599,"n_hex":35,"sample_h3":"8726d1434ffffff","log_pop":5.1394205595,"log_mass":7.867636471},{"country_iso":"USA","city_id":264,"city":"Abilene","pop_total":67355.070930789,"mass_total":36300077.4002680108,"n_hex":21,"sample_h3":"8726d9408ffffff","log_pop":4.8283702978,"log_mass":7.5599075511},{"country_iso":"USA","city_id":265,"city":"Colorado Springs","pop_total":308095.4054287124,"mass_total":134161603.5120379627,"n_hex":65,"sample_h3":"87268c600ffffff","log_pop":5.4886852218,"log_mass":8.1276282404},{"country_iso":"USA","city_id":272,"city":"Denver","pop_total":1829600.8745698198,"mass_total":799976770.75740695,"n_hex":295,"sample_h3":"872681360ffffff","log_pop":6.2623563592,"log_mass":8.9030773764},{"country_iso":"USA","city_id":273,"city":"Austin","pop_total":829068.6690864702,"mass_total":286739333.4984833598,"n_hex":156,"sample_h3":"874898502ffffff","log_pop":5.9185905033,"log_mass":8.4574872714},{"country_iso":"USA","city_id":277,"city":"Boulder","pop_total":72204.2248206415,"mass_total":25751812.0147925019,"n_hex":16,"sample_h3":"872681a00ffffff","log_pop":4.8585626098,"log_mass":7.4108077934},{"country_iso":"USA","city_id":284,"city":"Longmont","pop_total":68638.2754000908,"mass_total":30650650.0462271869,"n_hex":19,"sample_h3":"872681b05ffffff","log_pop":4.8365663629,"log_mass":7.4864396896},{"country_iso":"USA","city_id":289,"city":"Killeen","pop_total":135567.6136843657,"mass_total":59196874.747969985,"n_hex":34,"sample_h3":"87489aa00ffffff","log_pop":5.1321559515,"log_mass":7.7722987791},{"country_iso":"USA","city_id":292,"city":"Loveland","pop_total":52360.5567696171,"mass_total":25777805.5919057019,"n_hex":20,"sample_h3":"8726aa414ffffff","log_pop":4.7190042559,"log_mass":7.4112459441},{"country_iso":"USA","city_id":295,"city":"Fort Collins","pop_total":104547.534833979,"mass_total":46185791.3603219315,"n_hex":25,"sample_h3":"872685241ffffff","log_pop":5.0193137969,"log_mass":7.6645083893},{"country_iso":"USA","city_id":299,"city":"Greeley","pop_total":89810.7134610679,"mass_total":35194270.1189011633,"n_hex":22,"sample_h3":"8726aa0b0ffffff","log_pop":4.9533281465,"log_mass":7.546471963},{"country_iso":"USA","city_id":309,"city":"Waco","pop_total":83424.1591348668,"mass_total":42580326.0839419141,"n_hex":28,"sample_h3":"87489a282ffffff","log_pop":4.9212918379,"log_mass":7.629208983},{"country_iso":"USA","city_id":312,"city":"Cheyenne","pop_total":46565.3075126853,"mass_total":26365395.1675275825,"n_hex":20,"sample_h3":"872685b61ffffff","log_pop":4.6680624753,"log_mass":7.421034285},{"country_iso":"USA","city_id":314,"city":"Wichita Falls","pop_total":57901.0813656586,"mass_total":39888010.9469885379,"n_hex":26,"sample_h3":"8726ce48affffff","log_pop":4.7626866747,"log_mass":7.6008423803},{"country_iso":"USA","city_id":315,"city":"Houston","pop_total":3966554.6015800303,"mass_total":1633420611.4372179508,"n_hex":710,"sample_h3":"87446c000ffffff","log_pop":6.5984134369,"log_mass":9.2130980315},{"country_iso":"USA","city_id":318,"city":"College Station","pop_total":114297.1280483413,"mass_total":40331562.3007111698,"n_hex":30,"sample_h3":"87446d049ffffff","log_pop":5.058035318,"log_mass":7.6056450454},{"country_iso":"USA","city_id":323,"city":"Dallas","pop_total":4250060.56845266,"mass_total":1926965442.2362031937,"n_hex":753,"sample_h3":"8726c805affffff","log_pop":6.6283951193,"log_mass":9.2848739262},{"country_iso":"USA","city_id":328,"city":"Lawton","pop_total":51252.6151255515,"mass_total":26898628.589834135,"n_hex":18,"sample_h3":"8726c3ac1ffffff","log_pop":4.7097160298,"log_mass":7.4297301383},{"country_iso":"USA","city_id":331,"city":"Atascocita","pop_total":45527.3943943239,"mass_total":15882182.9753479473,"n_hex":15,"sample_h3":"87446c2a0ffffff","log_pop":4.6582727957,"log_mass":7.2009101951},{"country_iso":"USA","city_id":332,"city":"Kingwood","pop_total":43918.5967289435,"mass_total":19326336.4791232049,"n_hex":17,"sample_h3":"87446c212ffffff","log_pop":4.6426484552,"log_mass":7.2861495365},{"country_iso":"USA","city_id":333,"city":"Denton","pop_total":116347.3784573361,"mass_total":44215606.5986983329,"n_hex":29,"sample_h3":"8726c8440ffffff","log_pop":5.0657566022,"log_mass":7.6455755875},{"country_iso":"USA","city_id":337,"city":"Billings","pop_total":63447.3226130759,"mass_total":40774299.7965088785,"n_hex":20,"sample_h3":"872798d82ffffff","log_pop":4.8024133002,"log_mass":7.6103865118},{"country_iso":"USA","city_id":339,"city":"Sachse","pop_total":76246.9871003307,"mass_total":32398140.6489472128,"n_hex":19,"sample_h3":"8726c8206ffffff","log_pop":4.8822226872,"log_mass":7.5105200865},{"country_iso":"USA","city_id":342,"city":"Beaumont","pop_total":71195.9247737083,"mass_total":52361161.3703959361,"n_hex":29,"sample_h3":"87446e065ffffff","log_pop":4.8524551355,"log_mass":7.7190092706},{"country_iso":"USA","city_id":344,"city":"Port Arthur","pop_total":79403.0756018059,"mass_total":68913897.4663657993,"n_hex":39,"sample_h3":"87446e024ffffff","log_pop":4.8998373247,"log_mass":7.8383068124},{"country_iso":"USA","city_id":347,"city":"Norman","pop_total":69649.1942266831,"mass_total":31781113.6166689359,"n_hex":20,"sample_h3":"8726c1064ffffff","log_pop":4.8429160964,"log_mass":7.5021691109},{"country_iso":"USA","city_id":349,"city":"Oklahoma City","pop_total":505300.7624068992,"mass_total":300521690.1617363691,"n_hex":131,"sample_h3":"8726c110cffffff","log_pop":5.7035499535,"log_mass":8.4778758227},{"country_iso":"USA","city_id":356,"city":"Edmond","pop_total":62046.4459943759,"mass_total":33122439.2265119962,"n_hex":21,"sample_h3":"8726c1814ffffff","log_pop":4.7927169103,"log_mass":7.5201223119},{"country_iso":"USA","city_id":364,"city":"Longview","pop_total":40850.9461438909,"mass_total":27728448.9665031694,"n_hex":27,"sample_h3":"87444d900ffffff","log_pop":4.6112021196,"log_mass":7.4429255773},{"country_iso":"USA","city_id":366,"city":"Lake Charles","pop_total":51825.7100003557,"mass_total":34325812.2268490419,"n_hex":23,"sample_h3":"874445b00ffffff","log_pop":4.7145452605,"log_mass":7.5356208224},{"country_iso":"USA","city_id":379,"city":"Shreveport","pop_total":126158.9544940448,"mass_total":81914017.3282948434,"n_hex":53,"sample_h3":"87444c049ffffff","log_pop":5.1009180812,"log_mass":7.9133582257},{"country_iso":"USA","city_id":382,"city":"Meadowview","pop_total":48076.1211399329,"mass_total":27482337.5447312891,"n_hex":18,"sample_h3":"8726e3c09ffffff","log_pop":4.6819294208,"log_mass":7.4390536694},{"country_iso":"USA","city_id":383,"city":"Wichita","pop_total":222067.5472660566,"mass_total":137126797.4734962285,"n_hex":54,"sample_h3":"8726e3114ffffff","log_pop":5.3464850958,"log_mass":8.1371223334},{"country_iso":"USA","city_id":385,"city":"Tulsa","pop_total":364168.3284623704,"mass_total":232414047.075360775,"n_hex":103,"sample_h3":"8726e84a6ffffff","log_pop":5.5613021727,"log_mass":8.3662623732},{"country_iso":"USA","city_id":386,"city":"Lafayette","pop_total":77471.7263825729,"mass_total":46389262.6513305977,"n_hex":28,"sample_h3":"874444242ffffff","log_pop":4.8891432339,"log_mass":7.6664174695},{"country_iso":"USA","city_id":395,"city":"Fort Smith","pop_total":59177.8832643974,"mass_total":42760244.4002663195,"n_hex":29,"sample_h3":"8726e950dffffff","log_pop":4.7721594268,"log_mass":7.6310401788},{"country_iso":"USA","city_id":396,"city":"Houma","pop_total":44990.027424966,"mass_total":27242909.2218402326,"n_hex":23,"sample_h3":"874446800ffffff","log_pop":4.6531162579,"log_mass":7.4352534833},{"country_iso":"USA","city_id":397,"city":"Baton Rouge","pop_total":200851.2419517583,"mass_total":117239838.4391881824,"n_hex":65,"sample_h3":"874440c02ffffff","log_pop":5.3028745215,"log_mass":8.0690752113},{"country_iso":"USA","city_id":400,"city":"New Orleans","pop_total":581898.938572154,"mass_total":295663319.4431093931,"n_hex":125,"sample_h3":"874446094ffffff","log_pop":5.764847565,"log_mass":8.4707974485},{"country_iso":"USA","city_id":401,"city":"Springdale","pop_total":48477.0991704285,"mass_total":25363624.5706301145,"n_hex":18,"sample_h3":"8726ed440ffffff","log_pop":4.6855366241,"log_mass":7.4042113162},{"country_iso":"USA","city_id":402,"city":"Rogers","pop_total":42174.8050814292,"mass_total":25509079.2181667611,"n_hex":21,"sample_h3":"8726ed464ffffff","log_pop":4.6250530841,"log_mass":7.4066947825},{"country_iso":"USA","city_id":405,"city":"Topeka","pop_total":79381.2831472553,"mass_total":47992130.4205143824,"n_hex":29,"sample_h3":"8726e5100ffffff","log_pop":4.8997181147,"log_mass":7.6811700291},{"country_iso":"USA","city_id":407,"city":"Little Rock","pop_total":96910.3603337491,"mass_total":66811030.7676187828,"n_hex":43,"sample_h3":"87265b400ffffff","log_pop":4.9863702084,"log_mass":7.8248481721},{"country_iso":"USA","city_id":408,"city":"Lawrence","pop_total":61905.1837105175,"mass_total":26582466.1459223963,"n_hex":18,"sample_h3":"8726e5a34ffffff","log_pop":4.7917270168,"log_mass":7.4245952695},{"country_iso":"USA","city_id":409,"city":"Lincoln","pop_total":198105.8609379934,"mass_total":102127539.7222138047,"n_hex":47,"sample_h3":"87260a100ffffff","log_pop":5.2968973243,"log_mass":8.0091428698},{"country_iso":"USA","city_id":410,"city":"Biloxi","pop_total":51016.5417768953,"mass_total":41166721.8550346196,"n_hex":42,"sample_h3":"874455090ffffff","log_pop":4.7077110161,"log_mass":7.6145462851},{"country_iso":"USA","city_id":411,"city":"Kansas City","pop_total":904599.7778753083,"mass_total":585452055.5514538288,"n_hex":255,"sample_h3":"872656002ffffff","log_pop":5.9564564768,"log_mass":8.7674913352},{"country_iso":"USA","city_id":413,"city":"Springfield","pop_total":109412.4800484088,"mass_total":67326846.2641260028,"n_hex":38,"sample_h3":"872653300ffffff","log_pop":5.0390668623,"log_mass":7.8281882716},{"country_iso":"USA","city_id":417,"city":"Omaha","pop_total":469191.2777324832,"mass_total":252260912.0681239963,"n_hex":106,"sample_h3":"872608532ffffff","log_pop":5.67134993,"log_mass":8.4018499616},{"country_iso":"USA","city_id":423,"city":"Mobile","pop_total":71850.5580329137,"mass_total":47000180.5692187771,"n_hex":37,"sample_h3":"874450000ffffff","log_pop":4.8564301455,"log_mass":7.6720995264},{"country_iso":"USA","city_id":432,"city":"Sioux City","pop_total":63099.9910482603,"mass_total":38979122.0428414866,"n_hex":26,"sample_h3":"8726010daffffff","log_pop":4.8000292976,"log_mass":7.5908320529},{"country_iso":"USA","city_id":436,"city":"Pensacola","pop_total":143035.6462089912,"mass_total":105899480.438125059,"n_hex":78,"sample_h3":"874452824ffffff","log_pop":5.1554442824,"log_mass":8.0248938294},{"country_iso":"USA","city_id":439,"city":"Bismarck","pop_total":41167.3182715438,"mass_total":23540364.1594383232,"n_hex":17,"sample_h3":"872636802ffffff","log_pop":4.614552577,"log_mass":7.3718131769},{"country_iso":"USA","city_id":443,"city":"Memphis","pop_total":302148.6940361859,"mass_total":175363908.0325267017,"n_hex":104,"sample_h3":"87264a682ffffff","log_pop":5.4802207215,"log_mass":8.2439402153},{"country_iso":"USA","city_id":448,"city":"Bartlett","pop_total":92267.4657055001,"mass_total":43331263.7979054153,"n_hex":36,"sample_h3":"87264a4dbffffff","log_pop":4.9650485921,"log_mass":7.6368013558},{"country_iso":"USA","city_id":449,"city":"Sioux Falls","pop_total":110273.8627914227,"mass_total":61379779.3139724135,"n_hex":33,"sample_h3":"872600a24ffffff","log_pop":5.0424725878,"log_mass":7.7880253226},{"country_iso":"USA","city_id":450,"city":"Navarre","pop_total":63615.3924617423,"mass_total":42882680.148955591,"n_hex":43,"sample_h3":"874452d20ffffff","log_pop":4.8035622108,"log_mass":7.6322819208},{"country_iso":"USA","city_id":469,"city":"Panama City","pop_total":44427.4962230409,"mass_total":41350612.6634087339,"n_hex":40,"sample_h3":"8744e5084ffffff","log_pop":4.6476518386,"log_mass":7.6164819486},{"country_iso":"USA","city_id":471,"city":"Tuscaloosa","pop_total":42469.7357022544,"mass_total":23061815.7551486716,"n_hex":21,"sample_h3":"8744ed292ffffff","log_pop":4.6280795583,"log_mass":7.3628934982},{"country_iso":"USA","city_id":474,"city":"Des Moines","pop_total":264727.7318513731,"mass_total":154342595.7046303153,"n_hex":84,"sample_h3":"87260d800ffffff","log_pop":5.4227994387,"log_mass":8.1884857999},{"country_iso":"USA","city_id":481,"city":"Ames","pop_total":43161.8268697806,"mass_total":20436573.2021550052,"n_hex":16,"sample_h3":"87262b2a4ffffff","log_pop":4.6350998184,"log_mass":7.3104080752},{"country_iso":"USA","city_id":482,"city":"Montgomery","pop_total":102928.2649516194,"mass_total":69704314.4708601236,"n_hex":46,"sample_h3":"8744ec616ffffff","log_pop":5.012534652,"log_mass":7.8432596603},{"country_iso":"USA","city_id":483,"city":"O\u2019Fallon","pop_total":190498.6248967952,"mass_total":90048634.9955688268,"n_hex":53,"sample_h3":"872646210ffffff","log_pop":5.2798918451,"log_mass":7.9544771339},{"country_iso":"USA","city_id":484,"city":"Chesterfield","pop_total":73394.1784748281,"mass_total":41136809.2949829474,"n_hex":32,"sample_h3":"87264620affffff","log_pop":4.8656616136,"log_mass":7.6142306034},{"country_iso":"USA","city_id":486,"city":"Birmingham","pop_total":142126.1990639868,"mass_total":112608054.739544794,"n_hex":64,"sample_h3":"8744e8209ffffff","log_pop":5.1526741417,"log_mass":8.0515694563},{"country_iso":"USA","city_id":487,"city":"St. Louis","pop_total":882119.2744179461,"mass_total":486579759.3806509972,"n_hex":223,"sample_h3":"872640510ffffff","log_pop":5.9455273116,"log_mass":8.6871540393},{"country_iso":"USA","city_id":491,"city":"Belleville","pop_total":42882.2415385566,"mass_total":21812438.4785562754,"n_hex":21,"sample_h3":"8726401b6ffffff","log_pop":4.6322774787,"log_mass":7.3387042194},{"country_iso":"USA","city_id":493,"city":"Tallahassee","pop_total":38486.3042429023,"mass_total":13748704.8947817832,"n_hex":17,"sample_h3":"8744e04a0ffffff","log_pop":4.5853062087,"log_mass":7.1382617903},{"country_iso":"USA","city_id":500,"city":"Bradenton","pop_total":462350.7237031098,"mass_total":302663673.573939383,"n_hex":237,"sample_h3":"874413249ffffff","log_pop":5.6649715418,"log_mass":8.480960299},{"country_iso":"USA","city_id":501,"city":"Tampa","pop_total":1570595.5267883267,"mass_total":783164751.0854363441,"n_hex":439,"sample_h3":"874418492ffffff","log_pop":6.1960643562,"log_mass":8.8938531324},{"country_iso":"USA","city_id":502,"city":"Huntsville","pop_total":60726.5435780589,"mass_total":41168998.848282665,"n_hex":31,"sample_h3":"872649364ffffff","log_pop":4.7833785627,"log_mass":7.6145703059},{"country_iso":"USA","city_id":507,"city":"Cape Coral","pop_total":213600.204182054,"mass_total":131306792.9647977054,"n_hex":84,"sample_h3":"87441304affffff","log_pop":5.3296016635,"log_mass":8.1182871943},{"country_iso":"USA","city_id":508,"city":"Naples","pop_total":47972.4544576723,"mass_total":33264116.4323889688,"n_hex":27,"sample_h3":"874413186ffffff","log_pop":4.6809919392,"log_mass":7.5219759921},{"country_iso":"USA","city_id":509,"city":"Columbus","pop_total":109412.8907120092,"mass_total":71524293.1565468311,"n_hex":52,"sample_h3":"8744c5b01ffffff","log_pop":5.0390684923,"log_mass":7.8544535746},{"country_iso":"USA","city_id":510,"city":"Fargo","pop_total":143944.3487684712,"mass_total":93024567.5955002308,"n_hex":45,"sample_h3":"872626136ffffff","log_pop":5.1581946192,"log_mass":7.96859766},{"country_iso":"USA","city_id":513,"city":"Waterloo","pop_total":61927.3087763241,"mass_total":35802955.3524117842,"n_hex":25,"sample_h3":"87262901bffffff","log_pop":4.7918822069,"log_mass":7.5539188769},{"country_iso":"USA","city_id":517,"city":"Iowa City","pop_total":55188.3806573319,"mass_total":23027141.0860439688,"n_hex":20,"sample_h3":"87267444bffffff","log_pop":4.7418476511,"log_mass":7.3622400219},{"country_iso":"USA","city_id":518,"city":"Cedar Rapids","pop_total":113916.3027692924,"mass_total":69043631.7583703548,"n_hex":45,"sample_h3":"872674421ffffff","log_pop":5.0565858812,"log_mass":7.8391236276},{"country_iso":"USA","city_id":519,"city":"Spring Hill","pop_total":51523.1053062478,"mass_total":30775703.9606630318,"n_hex":28,"sample_h3":"87441a214ffffff","log_pop":4.7120020301,"log_mass":7.4882079957},{"country_iso":"USA","city_id":525,"city":"Springfield","pop_total":86594.8348121657,"mass_total":54773665.5900772959,"n_hex":37,"sample_h3":"872644c04ffffff","log_pop":4.9374919881,"log_mass":7.738571806},{"country_iso":"USA","city_id":530,"city":"Nashville","pop_total":194945.5006423262,"mass_total":115829990.3142192066,"n_hex":65,"sample_h3":"87264d021ffffff","log_pop":5.2899132161,"log_mass":8.06382102},{"country_iso":"USA","city_id":534,"city":"Lakeland","pop_total":73660.5807659724,"mass_total":36306266.409843117,"n_hex":33,"sample_h3":"87441a434ffffff","log_pop":4.8672351387,"log_mass":7.5599815901},{"country_iso":"USA","city_id":535,"city":"Murfreesboro","pop_total":54050.8747521667,"mass_total":26529052.298033528,"n_hex":24,"sample_h3":"87264da1bffffff","log_pop":4.7328027269,"log_mass":7.4237217359},{"country_iso":"USA","city_id":541,"city":"Davenport","pop_total":177292.3239881453,"mass_total":114836901.0880820155,"n_hex":64,"sample_h3":"872675c02ffffff","log_pop":5.2486899329,"log_mass":8.0600814644},{"country_iso":"USA","city_id":545,"city":"Evansville","pop_total":89351.3627195704,"mass_total":53730192.4883208051,"n_hex":35,"sample_h3":"87266a100ffffff","log_pop":4.9511011804,"log_mass":7.7302183964},{"country_iso":"USA","city_id":548,"city":"Homestead","pop_total":102243.3778568853,"mass_total":34391306.5968552679,"n_hex":26,"sample_h3":"8744a1825ffffff","log_pop":5.009635189,"log_mass":7.5364486759},{"country_iso":"USA","city_id":550,"city":"Peoria","pop_total":88153.3079392482,"mass_total":59215785.317717351,"n_hex":43,"sample_h3":"872662c80ffffff","log_pop":4.9452386138,"log_mass":7.7724374933},{"country_iso":"USA","city_id":551,"city":"Saint Cloud","pop_total":62640.8787982602,"mass_total":39745412.7393083721,"n_hex":27,"sample_h3":"872621980ffffff","log_pop":4.7968578419,"log_mass":7.5992870113},{"country_iso":"USA","city_id":553,"city":"Eagan","pop_total":178844.5345478763,"mass_total":114663710.9123713523,"n_hex":64,"sample_h3":"87262c892ffffff","log_pop":5.2524756727,"log_mass":8.0594259929},{"country_iso":"USA","city_id":554,"city":"Minneapolis [Saint Paul]","pop_total":1398589.1828023016,"mass_total":781257188.5757346153,"n_hex":303,"sample_h3":"872621a69ffffff","log_pop":6.1456901649,"log_mass":8.8927940264},{"country_iso":"USA","city_id":556,"city":"Miami","pop_total":4444136.7433575932,"mass_total":1619467124.7854430676,"n_hex":762,"sample_h3":"8744a1001ffffff","log_pop":6.6477874134,"log_mass":9.2093721362},{"country_iso":"USA","city_id":559,"city":"Atlanta","pop_total":1065474.6215497081,"mass_total":578891226.6981567144,"n_hex":319,"sample_h3":"8744c1040ffffff","log_pop":6.0275431097,"log_mass":8.7625969677},{"country_iso":"USA","city_id":564,"city":"Rochester","pop_total":56999.7911578042,"mass_total":30521303.1181448027,"n_hex":22,"sample_h3":"87262c369ffffff","log_pop":4.7558732645,"log_mass":7.484603072},{"country_iso":"USA","city_id":566,"city":"Owensboro","pop_total":46690.7033257888,"mass_total":25891818.1507987678,"n_hex":21,"sample_h3":"87266aa12ffffff","log_pop":4.669230416,"log_mass":7.4131625481},{"country_iso":"USA","city_id":567,"city":"Kennesaw","pop_total":49826.204285475,"mass_total":32576271.5144108459,"n_hex":29,"sample_h3":"8744c1369ffffff","log_pop":4.6974578043,"log_mass":7.5129013761},{"country_iso":"USA","city_id":568,"city":"Orlando","pop_total":931094.9741362253,"mass_total":394026292.5833278298,"n_hex":261,"sample_h3":"8744a9000ffffff","log_pop":5.9689939824,"log_mass":8.5955252024},{"country_iso":"USA","city_id":576,"city":"Bloomington","pop_total":94606.8869729226,"mass_total":43360954.671466887,"n_hex":27,"sample_h3":"872662121ffffff","log_pop":4.9759227523,"log_mass":7.6370988354},{"country_iso":"USA","city_id":577,"city":"Roswell","pop_total":134141.3514248334,"mass_total":80385635.3469094336,"n_hex":54,"sample_h3":"8744c1200ffffff","log_pop":5.1275626774,"log_mass":7.9051784487},{"country_iso":"USA","city_id":578,"city":"Dubuque","pop_total":40659.6463379528,"mass_total":22860616.9455498755,"n_hex":20,"sample_h3":"87275a202ffffff","log_pop":4.6091635968,"log_mass":7.3590879466},{"country_iso":"USA","city_id":580,"city":"Sanford","pop_total":46515.6756964584,"mass_total":25916639.4145166092,"n_hex":29,"sample_h3":"8744a92a6ffffff","log_pop":4.667599334,"log_mass":7.4135786863},{"country_iso":"USA","city_id":583,"city":"Deltona","pop_total":44847.9525508248,"mass_total":23880312.3214306682,"n_hex":28,"sample_h3":"8744a9290ffffff","log_pop":4.6517426209,"log_mass":7.3780400025},{"country_iso":"USA","city_id":588,"city":"Champaign","pop_total":106157.6074312555,"mass_total":44879789.2244276106,"n_hex":27,"sample_h3":"87266068bffffff","log_pop":5.0259511219,"log_mass":7.6520508086},{"country_iso":"USA","city_id":590,"city":"Orange Park","pop_total":42805.6297965654,"mass_total":21000087.5530964136,"n_hex":22,"sample_h3":"8744f0112ffffff","log_pop":4.6315008912,"log_mass":7.3222211054},{"country_iso":"USA","city_id":591,"city":"Port St. Lucie","pop_total":90038.5746401281,"mass_total":44374424.0015752912,"n_hex":36,"sample_h3":"8744a8c00ffffff","log_pop":4.9544286113,"log_mass":7.6471327288},{"country_iso":"USA","city_id":594,"city":"Palm Bay","pop_total":224545.0474055666,"mass_total":142055824.9356816113,"n_hex":127,"sample_h3":"8744a8206ffffff","log_pop":5.3513034806,"log_mass":8.1524590465},{"country_iso":"USA","city_id":595,"city":"Jacksonville","pop_total":295823.5617253887,"mass_total":167125380.4075197577,"n_hex":110,"sample_h3":"8744f0010ffffff","log_pop":5.4710327617,"log_mass":8.2230424088},{"country_iso":"USA","city_id":596,"city":"Stuart","pop_total":76181.7406287576,"mass_total":50921848.5397541523,"n_hex":46,"sample_h3":"8744a8ca4ffffff","log_pop":4.8818508914,"log_mass":7.7069041608},{"country_iso":"USA","city_id":601,"city":"Cocoa","pop_total":51972.3625745917,"mass_total":33781047.4580816552,"n_hex":34,"sample_h3":"8744a82cbffffff","log_pop":4.7157724596,"log_mass":7.5286731117},{"country_iso":"USA","city_id":605,"city":"Palm Coast","pop_total":62267.2169795558,"mass_total":36980461.7744360119,"n_hex":40,"sample_h3":"8744f6025ffffff","log_pop":4.7942594555,"log_mass":7.5679723299},{"country_iso":"USA","city_id":606,"city":"Daytona Beach","pop_total":132322.9362430759,"mass_total":79057226.4951094538,"n_hex":63,"sample_h3":"8744f6102ffffff","log_pop":5.1216351293,"log_mass":7.8979415742},{"country_iso":"USA","city_id":607,"city":"La Crosse","pop_total":50631.0832862097,"mass_total":27962144.8263846487,"n_hex":21,"sample_h3":"87275e41affffff","log_pop":4.7044172195,"log_mass":7.4465704808},{"country_iso":"USA","city_id":610,"city":"Jacksonville Beach","pop_total":44197.3480847804,"mass_total":21337142.5167847797,"n_hex":21,"sample_h3":"8744f0402ffffff","log_pop":4.6453962117,"log_mass":7.329136258},{"country_iso":"USA","city_id":624,"city":"Louisville","pop_total":565539.3986273591,"mass_total":317186291.186070323,"n_hex":176,"sample_h3":"872668828ffffff","log_pop":5.7524628657,"log_mass":8.5013144088},{"country_iso":"USA","city_id":627,"city":"Bloomington","pop_total":53230.2130706034,"mass_total":20328788.8279906698,"n_hex":19,"sample_h3":"87266c580ffffff","log_pop":4.7261582046,"log_mass":7.3081115045},{"country_iso":"USA","city_id":628,"city":"Rockford","pop_total":155088.1586617444,"mass_total":90695829.4815885425,"n_hex":51,"sample_h3":"872759412ffffff","log_pop":5.1905786397,"log_mass":7.9575873171},{"country_iso":"USA","city_id":634,"city":"Chicago","pop_total":5658262.6427472681,"mass_total":2433450641.8957018852,"n_hex":831,"sample_h3":"872664000ffffff","log_pop":6.7526831025,"log_mass":9.3862225418},{"country_iso":"USA","city_id":635,"city":"Joliet","pop_total":198608.1862629107,"mass_total":85727919.8344381005,"n_hex":59,"sample_h3":"872664480ffffff","log_pop":5.2979971453,"log_mass":7.9331222858},{"country_iso":"USA","city_id":636,"city":"Kankakee","pop_total":47643.3736930475,"mass_total":25067039.5175465271,"n_hex":19,"sample_h3":"872660d20ffffff","log_pop":4.6780025069,"log_mass":7.3991030457},{"country_iso":"USA","city_id":637,"city":"Madison","pop_total":185560.5072866619,"mass_total":79046435.2863068879,"n_hex":61,"sample_h3":"872758005ffffff","log_pop":5.2684855511,"log_mass":7.8978822896},{"country_iso":"USA","city_id":640,"city":"Knoxville","pop_total":61656.7994131295,"mass_total":39388298.2661071196,"n_hex":27,"sample_h3":"8744ca360ffffff","log_pop":4.7899809769,"log_mass":7.5953672179},{"country_iso":"USA","city_id":643,"city":"Janesville","pop_total":43320.2841285375,"mass_total":28326709.2892978564,"n_hex":24,"sample_h3":"872758240ffffff","log_pop":4.6366912964,"log_mass":7.4521961255},{"country_iso":"USA","city_id":644,"city":"Batavia","pop_total":66847.5000133211,"mass_total":41308272.2311730087,"n_hex":27,"sample_h3":"872666920ffffff","log_pop":4.82508517,"log_mass":7.6160370305},{"country_iso":"USA","city_id":648,"city":"Elgin","pop_total":106752.602512308,"mass_total":49443537.1678801253,"n_hex":31,"sample_h3":"872759216ffffff","log_pop":5.0283784715,"log_mass":7.6941095324},{"country_iso":"USA","city_id":650,"city":"Lafayette","pop_total":92097.7399166027,"mass_total":43094935.905024752,"n_hex":26,"sample_h3":"872660b49ffffff","log_pop":4.9642489727,"log_mass":7.6344262391},{"country_iso":"USA","city_id":651,"city":"Indianapolis","pop_total":805503.8244881866,"mass_total":496016756.436992228,"n_hex":269,"sample_h3":"872661848ffffff","log_pop":5.9060676068,"log_mass":8.6954963481},{"country_iso":"USA","city_id":652,"city":"Algonquin","pop_total":106594.6196584687,"mass_total":48928331.3871998936,"n_hex":40,"sample_h3":"872759042ffffff","log_pop":5.0277352843,"log_mass":7.6895604052},{"country_iso":"USA","city_id":656,"city":"Savannah","pop_total":99067.0723504901,"mass_total":63233329.7140939236,"n_hex":49,"sample_h3":"8744d51a0ffffff","log_pop":4.9959293288,"log_mass":7.8009460513},{"country_iso":"USA","city_id":662,"city":"Waukegan","pop_total":255411.5407400644,"mass_total":128169668.2623171061,"n_hex":92,"sample_h3":"872759140ffffff","log_pop":5.4072405169,"log_mass":8.1077852602},{"country_iso":"USA","city_id":665,"city":"Lexington","pop_total":214469.2989710695,"mass_total":98064884.3752712458,"n_hex":54,"sample_h3":"87266d301ffffff","log_pop":5.3313651322,"log_mass":7.9915135206},{"country_iso":"USA","city_id":668,"city":"Duluth","pop_total":48501.7189460264,"mass_total":35370174.5912763998,"n_hex":27,"sample_h3":"872756801ffffff","log_pop":4.6857571307,"log_mass":7.5486372035},{"country_iso":"USA","city_id":674,"city":"Kenosha","pop_total":91624.0990545436,"mass_total":43994344.2223669365,"n_hex":28,"sample_h3":"872759840ffffff","log_pop":4.9620097172,"log_mass":7.6433968485},{"country_iso":"USA","city_id":675,"city":"Milwaukee","pop_total":886533.6347582827,"mass_total":446141236.9459919333,"n_hex":194,"sample_h3":"872759920ffffff","log_pop":5.9476952172,"log_mass":8.649472367},{"country_iso":"USA","city_id":677,"city":"Racine","pop_total":97630.1417407295,"mass_total":54899755.5039959699,"n_hex":34,"sample_h3":"872759909ffffff","log_pop":4.9895839198,"log_mass":7.7395704103},{"country_iso":"USA","city_id":679,"city":"Florence","pop_total":65929.15452014,"mass_total":37727828.1097574383,"n_hex":31,"sample_h3":"872a930d2ffffff","log_pop":4.8190775064,"log_mass":7.5766618047},{"country_iso":"USA","city_id":681,"city":"Cincinnati","pop_total":554286.2302571336,"mass_total":310962251.4873257279,"n_hex":183,"sample_h3":"872a93000ffffff","log_pop":5.7437340899,"log_mass":8.4927076721},{"country_iso":"USA","city_id":684,"city":"Muncie","pop_total":46216.6241411158,"mass_total":24580031.7878512107,"n_hex":17,"sample_h3":"872a92114ffffff","log_pop":4.6647982196,"log_mass":7.3905824402},{"country_iso":"USA","city_id":685,"city":"North College Hill","pop_total":59898.2282681521,"mass_total":25968875.7306789905,"n_hex":19,"sample_h3":"872a93016ffffff","log_pop":4.7774139766,"log_mass":7.4144531481},{"country_iso":"USA","city_id":686,"city":"Columbia","pop_total":98091.956786544,"mass_total":57269661.7683509067,"n_hex":47,"sample_h3":"8744de820ffffff","log_pop":4.9916333981,"log_mass":7.7579246182},{"country_iso":"USA","city_id":688,"city":"Oshkosh","pop_total":53428.2279458604,"mass_total":31757277.4149725102,"n_hex":24,"sample_h3":"87275ca1affffff","log_pop":4.7277707702,"log_mass":7.5018432628},{"country_iso":"USA","city_id":693,"city":"South Bend","pop_total":122532.8225975981,"mass_total":79503915.2120076567,"n_hex":51,"sample_h3":"87274b08affffff","log_pop":5.0882524378,"log_mass":7.9003885162},{"country_iso":"USA","city_id":694,"city":"Appleton","pop_total":151425.2891158946,"mass_total":104694355.9037493318,"n_hex":63,"sample_h3":"87274349bffffff","log_pop":5.1801984115,"log_mass":8.0199232694},{"country_iso":"USA","city_id":698,"city":"Charleston","pop_total":79035.2549589744,"mass_total":53464373.0599015728,"n_hex":42,"sample_h3":"8744d0620ffffff","log_pop":4.8978208586,"log_mass":7.7280644785},{"country_iso":"USA","city_id":700,"city":"Elkhart","pop_total":47331.2013632267,"mass_total":43364315.9453808516,"n_hex":34,"sample_h3":"87274b013ffffff","log_pop":4.6751475279,"log_mass":7.6371325},{"country_iso":"USA","city_id":702,"city":"Dayton","pop_total":258572.8680955652,"mass_total":156212350.7009278238,"n_hex":91,"sample_h3":"872a90608ffffff","log_pop":5.4125829527,"log_mass":8.1937153678},{"country_iso":"USA","city_id":707,"city":"Charlotte","pop_total":214253.4420687653,"mass_total":133713603.5917647034,"n_hex":104,"sample_h3":"8744d8408ffffff","log_pop":5.3309278078,"log_mass":8.1261755932},{"country_iso":"USA","city_id":709,"city":"Fort Wayne","pop_total":144660.7516298527,"mass_total":94957906.3536134362,"n_hex":61,"sample_h3":"872a960b4ffffff","log_pop":5.1603507173,"log_mass":7.9775311307},{"country_iso":"USA","city_id":711,"city":"Green Bay","pop_total":126660.5150963686,"mass_total":86999383.1284300536,"n_hex":48,"sample_h3":"872743400ffffff","log_pop":5.1026412499,"log_mass":7.9395161733},{"country_iso":"USA","city_id":717,"city":"Holland","pop_total":41772.2721750826,"mass_total":31088122.1935017146,"n_hex":24,"sample_h3":"872748400ffffff","log_pop":4.6208880991,"log_mass":7.4925944903},{"country_iso":"USA","city_id":718,"city":"Kalamazoo","pop_total":67300.5134018672,"mass_total":42402003.2168472484,"n_hex":34,"sample_h3":"872748641ffffff","log_pop":4.8280183773,"log_mass":7.6273863746},{"country_iso":"USA","city_id":725,"city":"Grand Rapids","pop_total":290830.8646677393,"mass_total":162850199.8081303537,"n_hex":92,"sample_h3":"8727480b6ffffff","log_pop":5.4636404945,"log_mass":8.2117882958},{"country_iso":"USA","city_id":729,"city":"Columbus","pop_total":890467.2925166509,"mass_total":448774216.7018199563,"n_hex":213,"sample_h3":"872a90a6dffffff","log_pop":5.9496179722,"log_mass":8.6520278976},{"country_iso":"USA","city_id":733,"city":"Winston-Salem","pop_total":59928.1216679997,"mass_total":39355449.1224686354,"n_hex":33,"sample_h3":"872a8b488ffffff","log_pop":4.7776306658,"log_mass":7.5950048729},{"country_iso":"USA","city_id":742,"city":"Greensboro","pop_total":112036.9437278062,"mass_total":81508446.6902793795,"n_hex":54,"sample_h3":"872a8b081ffffff","log_pop":5.0493612531,"log_mass":7.9112026168},{"country_iso":"USA","city_id":749,"city":"Lansing","pop_total":132269.4227256329,"mass_total":70419988.2377657592,"n_hex":43,"sample_h3":"872748b40ffffff","log_pop":5.1214594581,"log_mass":7.8476959482},{"country_iso":"USA","city_id":752,"city":"Fayetteville","pop_total":74748.4770683183,"mass_total":48797233.6226078421,"n_hex":42,"sample_h3":"872ad6280ffffff","log_pop":4.8736023487,"log_mass":7.688395202},{"country_iso":"USA","city_id":754,"city":"Toledo","pop_total":198060.6232930035,"mass_total":119414592.6656583697,"n_hex":59,"sample_h3":"872749a48ffffff","log_pop":5.2967981414,"log_mass":8.0770574016},{"country_iso":"USA","city_id":762,"city":"Roanoke","pop_total":69122.4832675258,"mass_total":50196975.7813252285,"n_hex":34,"sample_h3":"872a8a824ffffff","log_pop":4.839619332,"log_mass":7.700677553},{"country_iso":"USA","city_id":763,"city":"Ann Arbor","pop_total":62004.9245193416,"mass_total":23846898.3499309421,"n_hex":17,"sample_h3":"872749945ffffff","log_pop":4.7924261832,"log_mass":7.3774319005},{"country_iso":"USA","city_id":764,"city":"Charter\u00a0Township of Ypsilanti","pop_total":51378.2258544288,"mass_total":22929382.1528287828,"n_hex":16,"sample_h3":"872ab2410ffffff","log_pop":4.7107791035,"log_mass":7.3603923525},{"country_iso":"USA","city_id":768,"city":"Cary","pop_total":67034.2081954798,"mass_total":26965417.3631661348,"n_hex":31,"sample_h3":"872a896caffffff","log_pop":4.8262964839,"log_mass":7.4308071466},{"country_iso":"USA","city_id":770,"city":"Detroit","pop_total":2665228.3238093336,"mass_total":1530848912.4849319458,"n_hex":563,"sample_h3":"87274d241ffffff","log_pop":6.4257344199,"log_mass":9.18493233},{"country_iso":"USA","city_id":772,"city":"Durham","pop_total":39161.7765036055,"mass_total":18990861.1989862174,"n_hex":18,"sample_h3":"872a89680ffffff","log_pop":4.5928623846,"log_mass":7.2785446596},{"country_iso":"USA","city_id":775,"city":"Raleigh","pop_total":164104.7327543272,"mass_total":76467636.3141708672,"n_hex":71,"sample_h3":"872a8960bffffff","log_pop":5.2151211062,"log_mass":7.8834776659},{"country_iso":"USA","city_id":777,"city":"Flint","pop_total":109736.4907566153,"mass_total":79788026.8630781174,"n_hex":45,"sample_h3":"87274d109ffffff","log_pop":5.0403510679,"log_mass":7.9019377252},{"country_iso":"USA","city_id":781,"city":"Saginaw","pop_total":67601.482296872,"mass_total":50794782.0414451957,"n_hex":30,"sample_h3":"87274dd00ffffff","log_pop":4.8299562188,"log_mass":7.7058191011},{"country_iso":"USA","city_id":784,"city":"Lorain","pop_total":51544.1253645821,"mass_total":29136111.9335354678,"n_hex":24,"sample_h3":"872ab3186ffffff","log_pop":4.7121791746,"log_mass":7.4644315969},{"country_iso":"USA","city_id":787,"city":"Canton","pop_total":123237.2509779492,"mass_total":87116541.0054121315,"n_hex":59,"sample_h3":"872a86c10ffffff","log_pop":5.0907420021,"log_mass":7.9401006233},{"country_iso":"USA","city_id":790,"city":"Cleveland","pop_total":932677.2220409603,"mass_total":518751663.6240282059,"n_hex":233,"sample_h3":"872ab02c0ffffff","log_pop":5.9697313705,"log_mass":8.7149595025},{"country_iso":"USA","city_id":793,"city":"Akron","pop_total":185292.0909612554,"mass_total":97550656.4415661842,"n_hex":53,"sample_h3":"872a86db6ffffff","log_pop":5.2678568822,"log_mass":7.9892301962},{"country_iso":"USA","city_id":802,"city":"Greenville","pop_total":38728.0477372312,"mass_total":17082086.3858771585,"n_hex":18,"sample_h3":"872ad4120ffffff","log_pop":4.588025605,"log_mass":7.2325409138},{"country_iso":"USA","city_id":817,"city":"Youngstown","pop_total":85744.9939192685,"mass_total":66707072.9796515852,"n_hex":43,"sample_h3":"872ab1290ffffff","log_pop":4.9332087739,"log_mass":7.8241718848},{"country_iso":"USA","city_id":819,"city":"Pittsburgh","pop_total":520565.6209839657,"mass_total":231318718.1493271887,"n_hex":133,"sample_h3":"872a84089ffffff","log_pop":5.7164754832,"log_mass":8.364210777},{"country_iso":"USA","city_id":820,"city":"Center Township","pop_total":42531.3343144096,"mass_total":29564489.9785519391,"n_hex":33,"sample_h3":"872a84410ffffff","log_pop":4.6287090078,"log_mass":7.4707703913},{"country_iso":"USA","city_id":828,"city":"Richmond","pop_total":181588.4771696589,"mass_total":92958353.0204891413,"n_hex":61,"sample_h3":"872a8d814ffffff","log_pop":5.2590882866,"log_mass":7.9682884205},{"country_iso":"USA","city_id":846,"city":"Erie","pop_total":116561.6968749177,"mass_total":59043804.7374374047,"n_hex":32,"sample_h3":"872ab50cbffffff","log_pop":5.0665558612,"log_mass":7.7711743353},{"country_iso":"USA","city_id":847,"city":"Virginia Beach","pop_total":655657.4681045283,"mass_total":323886791.9799496531,"n_hex":168,"sample_h3":"872af0cb4ffffff","log_pop":5.8166770123,"log_mass":8.510393238},{"country_iso":"USA","city_id":850,"city":"Newport News","pop_total":238824.6707263138,"mass_total":126849647.7985095978,"n_hex":78,"sample_h3":"872af6043ffffff","log_pop":5.3780791876,"log_mass":8.1032892657},{"country_iso":"USA","city_id":852,"city":"Manassas","pop_total":83682.188279665,"mass_total":28671906.8017882258,"n_hex":21,"sample_h3":"872aaaa00ffffff","log_pop":4.9226330284,"log_mass":7.4574565763},{"country_iso":"USA","city_id":855,"city":"Washington D.C.","pop_total":2499495.1823897343,"mass_total":768054770.1249717474,"n_hex":395,"sample_h3":"872aa8092ffffff","log_pop":6.397852304,"log_mass":8.8853921908},{"country_iso":"USA","city_id":856,"city":"Dale City","pop_total":128778.9926742757,"mass_total":37255737.992931433,"n_hex":33,"sample_h3":"872aaaa40ffffff","log_pop":5.1098450237,"log_mass":7.5711931707},{"country_iso":"USA","city_id":858,"city":"Ashburn","pop_total":52562.3767520046,"mass_total":14565512.8509736042,"n_hex":11,"sample_h3":"872aaa840ffffff","log_pop":4.7206749948,"log_mass":7.1633257807},{"country_iso":"USA","city_id":859,"city":"Leesburg","pop_total":44967.7634431129,"mass_total":12111462.3807621896,"n_hex":13,"sample_h3":"872aaa808ffffff","log_pop":4.6529012876,"log_mass":7.0831965846},{"country_iso":"USA","city_id":862,"city":"Hagerstown","pop_total":43915.1575246058,"mass_total":23709495.6277381033,"n_hex":25,"sample_h3":"872aae44bffffff","log_pop":4.6426144449,"log_mass":7.3749223153},{"country_iso":"USA","city_id":867,"city":"Frederick","pop_total":66435.5413252241,"mass_total":31758053.1728093401,"n_hex":26,"sample_h3":"872aaa924ffffff","log_pop":4.822400478,"log_mass":7.5018538715},{"country_iso":"USA","city_id":871,"city":"Fairland","pop_total":35580.3599578185,"mass_total":11889869.2735053767,"n_hex":13,"sample_h3":"872aa8421ffffff","log_pop":4.5512103374,"log_mass":7.0751770797},{"country_iso":"USA","city_id":874,"city":"South Laurel","pop_total":52945.8934557289,"mass_total":23455134.8999225125,"n_hex":19,"sample_h3":"872aa8540ffffff","log_pop":4.7238322814,"log_mass":7.3702379351},{"country_iso":"USA","city_id":877,"city":"Columbia","pop_total":66055.8525400697,"mass_total":31531884.0381266437,"n_hex":29,"sample_h3":"872aa8521ffffff","log_pop":4.8199113021,"log_mass":7.4987499207},{"country_iso":"USA","city_id":878,"city":"State College","pop_total":36955.1380437278,"mass_total":6643682.6295005083,"n_hex":10,"sample_h3":"872aa38c0ffffff","log_pop":4.5676748289,"log_mass":6.8224088779},{"country_iso":"USA","city_id":880,"city":"Baltimore","pop_total":1071675.2875163048,"mass_total":396271887.3693114519,"n_hex":184,"sample_h3":"872aa81a0ffffff","log_pop":6.0300632161,"log_mass":8.5979932634},{"country_iso":"USA","city_id":886,"city":"Harrisburg","pop_total":173954.7812101814,"mass_total":106625538.9316652268,"n_hex":71,"sample_h3":"872aa1280ffffff","log_pop":5.24043637,"log_mass":8.0278612393},{"country_iso":"USA","city_id":887,"city":"York","pop_total":82129.3573768871,"mass_total":39135268.1762758195,"n_hex":27,"sample_h3":"872aac480ffffff","log_pop":4.9144984247,"log_mass":7.5925683142},{"country_iso":"USA","city_id":889,"city":"Niagara Falls","pop_total":101108.3359946453,"mass_total":58197504.8314934224,"n_hex":34,"sample_h3":"872b9b300ffffff","log_pop":5.004786963,"log_mass":7.764904365},{"country_iso":"USA","city_id":890,"city":"Buffalo","pop_total":505565.6021781037,"mass_total":269888111.9849454761,"n_hex":112,"sample_h3":"872aa6524ffffff","log_pop":5.7037775176,"log_mass":8.4311837552},{"country_iso":"USA","city_id":895,"city":"Lancaster","pop_total":87887.8452554846,"mass_total":36181668.6021655649,"n_hex":29,"sample_h3":"872aac424ffffff","log_pop":4.943928817,"log_mass":7.5584885915},{"country_iso":"USA","city_id":898,"city":"Philadelphia","pop_total":2535656.3743301085,"mass_total":807307392.4291126728,"n_hex":390,"sample_h3":"872a13400ffffff","log_pop":6.4040903987,"log_mass":8.9070389293},{"country_iso":"USA","city_id":900,"city":"Reading","pop_total":148171.2679283003,"mass_total":57670931.4968778044,"n_hex":41,"sample_h3":"872aacc20ffffff","log_pop":5.1707639972,"log_mass":7.7609569662},{"country_iso":"USA","city_id":903,"city":"West Chester","pop_total":34751.5270170683,"mass_total":14434961.2868188489,"n_hex":18,"sample_h3":"872aac165ffffff","log_pop":4.5409738927,"log_mass":7.1594156235},{"country_iso":"USA","city_id":910,"city":"Rochester","pop_total":292910.670849217,"mass_total":131800111.5305325538,"n_hex":71,"sample_h3":"872b99048ffffff","log_pop":5.4667351935,"log_mass":8.1199157778},{"country_iso":"USA","city_id":911,"city":"Norristown","pop_total":73769.3110267012,"mass_total":37427537.8103931397,"n_hex":24,"sample_h3":"872a13496ffffff","log_pop":4.8678757274,"log_mass":7.5731912578},{"country_iso":"USA","city_id":913,"city":"Allentown","pop_total":353384.5914820789,"mass_total":166803669.1030344367,"n_hex":114,"sample_h3":"872a12009ffffff","log_pop":5.5482476092,"log_mass":8.2222055994},{"country_iso":"USA","city_id":918,"city":"Atlantic City","pop_total":57908.4262218481,"mass_total":20492483.1059761047,"n_hex":18,"sample_h3":"872a132c8ffffff","log_pop":4.7627417623,"log_mass":7.3115945857},{"country_iso":"USA","city_id":919,"city":"Wilkes-Barre","pop_total":58705.645643711,"mass_total":25072502.7565704733,"n_hex":17,"sample_h3":"872aa5201ffffff","log_pop":4.7686798688,"log_mass":7.3991976877},{"country_iso":"USA","city_id":920,"city":"Abington","pop_total":57984.1887311562,"mass_total":26085217.5326682888,"n_hex":20,"sample_h3":"872a13580ffffff","log_pop":4.7633095852,"log_mass":7.4163944628},{"country_iso":"USA","city_id":929,"city":"Scranton","pop_total":69875.1804952904,"mass_total":32372107.3141329698,"n_hex":19,"sample_h3":"872aa532dffffff","log_pop":4.8443229427,"log_mass":7.5101709714},{"country_iso":"USA","city_id":933,"city":"Trenton","pop_total":165966.5756621675,"mass_total":59699935.3522337824,"n_hex":38,"sample_h3":"872a13521ffffff","log_pop":5.2200206334,"log_mass":7.7759738608},{"country_iso":"USA","city_id":937,"city":"Binghamton","pop_total":45268.6335679493,"mass_total":17591235.7844510153,"n_hex":12,"sample_h3":"872aa5992ffffff","log_pop":4.6557973855,"log_mass":7.2452963497},{"country_iso":"USA","city_id":942,"city":"Toms River","pop_total":112704.9620261955,"mass_total":71479956.8329598755,"n_hex":47,"sample_h3":"872a13129ffffff","log_pop":5.051943037,"log_mass":7.8541842816},{"country_iso":"USA","city_id":945,"city":"New York","pop_total":13171018.3451282028,"mass_total":3179867029.1750507355,"n_hex":1200,"sample_h3":"872a10000ffffff","log_pop":7.1196193547,"log_mass":9.5024089597},{"country_iso":"USA","city_id":947,"city":"Lakewood","pop_total":50970.255320088,"mass_total":10459224.3654521964,"n_hex":12,"sample_h3":"872a138c2ffffff","log_pop":4.7073168091,"log_mass":7.0194994793},{"country_iso":"USA","city_id":949,"city":"Brick","pop_total":295975.6576309407,"mass_total":176088456.0006322563,"n_hex":98,"sample_h3":"872a1064bffffff","log_pop":5.4712559942,"log_mass":8.2457308854},{"country_iso":"USA","city_id":950,"city":"Syracuse","pop_total":193030.6399267411,"mass_total":101313795.4826164544,"n_hex":62,"sample_h3":"872aa4925ffffff","log_pop":5.2856262504,"log_mass":8.0056685855},{"country_iso":"USA","city_id":953,"city":"Dover","pop_total":33900.2278088437,"mass_total":13200036.7621708326,"n_hex":16,"sample_h3":"872a10488ffffff","log_pop":4.5302026167,"log_mass":7.1205751407},{"country_iso":"USA","city_id":964,"city":"Utica","pop_total":44968.9933813918,"mass_total":18787185.8862801939,"n_hex":11,"sample_h3":"872b886dbffffff","log_pop":4.6529131661,"log_mass":7.2738617324},{"country_iso":"USA","city_id":970,"city":"Norwalk","pop_total":57234.3831428686,"mass_total":23239632.4270356372,"n_hex":16,"sample_h3":"872a10801ffffff","log_pop":4.7576570065,"log_mass":7.3662292547},{"country_iso":"USA","city_id":972,"city":"Bridgeport","pop_total":428821.5381063869,"mass_total":165430707.8934439719,"n_hex":104,"sample_h3":"872a10800ffffff","log_pop":5.6322765902,"log_mass":8.2186161281},{"country_iso":"USA","city_id":981,"city":"Schenectady","pop_total":63896.0639995438,"mass_total":22646311.6554210894,"n_hex":18,"sample_h3":"872b89036ffffff","log_pop":4.8054741064,"log_mass":7.3549974797},{"country_iso":"USA","city_id":982,"city":"Waterbury","pop_total":67852.2227317729,"mass_total":23058153.1340151206,"n_hex":19,"sample_h3":"872a14380ffffff","log_pop":4.831564079,"log_mass":7.3628245191},{"country_iso":"USA","city_id":983,"city":"Albany","pop_total":109262.137511002,"mass_total":53191839.5287391618,"n_hex":33,"sample_h3":"872b89000ffffff","log_pop":5.0384696924,"log_mass":7.7258450097},{"country_iso":"USA","city_id":992,"city":"Troy","pop_total":56457.6954904452,"mass_total":19625209.2718135118,"n_hex":17,"sample_h3":"872b89108ffffff","log_pop":4.751723147,"log_mass":7.2928142965},{"country_iso":"USA","city_id":997,"city":"Hartford","pop_total":248295.6896946832,"mass_total":96921593.9311806411,"n_hex":57,"sample_h3":"872a14168ffffff","log_pop":5.3949691805,"log_mass":7.9864205477},{"country_iso":"USA","city_id":1004,"city":"Springfield","pop_total":188457.7835878949,"mass_total":75390516.7016740292,"n_hex":48,"sample_h3":"872a14804ffffff","log_pop":5.2752140792,"log_mass":7.8773167198},{"country_iso":"USA","city_id":1009,"city":"Providence","pop_total":481256.6649447484,"mass_total":205706851.0135628283,"n_hex":104,"sample_h3":"872a33001ffffff","log_pop":5.6823767571,"log_mass":8.313248756},{"country_iso":"USA","city_id":1011,"city":"Worcester","pop_total":149307.5173310896,"mass_total":56741504.2997636423,"n_hex":41,"sample_h3":"872a33c11ffffff","log_pop":5.1740816741,"log_mass":7.7539008454},{"country_iso":"USA","city_id":1012,"city":"Woonsocket","pop_total":40419.4489265048,"mass_total":15000249.9089958612,"n_hex":15,"sample_h3":"872a33106ffffff","log_pop":4.6065903881,"log_mass":7.1760984946},{"country_iso":"USA","city_id":1015,"city":"Leominster","pop_total":46820.8830276933,"mass_total":20846928.8879108168,"n_hex":21,"sample_h3":"872a32a00ffffff","log_pop":4.6704396001,"log_mass":7.319042085},{"country_iso":"USA","city_id":1016,"city":"Fall River","pop_total":90104.8717639427,"mass_total":36840246.3565604985,"n_hex":30,"sample_h3":"872a33a10ffffff","log_pop":4.9547482729,"log_mass":7.5663225257},{"country_iso":"USA","city_id":1018,"city":"Framingham","pop_total":54317.1304341087,"mass_total":26102756.6678832062,"n_hex":22,"sample_h3":"872a306c1ffffff","log_pop":4.7349368182,"log_mass":7.4166863749},{"country_iso":"USA","city_id":1020,"city":"New Bedford","pop_total":94292.6321228616,"mass_total":37724269.7969789505,"n_hex":28,"sample_h3":"872a33a21ffffff","log_pop":4.974477759,"log_mass":7.5766208422},{"country_iso":"USA","city_id":1022,"city":"Boston","pop_total":1687586.3979534111,"mass_total":515416319.6460995078,"n_hex":220,"sample_h3":"872a300c1ffffff","log_pop":6.2272660163,"log_mass":8.7121581655},{"country_iso":"USA","city_id":1023,"city":"Brockton","pop_total":79153.963317985,"mass_total":31861668.5645788535,"n_hex":23,"sample_h3":"872a33820ffffff","log_pop":4.8984726653,"log_mass":7.5032685156},{"country_iso":"USA","city_id":1024,"city":"Nashua","pop_total":44156.298871853,"mass_total":20789719.7104029022,"n_hex":17,"sample_h3":"872a30488ffffff","log_pop":4.6449926642,"log_mass":7.3178486342},{"country_iso":"USA","city_id":1025,"city":"Lowell","pop_total":88870.9857519414,"mass_total":26183040.6552145481,"n_hex":17,"sample_h3":"872a30459ffffff","log_pop":4.9487599974,"log_mass":7.4180200801},{"country_iso":"USA","city_id":1028,"city":"Manchester","pop_total":68134.6332721415,"mass_total":31387783.3935822137,"n_hex":21,"sample_h3":"872a30580ffffff","log_pop":4.8333679227,"log_mass":7.4967606469},{"country_iso":"USA","city_id":1029,"city":"Lawrence","pop_total":95037.3161506242,"mass_total":27602383.5317404978,"n_hex":16,"sample_h3":"872a30092ffffff","log_pop":4.9778941634,"log_mass":7.4409465861},{"country_iso":"USA","city_id":1045,"city":"Portland","pop_total":67418.7006660235,"mass_total":36304916.223370567,"n_hex":25,"sample_h3":"872a34082ffffff","log_pop":4.8287803783,"log_mass":7.5599654389}]