[{"country_iso":"KWT","city_id":5691,"city":"Al Jahra","pop_total":4923.9380940629,"mass_total":17161760.7270704061,"n_hex":12,"sample_h3":"872c93b80ffffff","log_pop":3.6923125842,"log_mass":7.2345618427},{"country_iso":"KWT","city_id":5693,"city":"Jaber Al-Ahmad","pop_total":4111.6943572559,"mass_total":13394013.0002400707,"n_hex":8,"sample_h3":"872c93b82ffffff","log_pop":3.6140208239,"log_mass":7.1269107161},{"country_iso":"KWT","city_id":5705,"city":"Kuwait City","pop_total":1523826.519523429,"mass_total":312678060.5072437525,"n_hex":130,"sample_h3":"872c93230ffffff","log_pop":6.1829355274,"log_mass":8.4950974094},{"country_iso":"KWT","city_id":5717,"city":"Ahmadi","pop_total":3195.6432983903,"mass_total":4829228.8611052614,"n_hex":4,"sample_h3":"872c93380ffffff","log_pop":3.5045582969,"log_mass":6.6838777875}]