[{"country_iso":"GTM","city_id":256,"city":"Malacat\u00e1n","pop_total":3853.9998059684,"mass_total":937317.3554158517,"n_hex":6,"sample_h3":"876d2ab81ffffff","log_pop":3.5859116885,"log_mass":5.9718866585},{"country_iso":"GTM","city_id":258,"city":"Tacan\u00e1","pop_total":809.6052680128,"mass_total":388066.3821413133,"n_hex":4,"sample_h3":"876d2a942ffffff","log_pop":2.9082733254,"log_mass":5.5889060218},{"country_iso":"GTM","city_id":259,"city":"Coatepeque","pop_total":8147.7385220247,"mass_total":2302503.4499071254,"n_hex":8,"sample_h3":"876d2aa42ffffff","log_pop":3.9110370831,"log_mass":6.3622002896},{"country_iso":"GTM","city_id":261,"city":"San Pedro Sacatep\u00e9quez [San Marcos]","pop_total":14555.8489762194,"mass_total":4660931.0071856519,"n_hex":12,"sample_h3":"876d284caffffff","log_pop":4.1630375409,"log_mass":6.6684726744},{"country_iso":"GTM","city_id":263,"city":"Retalhuleu","pop_total":7515.8876548262,"mass_total":2193193.9598631966,"n_hex":6,"sample_h3":"876d2bc21ffffff","log_pop":3.8759802798,"log_mass":6.3410770412},{"country_iso":"GTM","city_id":266,"city":"Ostuncalco","pop_total":5366.1992811203,"mass_total":1603436.4893147012,"n_hex":8,"sample_h3":"876d28610ffffff","log_pop":3.7296667968,"log_mass":6.2050517626},{"country_iso":"GTM","city_id":267,"city":"Mazatenango","pop_total":18313.4575163542,"mass_total":2306877.8424656484,"n_hex":6,"sample_h3":"876d2b8b4ffffff","log_pop":4.2627703453,"log_mass":6.3630245977},{"country_iso":"GTM","city_id":268,"city":"Quetzaltenango","pop_total":56672.575342571,"mass_total":14716438.7690845598,"n_hex":19,"sample_h3":"876d28600ffffff","log_pop":4.7533729485,"log_mass":7.1678027278},{"country_iso":"GTM","city_id":269,"city":"Totonicap\u00e1n","pop_total":6738.8422240613,"mass_total":1675355.3800379788,"n_hex":11,"sample_h3":"876d28740ffffff","log_pop":3.8285852884,"log_mass":6.2241069446},{"country_iso":"GTM","city_id":270,"city":"Momostenango","pop_total":1431.600403034,"mass_total":757324.1289219854,"n_hex":4,"sample_h3":"876d280d1ffffff","log_pop":3.155821812,"log_mass":5.879281794},{"country_iso":"GTM","city_id":271,"city":"Huehuetenango","pop_total":6761.0839331281,"mass_total":1525519.8241240471,"n_hex":7,"sample_h3":"876d28180ffffff","log_pop":3.8300163274,"log_mass":6.1834178557},{"country_iso":"GTM","city_id":274,"city":"Aguacat\u00e1n","pop_total":3871.9394516253,"mass_total":795850.1019871525,"n_hex":5,"sample_h3":"876d28103ffffff","log_pop":3.5879285573,"log_mass":5.9008312763},{"country_iso":"GTM","city_id":275,"city":"Panajachel [Solol\u00e1]","pop_total":5272.6600392173,"mass_total":1217985.2608822533,"n_hex":5,"sample_h3":"876d282f0ffffff","log_pop":3.7220297706,"log_mass":6.0856420328},{"country_iso":"GTM","city_id":276,"city":"Santa Luc\u00eda Cotzumalguapa","pop_total":8365.6049063496,"mass_total":2165367.6897198725,"n_hex":6,"sample_h3":"876d294d2ffffff","log_pop":3.9224973497,"log_mass":6.3355316522},{"country_iso":"GTM","city_id":278,"city":"Santa Cruz del Quich\u00e9","pop_total":14261.9521042992,"mass_total":1977818.341721229,"n_hex":6,"sample_h3":"876d28310ffffff","log_pop":4.1541789736,"log_mass":6.2961864001},{"country_iso":"GTM","city_id":279,"city":"Chichicastenango","pop_total":4181.1662559846,"mass_total":545985.4207744283,"n_hex":5,"sample_h3":"876d28222ffffff","log_pop":3.6212974368,"log_mass":5.7371810461},{"country_iso":"GTM","city_id":280,"city":"Santa Cruz Barillas","pop_total":2054.6051608217,"mass_total":980168.2223093775,"n_hex":4,"sample_h3":"876d2c6e8ffffff","log_pop":3.3127283747,"log_mass":5.9913006183},{"country_iso":"GTM","city_id":281,"city":"Santa Mar\u00eda Nebaj","pop_total":1476.9480315676,"mass_total":684934.8512633586,"n_hex":3,"sample_h3":"876d288c3ffffff","log_pop":3.1693652143,"log_mass":5.8356492648},{"country_iso":"GTM","city_id":282,"city":"Escuintla","pop_total":16698.1557401788,"mass_total":5565890.7696093759,"n_hex":10,"sample_h3":"876d29785ffffff","log_pop":4.2226685073,"log_mass":6.7455346791},{"country_iso":"GTM","city_id":283,"city":"Chimaltenango","pop_total":35556.2002919702,"mass_total":5821627.2259354787,"n_hex":9,"sample_h3":"876d29501ffffff","log_pop":4.550915344,"log_mass":6.765044393},{"country_iso":"GTM","city_id":285,"city":"Ciudad Vieja [Antigua Guatemala]","pop_total":14016.497551372,"mass_total":4264895.5563726109,"n_hex":10,"sample_h3":"876d29540ffffff","log_pop":4.1466395055,"log_mass":6.6299084001},{"country_iso":"GTM","city_id":286,"city":"Joyabaj","pop_total":1472.4687223977,"mass_total":513005.851088452,"n_hex":6,"sample_h3":"876d29d80ffffff","log_pop":3.1680460784,"log_mass":5.7101223185},{"country_iso":"GTM","city_id":287,"city":"Uspant\u00e1n","pop_total":814.9532435529,"mass_total":484270.7689570969,"n_hex":1,"sample_h3":"876d28b0affffff","log_pop":2.9111326926,"log_mass":5.6850882554},{"country_iso":"GTM","city_id":288,"city":"Guatemala City","pop_total":1371232.6820676487,"mass_total":178426645.3626777232,"n_hex":103,"sample_h3":"876d29000ffffff","log_pop":6.1371111557,"log_mass":8.2514597103},{"country_iso":"GTM","city_id":291,"city":"San Juan Sacatep\u00e9quez","pop_total":6238.4581159442,"mass_total":1364538.7428928434,"n_hex":5,"sample_h3":"876d291b4ffffff","log_pop":3.7950772636,"log_mass":6.134985871},{"country_iso":"GTM","city_id":293,"city":"Cubulco","pop_total":400.5143354865,"mass_total":249875.5764395029,"n_hex":3,"sample_h3":"876d29d20ffffff","log_pop":2.6026180653,"log_mass":5.397723809},{"country_iso":"GTM","city_id":294,"city":"San Jos\u00e9 Pinula","pop_total":25271.3065646003,"mass_total":8586128.2074799929,"n_hex":17,"sample_h3":"876d29001ffffff","log_pop":4.4026276962,"log_mass":6.933797369},{"country_iso":"GTM","city_id":296,"city":"Playa Grande Ixc\u00e1n","pop_total":924.5820476121,"mass_total":440792.6845831968,"n_hex":3,"sample_h3":"876d2c358ffffff","log_pop":2.9659454566,"log_mass":5.6442343783},{"country_iso":"GTM","city_id":297,"city":"La Leyenda","pop_total":5962.4447683521,"mass_total":948201.4719229355,"n_hex":3,"sample_h3":"876d29104ffffff","log_pop":3.7754243691,"log_mass":5.9769006252},{"country_iso":"GTM","city_id":298,"city":"San Cristobal Verapaz","pop_total":2017.6032085643,"mass_total":698458.8681849033,"n_hex":3,"sample_h3":"876d2d718ffffff","log_pop":3.3048357599,"log_mass":5.8441408359},{"country_iso":"GTM","city_id":300,"city":"Salam\u00e1","pop_total":3296.1317836593,"mass_total":1603636.1650336357,"n_hex":5,"sample_h3":"876d29914ffffff","log_pop":3.518004567,"log_mass":6.2051058419},{"country_iso":"GTM","city_id":301,"city":"Cob\u00e1n","pop_total":17200.5435618195,"mass_total":3791720.4629731113,"n_hex":9,"sample_h3":"876d2d0d0ffffff","log_pop":4.2355421715,"log_mass":6.5788363124},{"country_iso":"GTM","city_id":302,"city":"San Juan Chamelco","pop_total":1287.62127331,"mass_total":361154.4722638578,"n_hex":2,"sample_h3":"876d2d0d8ffffff","log_pop":3.1097881432,"log_mass":5.5576929972},{"country_iso":"GTM","city_id":303,"city":"San Pedro Carch\u00e1","pop_total":4046.5575238284,"mass_total":961865.6081804797,"n_hex":4,"sample_h3":"876d2d0c0ffffff","log_pop":3.6070857185,"log_mass":5.9831143967},{"country_iso":"GTM","city_id":304,"city":"Purulh\u00e1","pop_total":686.1635069267,"mass_total":334893.3586318325,"n_hex":4,"sample_h3":"876d2d280ffffff","log_pop":2.8364276167,"log_mass":5.524906535},{"country_iso":"GTM","city_id":306,"city":"Jalapa","pop_total":14663.1963222017,"mass_total":3330562.619710369,"n_hex":6,"sample_h3":"876d29b09ffffff","log_pop":4.1662286493,"log_mass":6.5225176035},{"country_iso":"GTM","city_id":307,"city":"Jutiapa","pop_total":5116.8388870239,"mass_total":1525540.3236373914,"n_hex":5,"sample_h3":"876d74c30ffffff","log_pop":3.7090017426,"log_mass":6.1834236916},{"country_iso":"GTM","city_id":313,"city":"Sayaxch\u00e9","pop_total":650.6479492431,"mass_total":376867.9022283513,"n_hex":5,"sample_h3":"87452c8d0ffffff","log_pop":2.8133460653,"log_mass":5.5761891502},{"country_iso":"GTM","city_id":317,"city":"Senah\u00fa","pop_total":225.8453517016,"mass_total":192259.491855673,"n_hex":4,"sample_h3":"874525268ffffff","log_pop":2.3538111564,"log_mass":5.2838877901},{"country_iso":"GTM","city_id":319,"city":"Fray Bartolom\u00e9 de las Casas","pop_total":698.446032698,"mass_total":518875.7840633514,"n_hex":3,"sample_h3":"876d2db02ffffff","log_pop":2.8441328548,"log_mass":5.7150634026},{"country_iso":"GTM","city_id":320,"city":"Santa Mar\u00eda Cahab\u00f3n","pop_total":189.5840716998,"mass_total":157107.1121630609,"n_hex":2,"sample_h3":"876d2da09ffffff","log_pop":2.2778018464,"log_mass":5.1961958458},{"country_iso":"GTM","city_id":322,"city":"Chiquimula","pop_total":12920.0060215408,"mass_total":3760393.6834860938,"n_hex":7,"sample_h3":"874525128ffffff","log_pop":4.1112627161,"log_mass":6.5752333145},{"country_iso":"GTM","city_id":324,"city":"Jocotan","pop_total":3192.776304993,"mass_total":649519.558592677,"n_hex":4,"sample_h3":"874525112ffffff","log_pop":3.5041684917,"log_mass":5.8125922333},{"country_iso":"GTM","city_id":325,"city":"Flores","pop_total":15334.4867591016,"mass_total":5347437.3843744667,"n_hex":9,"sample_h3":"87452c704ffffff","log_pop":4.1856692448,"log_mass":6.7281457079},{"country_iso":"GTM","city_id":327,"city":"El Estor","pop_total":1003.8628922846,"mass_total":952134.8513381417,"n_hex":5,"sample_h3":"8745219a0ffffff","log_pop":3.0016744009,"log_mass":5.9786984621},{"country_iso":"GTM","city_id":330,"city":"Popt\u00fan","pop_total":2070.020933931,"mass_total":1449991.7506217514,"n_hex":5,"sample_h3":"874521222ffffff","log_pop":3.3159747375,"log_mass":6.1613655314},{"country_iso":"GTM","city_id":336,"city":"Morales","pop_total":3357.198221878,"mass_total":1769278.6782548178,"n_hex":6,"sample_h3":"874520a52ffffff","log_pop":3.5259769844,"log_mass":6.2477962438},{"country_iso":"GTM","city_id":340,"city":"Puerto Barrios","pop_total":9946.5793330155,"mass_total":3945096.1922526401,"n_hex":7,"sample_h3":"874520200ffffff","log_pop":3.9976737509,"log_mass":6.596057597}]