[{"country_iso":"KHM","city_id":11043,"city":"Sampov Lun","pop_total":2805.1291403172,"mass_total":429480.8791929769,"n_hex":4,"sample_h3":"87659da8affffff","log_pop":3.4479528598,"log_mass":5.6329438335},{"country_iso":"KHM","city_id":11053,"city":"Khum Pech Chenda","pop_total":5246.0317975371,"mass_total":395939.1385709682,"n_hex":3,"sample_h3":"87659da04ffffff","log_pop":3.7198309186,"log_mass":5.5976284339},{"country_iso":"KHM","city_id":11061,"city":"Poipet","pop_total":44644.7498093512,"mass_total":5468580.3207467506,"n_hex":6,"sample_h3":"87659d018ffffff","log_pop":4.6497703935,"log_mass":6.7378745953},{"country_iso":"KHM","city_id":11118,"city":"Sisophon","pop_total":16778.3048416568,"mass_total":3058092.7635452417,"n_hex":8,"sample_h3":"87659dc09ffffff","log_pop":4.2247480807,"log_mass":6.4854506551},{"country_iso":"KHM","city_id":11165,"city":"Battambang","pop_total":58412.1880290648,"mass_total":8855953.1985902414,"n_hex":17,"sample_h3":"876583601ffffff","log_pop":4.7665034745,"log_mass":6.9472353127},{"country_iso":"KHM","city_id":11257,"city":"Siem Reap","pop_total":103506.2333304438,"mass_total":13109947.415912386,"n_hex":19,"sample_h3":"87659c860ffffff","log_pop":5.0149665046,"log_mass":7.1176009497},{"country_iso":"KHM","city_id":11305,"city":"Sihanoukville","pop_total":25878.9515102947,"mass_total":5383884.6112612681,"n_hex":9,"sample_h3":"876585329ffffff","log_pop":4.4129466768,"log_mass":6.7310957434},{"country_iso":"KHM","city_id":11429,"city":"Kampong Chhnang","pop_total":8505.4144506866,"mass_total":1767281.3418358464,"n_hex":6,"sample_h3":"876580513ffffff","log_pop":3.9296954807,"log_mass":6.2473056924},{"country_iso":"KHM","city_id":11478,"city":"Phnom Penh","pop_total":1224154.8863333832,"mass_total":105700251.2559108883,"n_hex":70,"sample_h3":"876580d20ffffff","log_pop":6.0878363704,"log_mass":8.0240760197},{"country_iso":"KHM","city_id":11572,"city":"Kampong Cham","pop_total":23706.6039296262,"mass_total":2961923.1274451772,"n_hex":7,"sample_h3":"876586129ffffff","log_pop":4.3748693439,"log_mass":6.4715737828}]