[{"country_iso":"AZE","city_id":5205,"city":"Nakhchivan","pop_total":6133.2110211344,"mass_total":3559031.1729118731,"n_hex":8,"sample_h3":"872c03180ffffff","log_pop":3.7876879074,"log_mass":6.5513317919},{"country_iso":"AZE","city_id":5253,"city":"Ganja","pop_total":176199.1502614103,"mass_total":47564826.5908885449,"n_hex":19,"sample_h3":"872c0c4c3ffffff","log_pop":5.2460038097,"log_mass":7.6772859178},{"country_iso":"AZE","city_id":5325,"city":"Sheki","pop_total":11571.0911712179,"mass_total":9037640.0965671726,"n_hex":9,"sample_h3":"872c08840ffffff","log_pop":4.0633743155,"log_mass":6.9560550426},{"country_iso":"AZE","city_id":5330,"city":"Mingachevir","pop_total":33656.216088051,"mass_total":10615522.894355271,"n_hex":9,"sample_h3":"872c08c29ffffff","log_pop":4.5270652874,"log_mass":7.0259413913},{"country_iso":"AZE","city_id":5365,"city":"Barda","pop_total":6926.9688230112,"mass_total":9650682.2083324678,"n_hex":8,"sample_h3":"872c0e240ffffff","log_pop":3.840543233,"log_mass":6.9845580148},{"country_iso":"AZE","city_id":5372,"city":"X\u0131nd\u0131r\u0131stan","pop_total":2438.7811832503,"mass_total":930097.5806805685,"n_hex":9,"sample_h3":"872c0e281ffffff","log_pop":3.3871728355,"log_mass":5.9685285147},{"country_iso":"AZE","city_id":5438,"city":"Kurdamir","pop_total":2441.545855517,"mass_total":2128058.6592094637,"n_hex":7,"sample_h3":"872c0aa49ffffff","log_pop":3.3876648853,"log_mass":6.327983595},{"country_iso":"AZE","city_id":5457,"city":"Shamakhi","pop_total":490.7188751277,"mass_total":345764.8591662483,"n_hex":4,"sample_h3":"872c0b128ffffff","log_pop":2.6908327631,"log_mass":5.5387808529},{"country_iso":"AZE","city_id":5461,"city":"Saatli","pop_total":2255.7027663315,"mass_total":988641.3766535164,"n_hex":5,"sample_h3":"872c0a201ffffff","log_pop":3.3532818722,"log_mass":5.9950387826},{"country_iso":"AZE","city_id":5468,"city":"Sabirabad","pop_total":5364.8566870633,"mass_total":3042229.8369019283,"n_hex":7,"sample_h3":"872c0a240ffffff","log_pop":3.729558125,"log_mass":6.4831920214},{"country_iso":"AZE","city_id":5486,"city":"C\u0259lilabad","pop_total":527.4441832075,"mass_total":1196202.2132092523,"n_hex":5,"sample_h3":"872c19a4bffffff","log_pop":2.7221765072,"log_mass":6.0778046016},{"country_iso":"AZE","city_id":5495,"city":"\u015eirvan","pop_total":28939.3000857105,"mass_total":6314810.6031720936,"n_hex":9,"sample_h3":"872c0b481ffffff","log_pop":4.4614880232,"log_mass":6.8003603295},{"country_iso":"AZE","city_id":5505,"city":"Masall\u0131","pop_total":515.3546079767,"mass_total":870079.3695509569,"n_hex":5,"sample_h3":"872c19348ffffff","log_pop":2.7121061636,"log_mass":5.9395588712},{"country_iso":"AZE","city_id":5513,"city":"Sumgayit","pop_total":195852.8316720654,"mass_total":49911034.3479337692,"n_hex":32,"sample_h3":"872c0b2c0ffffff","log_pop":5.291929855,"log_mass":7.6981965702},{"country_iso":"AZE","city_id":5524,"city":"Lankaran","pop_total":4876.5450440482,"mass_total":2704514.7948850803,"n_hex":9,"sample_h3":"872c192c2ffffff","log_pop":3.6881122401,"log_mass":6.4320893616},{"country_iso":"AZE","city_id":5528,"city":"Baku","pop_total":1319987.1743583675,"mass_total":252909104.1275486946,"n_hex":88,"sample_h3":"872ce5800ffffff","log_pop":6.1205697114,"log_mass":8.4029644632}]