[{"country_iso":"ZAF","city_id":3268,"city":"Cape Town","pop_total":2872608.3476006994,"mass_total":397139724.7521575093,"n_hex":185,"sample_h3":"87ad36000ffffff","log_pop":6.4582764182,"log_mass":8.5989433305},{"country_iso":"ZAF","city_id":3276,"city":"Atlantis","pop_total":16581.2305505076,"mass_total":1117145.7114679299,"n_hex":6,"sample_h3":"87ad36701ffffff","log_pop":4.2196167579,"log_mass":6.0481098227},{"country_iso":"ZAF","city_id":3286,"city":"Somerset West","pop_total":134517.2375964915,"mass_total":20873443.3627963476,"n_hex":15,"sample_h3":"87ad36d40ffffff","log_pop":5.1287779402,"log_mass":7.3195940978},{"country_iso":"ZAF","city_id":3290,"city":"Stellenbosch","pop_total":50254.1920389758,"mass_total":7113149.0173669728,"n_hex":10,"sample_h3":"87ad36cc4ffffff","log_pop":4.701172295,"log_mass":6.8520619071},{"country_iso":"ZAF","city_id":3302,"city":"Paarl","pop_total":137482.0089654305,"mass_total":16082266.2937077843,"n_hex":21,"sample_h3":"87ad36436ffffff","log_pop":5.1382458697,"log_mass":7.206347249},{"country_iso":"ZAF","city_id":3320,"city":"Worcester","pop_total":51018.733145564,"mass_total":8406471.2149914727,"n_hex":10,"sample_h3":"87bc4d934ffffff","log_pop":4.7077296704,"log_mass":6.9246137302},{"country_iso":"ZAF","city_id":3398,"city":"Upington","pop_total":4292.598489402,"mass_total":379350.0326377362,"n_hex":4,"sample_h3":"87adb5211ffffff","log_pop":3.6327202684,"log_mass":5.5790401258},{"country_iso":"ZAF","city_id":3400,"city":"Mossel Bay","pop_total":24750.1807925947,"mass_total":4414977.8675899925,"n_hex":10,"sample_h3":"87bc45312ffffff","log_pop":4.3935783757,"log_mass":6.6449285308},{"country_iso":"ZAF","city_id":3407,"city":"Oudtshoorn","pop_total":4269.5752860453,"mass_total":1396942.3899612911,"n_hex":6,"sample_h3":"87bc41d42ffffff","log_pop":3.6303846759,"log_mass":6.1451784961},{"country_iso":"ZAF","city_id":3410,"city":"George","pop_total":65567.8192305413,"mass_total":9415815.5176756922,"n_hex":13,"sample_h3":"87bc45449ffffff","log_pop":4.8166907394,"log_mass":6.9738579409},{"country_iso":"ZAF","city_id":3497,"city":"KwaNobuhle 1","pop_total":82925.5215617662,"mass_total":7456294.8280615956,"n_hex":8,"sample_h3":"87bc73a11ffffff","log_pop":4.9186882117,"log_mass":6.872523072},{"country_iso":"ZAF","city_id":3500,"city":"Uitenhage","pop_total":71258.2032499966,"mass_total":13814475.5961754806,"n_hex":13,"sample_h3":"87bc73a88ffffff","log_pop":4.8528348676,"log_mass":7.1403344035},{"country_iso":"ZAF","city_id":3505,"city":"Port Elizabeth","pop_total":556708.1243759432,"mass_total":105433588.7410643697,"n_hex":63,"sample_h3":"87bc73842ffffff","log_pop":5.7456275593,"log_mass":8.0229789893},{"country_iso":"ZAF","city_id":3511,"city":"Kimberley","pop_total":117077.9660211517,"mass_total":17745732.3216280192,"n_hex":16,"sample_h3":"87bce824bffffff","log_pop":5.0684751689,"log_mass":7.2490939263},{"country_iso":"ZAF","city_id":3515,"city":"Wells Estate","pop_total":117631.565045919,"mass_total":12891275.9981975611,"n_hex":13,"sample_h3":"87bc7314dffffff","log_pop":5.0705238752,"log_mass":7.1102959066},{"country_iso":"ZAF","city_id":3552,"city":"Makhanda (Grahamstown)","pop_total":1023.6667388299,"mass_total":633175.5481731228,"n_hex":4,"sample_h3":"87bc54954ffffff","log_pop":3.0101585923,"log_mass":5.801524135},{"country_iso":"ZAF","city_id":3563,"city":"Mafikeng","pop_total":37275.8844999037,"mass_total":10819446.4103300627,"n_hex":19,"sample_h3":"87bcc8580ffffff","log_pop":4.5714279574,"log_mass":7.0342050402},{"country_iso":"ZAF","city_id":3571,"city":"Bloemfontein","pop_total":291629.63163731,"mass_total":52169033.5627864003,"n_hex":30,"sample_h3":"87bce8d90ffffff","log_pop":5.4648316493,"log_mass":7.7174127914},{"country_iso":"ZAF","city_id":3579,"city":"Komani (Queenstown)","pop_total":44410.0252506651,"mass_total":6846536.9927944168,"n_hex":9,"sample_h3":"87bc56300ffffff","log_pop":4.6474810201,"log_mass":6.8354709591},{"country_iso":"ZAF","city_id":3595,"city":"Botshabelo Rural","pop_total":40291.2639135564,"mass_total":6172069.2856649188,"n_hex":10,"sample_h3":"87bcee140ffffff","log_pop":4.6052108912,"log_mass":6.7904307927},{"country_iso":"ZAF","city_id":3597,"city":"Botshabelo","pop_total":67280.8034983153,"mass_total":8308399.7568239095,"n_hex":10,"sample_h3":"87bcee160ffffff","log_pop":4.8278911694,"log_mass":6.9195173843},{"country_iso":"ZAF","city_id":3605,"city":"Jouberton","pop_total":56756.8998268506,"mass_total":5025233.5684249299,"n_hex":9,"sample_h3":"87bcc1280ffffff","log_pop":4.7540186654,"log_mass":6.7011562522},{"country_iso":"ZAF","city_id":3607,"city":"Uitkomsdal","pop_total":23318.5038055682,"mass_total":1977077.6719034454,"n_hex":5,"sample_h3":"87bcc12b4ffffff","log_pop":4.3677006812,"log_mass":6.2960237314},{"country_iso":"ZAF","city_id":3608,"city":"Kutlwanong","pop_total":25515.8654097202,"mass_total":2380085.1522772964,"n_hex":6,"sample_h3":"87bcea580ffffff","log_pop":4.4068103027,"log_mass":6.3765924951},{"country_iso":"ZAF","city_id":3611,"city":"Bronville","pop_total":85656.9259568475,"mass_total":8659231.9413091391,"n_hex":11,"sample_h3":"87bcc5243ffffff","log_pop":4.9327624844,"log_mass":6.9374793726},{"country_iso":"ZAF","city_id":3612,"city":"Lilian Ngoyi Village","pop_total":16796.7268307041,"mass_total":2652171.9849479343,"n_hex":14,"sample_h3":"87bc0902dffffff","log_pop":4.2252246592,"log_mass":6.4236016833},{"country_iso":"ZAF","city_id":3617,"city":"East London","pop_total":158175.3449494805,"mass_total":27801937.0944185778,"n_hex":25,"sample_h3":"87bc09100ffffff","log_pop":5.1991387902,"log_mass":7.4440750564},{"country_iso":"ZAF","city_id":3627,"city":"Potchefstroom","pop_total":68970.0568984947,"mass_total":14937913.4380749427,"n_hex":17,"sample_h3":"87bcc1783ffffff","log_pop":4.8386605843,"log_mass":7.1742899385},{"country_iso":"ZAF","city_id":3630,"city":"Kroonstad","pop_total":58673.410475574,"mass_total":11180387.6144995522,"n_hex":14,"sample_h3":"87bcc1984ffffff","log_pop":4.7684413329,"log_mass":7.0484568604},{"country_iso":"ZAF","city_id":3644,"city":"Rustenburg","pop_total":99040.6286861616,"mass_total":20766748.4489834048,"n_hex":15,"sample_h3":"87bcdd812ffffff","log_pop":4.9958133885,"log_mass":7.3173685023},{"country_iso":"ZAF","city_id":3645,"city":"Khutsong","pop_total":25550.6764726499,"mass_total":1617985.5563945447,"n_hex":5,"sample_h3":"87bcc3a83ffffff","log_pop":4.4074024029,"log_mass":6.2089746404},{"country_iso":"ZAF","city_id":3649,"city":"Paardekraal","pop_total":71016.5220450986,"mass_total":6088702.7181098666,"n_hex":10,"sample_h3":"87bcdd8a4ffffff","log_pop":4.8513593994,"log_mass":6.7845247701},{"country_iso":"ZAF","city_id":3665,"city":"Stesa AH","pop_total":57283.7079828517,"mass_total":4031873.0079145208,"n_hex":6,"sample_h3":"87bcc3010ffffff","log_pop":4.7580311222,"log_mass":6.6055068447},{"country_iso":"ZAF","city_id":3667,"city":"Vanderbijlpark","pop_total":171415.6721198018,"mass_total":35501809.8977635056,"n_hex":23,"sample_h3":"87bcc3832ffffff","log_pop":5.2340505259,"log_mass":7.5502504941},{"country_iso":"ZAF","city_id":3668,"city":"Modderspruit","pop_total":13779.5021894865,"mass_total":2168184.771318892,"n_hex":8,"sample_h3":"87bcc3680ffffff","log_pop":4.1392335281,"log_mass":6.3360962897},{"country_iso":"ZAF","city_id":3669,"city":"Sasolburg","pop_total":74340.4730947358,"mass_total":15978953.492660135,"n_hex":14,"sample_h3":"87bcc029affffff","log_pop":4.8712253206,"log_mass":7.2035483327},{"country_iso":"ZAF","city_id":3671,"city":"Azaadville","pop_total":43447.0522430983,"mass_total":2630288.4575802805,"n_hex":5,"sample_h3":"87bcc30a0ffffff","log_pop":4.6379603162,"log_mass":6.4200033792},{"country_iso":"ZAF","city_id":3672,"city":"Evaton","pop_total":380045.1382508622,"mass_total":31735352.9078955129,"n_hex":29,"sample_h3":"87bcc3880ffffff","log_pop":5.5798351812,"log_mass":7.5015433322},{"country_iso":"ZAF","city_id":3673,"city":"Johannesburg","pop_total":5002143.6636234121,"mass_total":812078068.2735825777,"n_hex":340,"sample_h3":"87bcc2240ffffff","log_pop":6.6991561607,"log_mass":8.9095977817},{"country_iso":"ZAF","city_id":3677,"city":"Lenasia South","pop_total":61581.3241244408,"mass_total":7055425.5732617425,"n_hex":9,"sample_h3":"87bcc3136ffffff","log_pop":4.7894490229,"log_mass":6.8485232149},{"country_iso":"ZAF","city_id":3678,"city":"Lenasia","pop_total":62859.8521273181,"mass_total":7210266.0843762262,"n_hex":9,"sample_h3":"87bcc31a0ffffff","log_pop":4.798373355,"log_mass":6.857951292},{"country_iso":"ZAF","city_id":3681,"city":"Wheielers farm settlement","pop_total":25222.0012887723,"mass_total":1965695.7738007458,"n_hex":7,"sample_h3":"87bcc3c40ffffff","log_pop":4.4017795435,"log_mass":6.2935163039},{"country_iso":"ZAF","city_id":3689,"city":"Ga-Rankuwa","pop_total":55171.1656918698,"mass_total":9412653.589617677,"n_hex":14,"sample_h3":"87bcdca04ffffff","log_pop":4.7417121601,"log_mass":6.9737120758},{"country_iso":"ZAF","city_id":3690,"city":"Bethlehem","pop_total":41473.5640886257,"mass_total":5317492.7400759449,"n_hex":8,"sample_h3":"87bcc4309ffffff","log_pop":4.6177713587,"log_mass":6.7257069056},{"country_iso":"ZAF","city_id":3693,"city":"Diepsloot","pop_total":128133.0149938022,"mass_total":3977834.6127341036,"n_hex":7,"sample_h3":"87bcc3418ffffff","log_pop":5.1076610453,"log_mass":6.5996467224},{"country_iso":"ZAF","city_id":3697,"city":"Klipgat","pop_total":605474.3102844565,"mass_total":82196215.859325096,"n_hex":60,"sample_h3":"87bcdc064ffffff","log_pop":5.7820957212,"log_mass":7.914851824},{"country_iso":"ZAF","city_id":3698,"city":"Pretoria","pop_total":1090521.7310122547,"mass_total":199283053.6994247437,"n_hex":103,"sample_h3":"87bcc3498ffffff","log_pop":6.0376343243,"log_mass":8.2994703695},{"country_iso":"ZAF","city_id":3700,"city":"Midrand","pop_total":49350.611957491,"mass_total":16968173.7630845346,"n_hex":13,"sample_h3":"87bcc3414ffffff","log_pop":4.6932925424,"log_mass":7.2296351029},{"country_iso":"ZAF","city_id":3704,"city":"Mnandi A.H.","pop_total":54159.3504322732,"mass_total":3316123.633390612,"n_hex":4,"sample_h3":"87bcc3412ffffff","log_pop":4.7336734469,"log_mass":6.5206307138},{"country_iso":"ZAF","city_id":3707,"city":"Centurion","pop_total":124172.1022839101,"mass_total":38030752.6725912243,"n_hex":24,"sample_h3":"87bcc3480ffffff","log_pop":5.094024034,"log_mass":7.5801349207},{"country_iso":"ZAF","city_id":3718,"city":"Tsakane","pop_total":289371.5412694963,"mass_total":24226414.8904649988,"n_hex":21,"sample_h3":"87bcc2342ffffff","log_pop":5.4614558175,"log_mass":7.3842891505},{"country_iso":"ZAF","city_id":3719,"city":"De Rust Caravan Park","pop_total":110051.0654292854,"mass_total":20013204.0377117954,"n_hex":19,"sample_h3":"87bcdc021ffffff","log_pop":5.0415942514,"log_mass":7.3013166231},{"country_iso":"ZAF","city_id":3721,"city":"Daveyton","pop_total":262914.7650485609,"mass_total":18365373.2591243163,"n_hex":19,"sample_h3":"87bcc2201ffffff","log_pop":5.4198149764,"log_mass":7.2639997594},{"country_iso":"ZAF","city_id":3722,"city":"Phuthaditjhaba","pop_total":33017.5765205344,"mass_total":8410911.0369931143,"n_hex":25,"sample_h3":"87bcc4819ffffff","log_pop":4.518745193,"log_mass":6.9248430394},{"country_iso":"ZAF","city_id":3753,"city":"KwaMhlanga","pop_total":64266.0498948331,"mass_total":12969604.3057539053,"n_hex":21,"sample_h3":"87bcdcc08ffffff","log_pop":4.8079816069,"log_mass":7.1129267262},{"country_iso":"ZAF","city_id":3761,"city":"eMbalenhle","pop_total":101499.1821735525,"mass_total":8353094.5305240592,"n_hex":10,"sample_h3":"87bcc2882ffffff","log_pop":5.0064625429,"log_mass":6.9218473963},{"country_iso":"ZAF","city_id":3764,"city":"Standerton","pop_total":32126.9343149873,"mass_total":3659305.7478470029,"n_hex":7,"sample_h3":"87bcc6290ffffff","log_pop":4.5068692854,"log_mass":6.5633986978},{"country_iso":"ZAF","city_id":3768,"city":"Vosman","pop_total":101860.2550853241,"mass_total":6795468.9911429742,"n_hex":7,"sample_h3":"87bcc24caffffff","log_pop":5.0080047594,"log_mass":6.8322194351},{"country_iso":"ZAF","city_id":3774,"city":"Emalahleni","pop_total":94683.487753226,"mass_total":17328785.8078264706,"n_hex":19,"sample_h3":"87bcc24c0ffffff","log_pop":4.9762742472,"log_mass":7.2387681337},{"country_iso":"ZAF","city_id":3776,"city":"Mokopane","pop_total":25942.7905137559,"mass_total":5121002.0760934008,"n_hex":11,"sample_h3":"87bcde0d0ffffff","log_pop":4.4140166888,"log_mass":6.7093549519},{"country_iso":"ZAF","city_id":3799,"city":"Middelburg","pop_total":100021.7763215216,"mass_total":13250510.3619712088,"n_hex":18,"sample_h3":"87bcd1840ffffff","log_pop":5.0000945631,"log_mass":7.1222326061},{"country_iso":"ZAF","city_id":3801,"city":"Ezakheni","pop_total":21381.9799347592,"mass_total":2510502.3883835473,"n_hex":8,"sample_h3":"87bcf1859ffffff","log_pop":4.3300479177,"log_mass":6.3997606389},{"country_iso":"ZAF","city_id":3812,"city":"Edendale","pop_total":75232.8132213131,"mass_total":8614321.2552657817,"n_hex":22,"sample_h3":"87bcf5b00ffffff","log_pop":4.8764073019,"log_mass":6.9352210639},{"country_iso":"ZAF","city_id":3814,"city":"Polokwane","pop_total":152538.762544399,"mass_total":29558734.2155234553,"n_hex":30,"sample_h3":"87972db01ffffff","log_pop":5.1833802189,"log_mass":7.4706858325},{"country_iso":"ZAF","city_id":3821,"city":"Osizweni","pop_total":135346.7051484779,"mass_total":13784987.3626260255,"n_hex":20,"sample_h3":"87bcf1684ffffff","log_pop":5.1314476879,"log_mass":7.1394063723},{"country_iso":"ZAF","city_id":3823,"city":"Pietermaritzburg","pop_total":80598.034716143,"mass_total":18210285.1020075083,"n_hex":16,"sample_h3":"87bcf5a34ffffff","log_pop":4.9063244522,"log_mass":7.2603167452},{"country_iso":"ZAF","city_id":3838,"city":"Ermelo","pop_total":32151.4041760353,"mass_total":4566006.9117421145,"n_hex":11,"sample_h3":"87bcd5169ffffff","log_pop":4.507199945,"log_mass":6.6595365646},{"country_iso":"ZAF","city_id":3846,"city":"Mpumalanga","pop_total":36316.1802741743,"mass_total":4465002.1513704276,"n_hex":12,"sample_h3":"87bcf5940ffffff","log_pop":4.5601001633,"log_mass":6.6498216725},{"country_iso":"ZAF","city_id":3855,"city":"Mankweng","pop_total":17024.5613155462,"mass_total":2921307.2108288142,"n_hex":8,"sample_h3":"87972d828ffffff","log_pop":4.2310759299,"log_mass":6.4655772307},{"country_iso":"ZAF","city_id":3868,"city":"Durban","pop_total":1515987.8578345384,"mass_total":233696470.0949810445,"n_hex":177,"sample_h3":"87bc1b200ffffff","log_pop":6.1806957229,"log_mass":8.3686521526},{"country_iso":"ZAF","city_id":3940,"city":"Tongaat","pop_total":27503.3819355162,"mass_total":3078271.8462509038,"n_hex":10,"sample_h3":"87bcf5d09ffffff","log_pop":4.4393860999,"log_mass":6.4883069703},{"country_iso":"ZAF","city_id":3988,"city":"Stanger","pop_total":21042.5076650715,"mass_total":3114816.0726261414,"n_hex":6,"sample_h3":"87bcf5ca0ffffff","log_pop":4.323097494,"log_mass":6.493432407},{"country_iso":"ZAF","city_id":4067,"city":"eHlau-Hlau","pop_total":20856.6880817834,"mass_total":4776267.0398427956,"n_hex":15,"sample_h3":"87bcd0192ffffff","log_pop":4.3192453462,"log_mass":6.6790886001},{"country_iso":"ZAF","city_id":4070,"city":"Salubindza","pop_total":7245.6639638415,"mass_total":1526379.7465083892,"n_hex":12,"sample_h3":"87bcd0446ffffff","log_pop":3.8600781887,"log_mass":6.1836625948},{"country_iso":"ZAF","city_id":4071,"city":"eGobhoza","pop_total":39806.7284871962,"mass_total":6334639.1681066314,"n_hex":13,"sample_h3":"87bcd0194ffffff","log_pop":4.5999564866,"log_mass":6.8017218818},{"country_iso":"ZAF","city_id":4092,"city":"Sikhalasenkosi","pop_total":28054.8634666728,"mass_total":2942041.9332506321,"n_hex":9,"sample_h3":"87bcf4600ffffff","log_pop":4.4480081595,"log_mass":6.4686488585},{"country_iso":"ZAF","city_id":4155,"city":"Naas","pop_total":16966.9758079276,"mass_total":2836178.1255978723,"n_hex":10,"sample_h3":"87bcd6a10ffffff","log_pop":4.2296044406,"log_mass":6.4527335031}]