[{"country_iso":"MLI","city_id":1521,"city":"Kayes","pop_total":4660.1710090637,"mass_total":246948.3193369831,"n_hex":3,"sample_h3":"875408b40ffffff","log_pop":3.6684018538,"log_mass":5.3926060748},{"country_iso":"MLI","city_id":1536,"city":"Kita","pop_total":12228.6049451379,"mass_total":1149058.205744602,"n_hex":6,"sample_h3":"875473660ffffff","log_pop":4.087376915,"log_mass":6.0603420285},{"country_iso":"MLI","city_id":1552,"city":"Kati","pop_total":56753.0426005092,"mass_total":5617993.5897973264,"n_hex":13,"sample_h3":"875440d22ffffff","log_pop":4.7539891496,"log_mass":6.7495812393},{"country_iso":"MLI","city_id":1553,"city":"Bamako","pop_total":2238447.466609159,"mass_total":125902696.0333147049,"n_hex":100,"sample_h3":"875440991ffffff","log_pop":6.3499469065,"log_mass":8.10003503},{"country_iso":"MLI","city_id":1555,"city":"S\u00e9nou","pop_total":71959.9821528678,"mass_total":3939321.5956567172,"n_hex":6,"sample_h3":"875440896ffffff","log_pop":4.857091047,"log_mass":6.5954214369},{"country_iso":"MLI","city_id":1565,"city":"Bougouni","pop_total":20855.5645762425,"mass_total":2411956.574412412,"n_hex":6,"sample_h3":"87544144bffffff","log_pop":4.319221951,"log_mass":6.3823694844},{"country_iso":"MLI","city_id":1578,"city":"Virage de Dioila","pop_total":13475.7095049091,"mass_total":1486797.2949313265,"n_hex":3,"sample_h3":"875445c45ffffff","log_pop":4.1295516403,"log_mass":6.1722517623},{"country_iso":"MLI","city_id":1596,"city":"S\u00e9gou","pop_total":94298.4596559936,"mass_total":10334298.8207994644,"n_hex":13,"sample_h3":"875463a09ffffff","log_pop":4.9745045987,"log_mass":7.0142810152},{"country_iso":"MLI","city_id":1607,"city":"Niono","pop_total":11878.1012117087,"mass_total":1041076.2926068676,"n_hex":4,"sample_h3":"875460360ffffff","log_pop":4.0747470215,"log_mass":6.0174825568},{"country_iso":"MLI","city_id":1614,"city":"Sikasso","pop_total":142523.86194507,"mass_total":11974984.0477220267,"n_hex":18,"sample_h3":"87546b084ffffff","log_pop":5.1538875818,"log_mass":7.0782749435},{"country_iso":"MLI","city_id":1624,"city":"Koutiala","pop_total":111840.4440014091,"mass_total":9041554.7960138582,"n_hex":15,"sample_h3":"875468529ffffff","log_pop":5.0485988825,"log_mass":6.9562431187},{"country_iso":"MLI","city_id":1648,"city":"San","pop_total":30300.9724180109,"mass_total":3488599.3050622479,"n_hex":7,"sample_h3":"87546c102ffffff","log_pop":4.4814565661,"log_mass":6.5426510899},{"country_iso":"MLI","city_id":1676,"city":"Mopti","pop_total":5280.1444900064,"mass_total":317515.6427907271,"n_hex":6,"sample_h3":"8759b0da4ffffff","log_pop":3.7226458071,"log_mass":5.5017651262},{"country_iso":"MLI","city_id":1679,"city":"Socoura","pop_total":5888.1432367175,"mass_total":736463.3263912539,"n_hex":4,"sample_h3":"8759b0d02ffffff","log_pop":3.7699783662,"log_mass":5.8671511252},{"country_iso":"MLI","city_id":1954,"city":"Gao","pop_total":41837.4629556544,"mass_total":2995969.8986646957,"n_hex":7,"sample_h3":"8759ac446ffffff","log_pop":4.6215653408,"log_mass":6.4765374456}]