[{"country_iso":"THA","city_id":10385,"city":"Chiang Mai","pop_total":253822.5300463261,"mass_total":69256564.8366184384,"n_hex":50,"sample_h3":"876482134ffffff","log_pop":5.4045301687,"log_mass":7.8404609465},{"country_iso":"THA","city_id":10421,"city":"Chiang Rai","pop_total":36295.1748803905,"mass_total":12537074.0933198892,"n_hex":14,"sample_h3":"876490a40ffffff","log_pop":4.5598488933,"log_mass":7.0981961925},{"country_iso":"THA","city_id":10450,"city":"Lampang","pop_total":47979.8173611725,"mass_total":12918086.8151759468,"n_hex":15,"sample_h3":"8764860c3ffffff","log_pop":4.6810585905,"log_mass":7.1111981989},{"country_iso":"THA","city_id":10522,"city":"Kamphaeng Phet","pop_total":28319.8435510542,"mass_total":6068192.1996417753,"n_hex":10,"sample_h3":"876484901ffffff","log_pop":4.4520908498,"log_mass":6.7830593279},{"country_iso":"THA","city_id":10597,"city":"Phitsanulok","pop_total":80959.4642567223,"mass_total":23137046.0321937129,"n_hex":23,"sample_h3":"8764b1a24ffffff","log_pop":4.9082676256,"log_mass":7.3643079106},{"country_iso":"THA","city_id":10617,"city":"Kanchanaburi","pop_total":23978.7153876473,"mass_total":6188893.8579764199,"n_hex":13,"sample_h3":"8764a5080ffffff","log_pop":4.3798259129,"log_mass":6.7916130344},{"country_iso":"THA","city_id":10618,"city":"Ranong","pop_total":31488.3908875194,"mass_total":5962674.3211009493,"n_hex":10,"sample_h3":"876433942ffffff","log_pop":4.498150468,"log_mass":6.775441089},{"country_iso":"THA","city_id":10627,"city":"Phuket","pop_total":222180.6573327364,"mass_total":32423009.5120670572,"n_hex":34,"sample_h3":"876426642ffffff","log_pop":5.3467062473,"log_mass":7.5108533237},{"country_iso":"THA","city_id":10630,"city":"Nakhon Sawan","pop_total":47862.4540442186,"mass_total":14960988.9355938733,"n_hex":12,"sample_h3":"8764a2840ffffff","log_pop":4.6799949624,"log_mass":7.1749603018},{"country_iso":"THA","city_id":10660,"city":"Ratchaburi","pop_total":38132.5526807785,"mass_total":9654453.0649665445,"n_hex":10,"sample_h3":"8764a5980ffffff","log_pop":4.5812958789,"log_mass":6.9847276756},{"country_iso":"THA","city_id":10662,"city":"Chumphon","pop_total":11712.7549326326,"mass_total":3705748.7487747371,"n_hex":8,"sample_h3":"876432acdffffff","log_pop":4.0686590566,"log_mass":6.5688759706},{"country_iso":"THA","city_id":10680,"city":"Nakhon Pathom","pop_total":99608.2564230152,"mass_total":21741649.7235170007,"n_hex":23,"sample_h3":"8764a4a4affffff","log_pop":4.9982953381,"log_mass":7.3372924946},{"country_iso":"THA","city_id":10693,"city":"Phetchaburi","pop_total":28064.5453740083,"mass_total":7629863.6070894971,"n_hex":11,"sample_h3":"87658b232ffffff","log_pop":4.4481580113,"log_mass":6.8825167745},{"country_iso":"THA","city_id":10715,"city":"Bangkok","pop_total":10347578.7135766223,"mass_total":1272769242.8898408413,"n_hex":510,"sample_h3":"8764a4000ffffff","log_pop":7.0148387387,"log_mass":9.1047496718},{"country_iso":"THA","city_id":10720,"city":"Surat Thani","pop_total":59166.7824208054,"mass_total":15879290.6348749809,"n_hex":18,"sample_h3":"876430860ffffff","log_pop":4.7720779523,"log_mass":7.2008310976},{"country_iso":"THA","city_id":10723,"city":"Lopburi","pop_total":46121.9470528341,"mass_total":10654880.8612797577,"n_hex":14,"sample_h3":"8764a6b40ffffff","log_pop":4.6639076329,"log_mass":7.027548598},{"country_iso":"THA","city_id":10734,"city":"Phra Nakhon Si Ayutthaya","pop_total":57778.8591821437,"mass_total":16314133.1986834444,"n_hex":16,"sample_h3":"8764a4081ffffff","log_pop":4.7617689626,"log_mass":7.2125640038},{"country_iso":"THA","city_id":10768,"city":"Saraburi","pop_total":40152.4614209194,"mass_total":9954467.2238377314,"n_hex":12,"sample_h3":"8764a4400ffffff","log_pop":4.6037121735,"log_mass":6.998018021},{"country_iso":"THA","city_id":10797,"city":"Thung Song","pop_total":14510.9961769487,"mass_total":4483045.0845842743,"n_hex":8,"sample_h3":"87651b612ffffff","log_pop":4.1616972277,"log_mass":6.6515731065},{"country_iso":"THA","city_id":10799,"city":"Trang","pop_total":31253.2108804478,"mass_total":6678151.8100407636,"n_hex":8,"sample_h3":"87651b068ffffff","log_pop":4.4948946424,"log_mass":6.8246562874},{"country_iso":"THA","city_id":10822,"city":"Chonburi","pop_total":244117.6836988515,"mass_total":72910514.0531755984,"n_hex":45,"sample_h3":"87658a200ffffff","log_pop":5.3875992405,"log_mass":7.8627901602},{"country_iso":"THA","city_id":10830,"city":"Laem Chabang","pop_total":95238.8532236679,"mass_total":38147230.9139902443,"n_hex":21,"sample_h3":"87658a365ffffff","log_pop":4.9788141574,"log_mass":7.5814630182},{"country_iso":"THA","city_id":10831,"city":"Nakhon Si Thammarat","pop_total":51314.6522854721,"mass_total":12248543.3831332456,"n_hex":16,"sample_h3":"876434a06ffffff","log_pop":4.7102413904,"log_mass":7.0880844448},{"country_iso":"THA","city_id":10835,"city":"Chachoengsao","pop_total":22280.5575582617,"mass_total":7276022.5024924139,"n_hex":9,"sample_h3":"87658a640ffffff","log_pop":4.3479260546,"log_mass":6.8618940335},{"country_iso":"THA","city_id":10836,"city":"Pattaya","pop_total":98515.1514480348,"mass_total":37701715.8233672157,"n_hex":24,"sample_h3":"876588699ffffff","log_pop":4.9935030293,"log_mass":7.5763611156},{"country_iso":"THA","city_id":10857,"city":"Phanat Nikhom","pop_total":16382.6205551129,"mass_total":4017319.4421560448,"n_hex":7,"sample_h3":"87658a382ffffff","log_pop":4.2143833725,"log_mass":6.6039363666},{"country_iso":"THA","city_id":10869,"city":"Prachin Buri","pop_total":16627.0391025824,"mass_total":3247012.4140849593,"n_hex":8,"sample_h3":"876599a40ffffff","log_pop":4.2208149181,"log_mass":6.511483949},{"country_iso":"THA","city_id":10877,"city":"Ban Map Ta Phut","pop_total":68211.8215310396,"mass_total":24395438.0801942684,"n_hex":15,"sample_h3":"8765884c9ffffff","log_pop":4.8338596471,"log_mass":7.3873086213},{"country_iso":"THA","city_id":10888,"city":"Nong Khai","pop_total":26312.2137565641,"mass_total":8004422.8584420923,"n_hex":10,"sample_h3":"8764b601bffffff","log_pop":4.4201573886,"log_mass":6.9033300235},{"country_iso":"THA","city_id":10894,"city":"Rayong","pop_total":70812.9229374399,"mass_total":23997980.3745569251,"n_hex":20,"sample_h3":"8765884c0ffffff","log_pop":4.8501125211,"log_mass":7.3801746938},{"country_iso":"THA","city_id":10916,"city":"Udon Thani","pop_total":93968.0599945788,"mass_total":31717633.0609847419,"n_hex":20,"sample_h3":"8764b6840ffffff","log_pop":4.9729802608,"log_mass":7.5013007705},{"country_iso":"THA","city_id":10921,"city":"Nakhon Ratchasima","pop_total":126193.0727668884,"mass_total":36793737.7627407983,"n_hex":23,"sample_h3":"876599480ffffff","log_pop":5.1010355154,"log_mass":7.5657739087},{"country_iso":"THA","city_id":10934,"city":"Hat Yai","pop_total":156421.2840536398,"mass_total":27785521.9624397196,"n_hex":25,"sample_h3":"8765180c3ffffff","log_pop":5.1942958467,"log_mass":7.4438185596},{"country_iso":"THA","city_id":10952,"city":"Songkhla","pop_total":87873.5535858042,"mass_total":14122638.4359982032,"n_hex":18,"sample_h3":"876518449ffffff","log_pop":4.9438581895,"log_mass":7.1499158406},{"country_iso":"THA","city_id":10968,"city":"Khon Kaen","pop_total":83861.4374743144,"mass_total":27531580.2774956375,"n_hex":22,"sample_h3":"8764b48b2ffffff","log_pop":4.9235623024,"log_mass":7.4398311401},{"country_iso":"THA","city_id":11036,"city":"Chanthaburi","pop_total":26347.3626372599,"mass_total":6783986.686662185,"n_hex":8,"sample_h3":"87658e0c1ffffff","log_pop":4.420737149,"log_mass":6.831484987},{"country_iso":"THA","city_id":11044,"city":"Khum Barang Thleak","pop_total":170.2440214999,"mass_total":35594.3423330395,"n_hex":2,"sample_h3":"87659da8cffffff","log_pop":2.2310718696,"log_mass":4.551380973},{"country_iso":"THA","city_id":11070,"city":"Pattani","pop_total":40764.7715360043,"mass_total":8521472.9503821395,"n_hex":10,"sample_h3":"876518d82ffffff","log_pop":4.6102850127,"log_mass":6.9305146698},{"country_iso":"THA","city_id":11082,"city":"Yala","pop_total":48980.4366662194,"mass_total":9323402.0405104067,"n_hex":12,"sample_h3":"87651c680ffffff","log_pop":4.6900226526,"log_mass":6.9695744121},{"country_iso":"THA","city_id":11102,"city":"Trat","pop_total":7117.6890936758,"mass_total":2543493.2061671768,"n_hex":7,"sample_h3":"87658e880ffffff","log_pop":3.8523390138,"log_mass":6.4054305819},{"country_iso":"THA","city_id":11182,"city":"Su-ngai Kolok","pop_total":22840.8582710378,"mass_total":4123919.6392572634,"n_hex":6,"sample_h3":"87651cc10ffffff","log_pop":4.358712419,"log_mass":6.6153101938},{"country_iso":"THA","city_id":11245,"city":"Savannakhet","pop_total":20569.1406656985,"mass_total":6449252.7718811007,"n_hex":10,"sample_h3":"87416d481ffffff","log_pop":4.3132161482,"log_mass":6.809509399},{"country_iso":"THA","city_id":11324,"city":"Ubon Ratchathani","pop_total":79448.6865302853,"mass_total":21566763.3761009909,"n_hex":17,"sample_h3":"876593200ffffff","log_pop":4.9000867217,"log_mass":7.3337849734}]