[{"country_iso":"IRQ","city_id":4791,"city":"Al Baaj","pop_total":405.1673714011,"mass_total":480527.6949365215,"n_hex":2,"sample_h3":"872d891b6ffffff","log_pop":2.6076344639,"log_mass":5.681718423},{"country_iso":"IRQ","city_id":4796,"city":"Sinjar","pop_total":472.8686614775,"mass_total":1439762.8013828606,"n_hex":5,"sample_h3":"872d89150ffffff","log_pop":2.6747405329,"log_mass":6.1582909487},{"country_iso":"IRQ","city_id":4865,"city":"Zakho","pop_total":47288.1086044237,"mass_total":15470917.4585531149,"n_hex":15,"sample_h3":"872c14129ffffff","log_pop":4.6747519438,"log_mass":7.1895160691},{"country_iso":"IRQ","city_id":4878,"city":"Tal Afar","pop_total":1885.3579336283,"mass_total":6205168.86052306,"n_hex":9,"sample_h3":"872d89211ffffff","log_pop":3.2753938128,"log_mass":6.7927536044},{"country_iso":"IRQ","city_id":4910,"city":"Duhok","pop_total":49105.1622267779,"mass_total":24476153.5759831294,"n_hex":26,"sample_h3":"872c14080ffffff","log_pop":4.6911271501,"log_mass":7.3887431695},{"country_iso":"IRQ","city_id":4927,"city":"Zawa","pop_total":1871.6624306361,"mass_total":1331845.63468442,"n_hex":6,"sample_h3":"872c14092ffffff","log_pop":3.272227523,"log_mass":6.1244538916},{"country_iso":"IRQ","city_id":4990,"city":"Mosul","pop_total":84174.2535411994,"mass_total":39047130.1577906236,"n_hex":30,"sample_h3":"872c16a34ffffff","log_pop":4.9251792737,"log_mass":7.5915891201},{"country_iso":"IRQ","city_id":5004,"city":"Haditha","pop_total":563.5893115427,"mass_total":591071.8308413168,"n_hex":7,"sample_h3":"872ca4884ffffff","log_pop":2.7509627481,"log_mass":5.7716402623},{"country_iso":"IRQ","city_id":5009,"city":"Qadiyah","pop_total":9043.1633603358,"mass_total":37508376.8871583194,"n_hex":19,"sample_h3":"872c16a04ffffff","log_pop":3.9563203762,"log_mass":7.5741282712},{"country_iso":"IRQ","city_id":5028,"city":"Qaryat Qabr al Abd","pop_total":6103.5750230789,"mass_total":1503101.8848353047,"n_hex":5,"sample_h3":"872c16169ffffff","log_pop":3.7855842871,"log_mass":6.1769884194},{"country_iso":"IRQ","city_id":5036,"city":"Hamam al Alil","pop_total":3042.2029041664,"mass_total":631659.6152559652,"n_hex":2,"sample_h3":"872c16149ffffff","log_pop":3.4831881766,"log_mass":5.8004831114},{"country_iso":"IRQ","city_id":5055,"city":"Qaryat Arfaylah","pop_total":1109.9776870335,"mass_total":179333.5029334305,"n_hex":6,"sample_h3":"872c16018ffffff","log_pop":3.0453142486,"log_mass":5.2536614317},{"country_iso":"IRQ","city_id":5058,"city":"Al Khan","pop_total":2625.2713648254,"mass_total":527780.7432671689,"n_hex":5,"sample_h3":"872c160a8ffffff","log_pop":3.4191742015,"log_mass":5.7224535404},{"country_iso":"IRQ","city_id":5062,"city":"Gaiyara","pop_total":20731.6680778057,"mass_total":4657811.2125603724,"n_hex":22,"sample_h3":"872c16080ffffff","log_pop":4.316634247,"log_mass":6.668181882},{"country_iso":"IRQ","city_id":5107,"city":"Hajiruk","pop_total":7599.1351633418,"mass_total":3794497.9502582457,"n_hex":6,"sample_h3":"872c16266ffffff","log_pop":3.8807641692,"log_mass":6.5791543226},{"country_iso":"IRQ","city_id":5111,"city":"H\u012bt","pop_total":1858.9300878506,"mass_total":2541819.9014938232,"n_hex":6,"sample_h3":"872ca440affffff","log_pop":3.2692630568,"log_mass":6.4051447757},{"country_iso":"IRQ","city_id":5152,"city":"Baiji","pop_total":2944.0292363962,"mass_total":5366493.9331240971,"n_hex":9,"sample_h3":"872ca5100ffffff","log_pop":3.4689421186,"log_mass":6.7296906427},{"country_iso":"IRQ","city_id":5159,"city":"Erbil","pop_total":82691.0828768216,"mass_total":107555429.2115012854,"n_hex":62,"sample_h3":"872c10480ffffff","log_pop":4.9174586792,"log_mass":8.0316323377},{"country_iso":"IRQ","city_id":5188,"city":"Ramadi","pop_total":30458.2762658671,"mass_total":19122688.0342890508,"n_hex":26,"sample_h3":"872ca6a03ffffff","log_pop":4.4837053215,"log_mass":7.2815489401},{"country_iso":"IRQ","city_id":5192,"city":"Tikrit","pop_total":6965.3181941402,"mass_total":9432121.1251845881,"n_hex":12,"sample_h3":"872ca5092ffffff","log_pop":3.8429409609,"log_mass":6.9746093692},{"country_iso":"IRQ","city_id":5224,"city":"Soran","pop_total":6439.5407252312,"mass_total":4787001.7842661813,"n_hex":8,"sample_h3":"872c10743ffffff","log_pop":3.8088548941,"log_mass":6.6800635894},{"country_iso":"IRQ","city_id":5247,"city":"Samarra","pop_total":8409.8290889438,"mass_total":7058408.4693429181,"n_hex":10,"sample_h3":"872ca0b10ffffff","log_pop":3.9247871698,"log_mass":6.8487067873},{"country_iso":"IRQ","city_id":5259,"city":"Kirkuk","pop_total":129509.9731422443,"mass_total":59206493.5176787153,"n_hex":31,"sample_h3":"872c12190ffffff","log_pop":5.1123032133,"log_mass":7.7723693409},{"country_iso":"IRQ","city_id":5271,"city":"Fallujah","pop_total":16380.2540729691,"mass_total":18090811.3810831495,"n_hex":14,"sample_h3":"872ca0514ffffff","log_pop":4.2143206338,"log_mass":7.2574580456},{"country_iso":"IRQ","city_id":5305,"city":"Qaryat ath Thair","pop_total":5352.6160574469,"mass_total":904551.5219870924,"n_hex":14,"sample_h3":"872ca00d0ffffff","log_pop":3.7285660926,"log_mass":5.9564333087},{"country_iso":"IRQ","city_id":5309,"city":"Chamchamal","pop_total":6601.1782373606,"mass_total":8563137.2560733426,"n_hex":9,"sample_h3":"872c12625ffffff","log_pop":3.8196214592,"log_mass":6.9326329053},{"country_iso":"IRQ","city_id":5312,"city":"Tuz Khormato","pop_total":4828.3423459334,"mass_total":6646249.0129614696,"n_hex":7,"sample_h3":"872ca1850ffffff","log_pop":3.6837980555,"log_mass":6.8225766088},{"country_iso":"IRQ","city_id":5313,"city":"Saab Al Bour","pop_total":18769.1915679819,"mass_total":3682742.4485032642,"n_hex":7,"sample_h3":"872ca0442ffffff","log_pop":4.273445567,"log_mass":6.5661713477},{"country_iso":"IRQ","city_id":5314,"city":"Baghdad","pop_total":2734299.3404980977,"mass_total":443947995.7139810324,"n_hex":193,"sample_h3":"872ca048dffffff","log_pop":6.4368460577,"log_mass":8.6473320996},{"country_iso":"IRQ","city_id":5320,"city":"Al Mushahidah","pop_total":11799.9567100039,"mass_total":1009663.7312841945,"n_hex":8,"sample_h3":"872ca0701ffffff","log_pop":4.071880414,"log_mass":6.004176756},{"country_iso":"IRQ","city_id":5322,"city":"Hamadi al Hamad","pop_total":7660.8206904019,"mass_total":1335526.5481447836,"n_hex":5,"sample_h3":"872ca0702ffffff","log_pop":3.8842752973,"log_mass":6.1256525255},{"country_iso":"IRQ","city_id":5326,"city":"Hamdi al Bajaji","pop_total":76025.5931217493,"mass_total":16636289.0986204688,"n_hex":20,"sample_h3":"872ca044bffffff","log_pop":4.880959817,"log_mass":7.2210564588},{"country_iso":"IRQ","city_id":5332,"city":"Karbala","pop_total":131511.7854864682,"mass_total":30430142.5891228765,"n_hex":36,"sample_h3":"872ca2c01ffffff","log_pop":5.1189646741,"log_mass":7.4833039874},{"country_iso":"IRQ","city_id":5337,"city":"At Tarimiyah","pop_total":30183.2832481384,"mass_total":3940699.0203770366,"n_hex":20,"sample_h3":"872ca0604ffffff","log_pop":4.4797664793,"log_mass":6.5955732659},{"country_iso":"IRQ","city_id":5345,"city":"Husain\u012bya","pop_total":56052.0042486658,"mass_total":8597301.4536670465,"n_hex":13,"sample_h3":"872ca0600ffffff","log_pop":4.7485911463,"log_mass":6.934362155},{"country_iso":"IRQ","city_id":5349,"city":"Al Khalis","pop_total":10381.7934678751,"mass_total":2988200.1300751111,"n_hex":8,"sample_h3":"872ca0280ffffff","log_pop":4.0162723849,"log_mass":6.4754096803},{"country_iso":"IRQ","city_id":5358,"city":"Baqubah","pop_total":12199.682680561,"mass_total":10951488.1834013648,"n_hex":13,"sample_h3":"872ca0648ffffff","log_pop":4.0863485346,"log_mass":7.0394731389},{"country_iso":"IRQ","city_id":5359,"city":"Al Musaiyib","pop_total":12149.7330627161,"mass_total":5541187.5429073367,"n_hex":9,"sample_h3":"872ca2103ffffff","log_pop":4.0845667363,"log_mass":6.7436028492},{"country_iso":"IRQ","city_id":5361,"city":"Bani Saad","pop_total":9325.7775152543,"mass_total":1759414.6366956623,"n_hex":10,"sample_h3":"872ca0619ffffff","log_pop":3.9696850503,"log_mass":6.2453682006},{"country_iso":"IRQ","city_id":5362,"city":"Hindiya","pop_total":26932.4368040908,"mass_total":7135046.4223315073,"n_hex":15,"sample_h3":"872ca2192ffffff","log_pop":4.4302756495,"log_mass":6.8533968031},{"country_iso":"IRQ","city_id":5375,"city":"Baba Murda","pop_total":6130.2057824565,"mass_total":2607503.0976537238,"n_hex":6,"sample_h3":"872cac810ffffff","log_pop":3.7874750534,"log_mass":6.416224833},{"country_iso":"IRQ","city_id":5377,"city":"Qaryat Adah Zarqan","pop_total":1958.5779762156,"mass_total":751959.0255323494,"n_hex":9,"sample_h3":"872ca2509ffffff","log_pop":3.2919408667,"log_mass":5.8761941764},{"country_iso":"IRQ","city_id":5379,"city":"Sulaymaniyah","pop_total":86868.319194171,"mass_total":48310641.6099750772,"n_hex":26,"sample_h3":"872cac811ffffff","log_pop":4.9388614185,"log_mass":7.6840428054},{"country_iso":"IRQ","city_id":5382,"city":"Al Hillah","pop_total":53151.5349626527,"mass_total":30834983.2969562747,"n_hex":28,"sample_h3":"872ca2090ffffff","log_pop":4.725515811,"log_mass":7.4890437175},{"country_iso":"IRQ","city_id":5386,"city":"Al Kifl","pop_total":12454.964616955,"mass_total":1555223.8893530937,"n_hex":5,"sample_h3":"872ca2412ffffff","log_pop":4.0953424981,"log_mass":6.1917929187},{"country_iso":"IRQ","city_id":5387,"city":"Najaf","pop_total":70730.6463363834,"mass_total":36019401.8434996605,"n_hex":27,"sample_h3":"872cb182dffffff","log_pop":4.8496076267,"log_mass":7.5565364964},{"country_iso":"IRQ","city_id":5397,"city":"Kalar","pop_total":11615.5868452259,"mass_total":7225001.3404134754,"n_hex":9,"sample_h3":"872ca1284ffffff","log_pop":4.0650411562,"log_mass":6.858837932},{"country_iso":"IRQ","city_id":5398,"city":"As Suwayrah","pop_total":5753.1000764604,"mass_total":2929631.2259877636,"n_hex":5,"sample_h3":"872ca2204ffffff","log_pop":3.7599019287,"log_mass":6.466812956},{"country_iso":"IRQ","city_id":5399,"city":"Al-Manathera","pop_total":2704.7325619866,"mass_total":1238854.8180577122,"n_hex":5,"sample_h3":"872cb180bffffff","log_pop":3.4321243295,"log_mass":6.0930204142},{"country_iso":"IRQ","city_id":5401,"city":"Al Madhatiyah","pop_total":5534.0646534602,"mass_total":3416512.4792238986,"n_hex":10,"sample_h3":"872ca2780ffffff","log_pop":3.7430442286,"log_mass":6.5335830114},{"country_iso":"IRQ","city_id":5403,"city":"Al Mishkhab","pop_total":1472.6692633255,"mass_total":693196.8129936192,"n_hex":4,"sample_h3":"872cb1889ffffff","log_pop":3.1681052226,"log_mass":5.8408565574},{"country_iso":"IRQ","city_id":5406,"city":"Ash Shamiya","pop_total":3097.9141746054,"mass_total":1385933.3110773091,"n_hex":6,"sample_h3":"872cb185affffff","log_pop":3.4910693818,"log_mass":6.1417423332},{"country_iso":"IRQ","city_id":5414,"city":"Ghammas","pop_total":1698.3031765695,"mass_total":634508.6004685366,"n_hex":2,"sample_h3":"872cb1105ffffff","log_pop":3.2300152219,"log_mass":5.8024375131},{"country_iso":"IRQ","city_id":5420,"city":"Al \u2018Az\u012bz\u012byah","pop_total":2210.8910975035,"mass_total":1651857.7291455304,"n_hex":5,"sample_h3":"872ca22c8ffffff","log_pop":3.3445673509,"log_mass":6.2179726398},{"country_iso":"IRQ","city_id":5428,"city":"Ad Diwaniyah","pop_total":38797.1227696727,"mass_total":18676499.9945150092,"n_hex":20,"sample_h3":"872cb1325ffffff","log_pop":4.5887995191,"log_mass":7.271295492},{"country_iso":"IRQ","city_id":5432,"city":"Halabja","pop_total":1846.1814583984,"mass_total":3362890.8028839515,"n_hex":5,"sample_h3":"872cac700ffffff","log_pop":3.2662743849,"log_mass":6.5267127655},{"country_iso":"IRQ","city_id":5442,"city":"Tall Mundhir","pop_total":239.2598830821,"mass_total":267939.8292732508,"n_hex":4,"sample_h3":"872c84880ffffff","log_pop":2.3788698862,"log_mass":5.4280372763},{"country_iso":"IRQ","city_id":5449,"city":"An Numaniyah","pop_total":4526.5302592539,"mass_total":2216584.3083795202,"n_hex":4,"sample_h3":"872c84120ffffff","log_pop":3.6557654279,"log_mass":6.3456842545},{"country_iso":"IRQ","city_id":5454,"city":"Al-Rumaitha","pop_total":4160.354634429,"mass_total":2113215.3757145321,"n_hex":4,"sample_h3":"872cb1629ffffff","log_pop":3.6191303521,"log_mass":6.3249437619},{"country_iso":"IRQ","city_id":5466,"city":"As Samawah","pop_total":32287.5268629523,"mass_total":9158269.3316746876,"n_hex":13,"sample_h3":"872c86d24ffffff","log_pop":4.5090347805,"log_mass":6.9618134114},{"country_iso":"IRQ","city_id":5475,"city":"Kut","pop_total":34856.891730475,"mass_total":14622419.2693217639,"n_hex":20,"sample_h3":"872c84050ffffff","log_pop":4.5422886575,"log_mass":7.1650192323},{"country_iso":"IRQ","city_id":5483,"city":"Al Khidhr","pop_total":1138.2421137866,"mass_total":943773.5655827548,"n_hex":4,"sample_h3":"872c86c04ffffff","log_pop":3.05623465,"log_mass":5.9748678089},{"country_iso":"IRQ","city_id":5499,"city":"Al Hai","pop_total":2321.7979889701,"mass_total":1340014.2819878159,"n_hex":5,"sample_h3":"872c84610ffffff","log_pop":3.3658244307,"log_mass":6.1271094271},{"country_iso":"IRQ","city_id":5508,"city":"Qalat Sukkar","pop_total":1890.4522988637,"mass_total":939042.5464083477,"n_hex":3,"sample_h3":"872c86a09ffffff","log_pop":3.2765657234,"log_mass":5.9726852699},{"country_iso":"IRQ","city_id":5512,"city":"Al-Rifa'i","pop_total":3119.4368453288,"mass_total":1669781.3315997741,"n_hex":4,"sample_h3":"872c86a88ffffff","log_pop":3.4940761975,"log_mass":6.2226596013},{"country_iso":"IRQ","city_id":5525,"city":"Al-Shatrah","pop_total":8165.7327013465,"mass_total":1759170.1598092406,"n_hex":6,"sample_h3":"872c860c1ffffff","log_pop":3.9119951595,"log_mass":6.2453078496},{"country_iso":"IRQ","city_id":5533,"city":"Nasiriyah","pop_total":53728.2680624719,"mass_total":12227707.1366523206,"n_hex":20,"sample_h3":"872c86780ffffff","log_pop":4.7302028413,"log_mass":7.0873450285},{"country_iso":"IRQ","city_id":5554,"city":"Suq al Shyukh","pop_total":5020.660109116,"mass_total":1864540.4510720207,"n_hex":6,"sample_h3":"872c95a40ffffff","log_pop":3.7007608213,"log_mass":6.2705718098},{"country_iso":"IRQ","city_id":5567,"city":"Al Maymunah","pop_total":233.3344176928,"mass_total":128028.2197794658,"n_hex":4,"sample_h3":"872c804d0ffffff","log_pop":2.3679788036,"log_mass":5.1073057067},{"country_iso":"IRQ","city_id":5580,"city":"Amarah","pop_total":33241.1990725527,"mass_total":12076616.6832443196,"n_hex":20,"sample_h3":"872c806a4ffffff","log_pop":4.5216766812,"log_mass":7.0819452818},{"country_iso":"IRQ","city_id":5590,"city":"Al Majar al Kabir","pop_total":1718.1042114669,"mass_total":885734.9344771479,"n_hex":5,"sample_h3":"872c82a05ffffff","log_pop":3.2350495024,"log_mass":5.9473037741},{"country_iso":"IRQ","city_id":5592,"city":"\u0642\u0636\u0627\u0621 \u0627\u0644\u062c\u0628\u0627\u064a\u0634","pop_total":184.3963357645,"mass_total":109240.35621419,"n_hex":3,"sample_h3":"872c82190ffffff","log_pop":2.2657522867,"log_mass":5.0383831076},{"country_iso":"IRQ","city_id":5602,"city":"Qalat Saleh","pop_total":1536.0995784273,"mass_total":565878.9981845125,"n_hex":4,"sample_h3":"872c82ae2ffffff","log_pop":3.18641937,"log_mass":5.752723576},{"country_iso":"IRQ","city_id":5615,"city":"Al-Midaina","pop_total":658.3997959249,"mass_total":350538.9019619874,"n_hex":7,"sample_h3":"872c82098ffffff","log_pop":2.8184896876,"log_mass":5.5447362219},{"country_iso":"IRQ","city_id":5629,"city":"Al Qurna","pop_total":2782.2826277228,"mass_total":1467359.5198478028,"n_hex":10,"sample_h3":"872c82708ffffff","log_pop":3.4444012441,"log_mass":6.166536534},{"country_iso":"IRQ","city_id":5668,"city":"Basra","pop_total":350610.6391073592,"mass_total":71474925.9298564494,"n_hex":46,"sample_h3":"872c91360ffffff","log_pop":5.5448250904,"log_mass":7.854153714},{"country_iso":"IRQ","city_id":5673,"city":"Az Zubayr","pop_total":12840.2317110165,"mass_total":12813296.55655507,"n_hex":12,"sample_h3":"872c91328ffffff","log_pop":4.108572861,"log_mass":7.1076608778},{"country_iso":"IRQ","city_id":5690,"city":"Abu Al-Khaseeb","pop_total":3480.9620253329,"mass_total":3101151.627628665,"n_hex":11,"sample_h3":"872c91261ffffff","log_pop":3.5416992855,"log_mass":6.4915230011},{"country_iso":"IRQ","city_id":5695,"city":"Umm Qasr","pop_total":6576.3339972632,"mass_total":5986455.8518887907,"n_hex":10,"sample_h3":"872c91290ffffff","log_pop":3.8179838619,"log_mass":6.7771697841}]