[{"country_iso":"PAK","city_id":6046,"city":"Turbat","pop_total":7425.6093499109,"mass_total":2920465.8439173885,"n_hex":11,"sample_h3":"874200441ffffff","log_pop":3.8707320979,"log_mass":6.4654521313},{"country_iso":"PAK","city_id":6116,"city":"Quetta","pop_total":164835.1591279123,"mass_total":23024329.1030268893,"n_hex":29,"sample_h3":"874275400ffffff","log_pop":5.2170498517,"log_mass":7.3621869843},{"country_iso":"PAK","city_id":6117,"city":"Surab","pop_total":26.5349869728,"mass_total":41674.6639966332,"n_hex":2,"sample_h3":"87420db6cffffff","log_pop":1.4238188788,"log_mass":4.619872107},{"country_iso":"PAK","city_id":6121,"city":"Mastung","pop_total":667.1923593895,"mass_total":339061.6698824328,"n_hex":4,"sample_h3":"874270804ffffff","log_pop":2.8242510642,"log_mass":5.5302786966},{"country_iso":"PAK","city_id":6124,"city":"Kalat","pop_total":10.5327811241,"mass_total":21194.0300788835,"n_hex":1,"sample_h3":"874276203ffffff","log_pop":1.0225430594,"log_mass":4.3262135464},{"country_iso":"PAK","city_id":6146,"city":"Qila Saifullah","pop_total":8.7019254565,"mass_total":39994.5913217041,"n_hex":2,"sample_h3":"8742624e8ffffff","log_pop":0.9396153587,"log_mass":4.6020012634},{"country_iso":"PAK","city_id":6147,"city":"Sibi","pop_total":2244.124922096,"mass_total":647108.0955521783,"n_hex":4,"sample_h3":"87427025affffff","log_pop":3.3510470288,"log_mass":5.810976833},{"country_iso":"PAK","city_id":6151,"city":"Parachinar","pop_total":1725.8349367142,"mass_total":404484.4953338401,"n_hex":3,"sample_h3":"872092211ffffff","log_pop":3.2369992563,"log_mass":5.6069018789},{"country_iso":"PAK","city_id":6162,"city":"Wana","pop_total":213.5840812347,"mass_total":87459.6803434218,"n_hex":2,"sample_h3":"8742614ccffffff","log_pop":2.3295688809,"log_mass":4.9418078857},{"country_iso":"PAK","city_id":6164,"city":"Hub","pop_total":7539.6107955652,"mass_total":3031576.143622187,"n_hex":8,"sample_h3":"8742e4521ffffff","log_pop":3.8773489276,"log_mass":6.4816684808},{"country_iso":"PAK","city_id":6165,"city":"Usta Muhammad","pop_total":15536.4938165048,"mass_total":2139976.2554036896,"n_hex":7,"sample_h3":"874254801ffffff","log_pop":4.1913530165,"log_mass":6.3304089546},{"country_iso":"PAK","city_id":6166,"city":"Shahdadkot","pop_total":25853.4623795079,"mass_total":2277660.5134006175,"n_hex":7,"sample_h3":"874254c0dffffff","log_pop":4.4125187135,"log_mass":6.3574889927},{"country_iso":"PAK","city_id":6168,"city":"Dera Murad Jamali","pop_total":250.1209423607,"mass_total":361429.4351634856,"n_hex":4,"sample_h3":"874273408ffffff","log_pop":2.3981500563,"log_mass":5.558023519},{"country_iso":"PAK","city_id":6169,"city":"Karachi","pop_total":8705518.7028598078,"mass_total":294191367.585693717,"n_hex":177,"sample_h3":"8742e4400ffffff","log_pop":6.9397946529,"log_mass":8.4686299251},{"country_iso":"PAK","city_id":6170,"city":"Zhob","pop_total":2.5209622383,"mass_total":5098.1867617267,"n_hex":1,"sample_h3":"874263462ffffff","log_pop":0.4015663404,"log_mass":3.7074157409},{"country_iso":"PAK","city_id":6172,"city":"Chitral","pop_total":1431.6248062751,"mass_total":813824.4533984086,"n_hex":4,"sample_h3":"87209c52cffffff","log_pop":3.155829215,"log_mass":5.9105307352},{"country_iso":"PAK","city_id":6175,"city":"Khairpur Nathan Shah","pop_total":8711.5745408937,"mass_total":966398.2671389219,"n_hex":4,"sample_h3":"87420964affffff","log_pop":3.940096657,"log_mass":5.9851561425},{"country_iso":"PAK","city_id":6176,"city":"Johi","pop_total":225.0061685015,"mass_total":57012.4515890481,"n_hex":2,"sample_h3":"87420ba59ffffff","log_pop":2.3521944244,"log_mass":4.7559697165},{"country_iso":"PAK","city_id":6178,"city":"Mehar","pop_total":19856.8206913219,"mass_total":1528897.7445131107,"n_hex":4,"sample_h3":"874256900ffffff","log_pop":4.2979097141,"log_mass":6.18437844},{"country_iso":"PAK","city_id":6179,"city":"Qambar","pop_total":16275.6703417161,"mass_total":1335701.2619804067,"n_hex":5,"sample_h3":"874254501ffffff","log_pop":4.2115388848,"log_mass":6.1257093363},{"country_iso":"PAK","city_id":6180,"city":"Nasirabad","pop_total":7127.0074546814,"mass_total":379691.0277294911,"n_hex":4,"sample_h3":"8742092cdffffff","log_pop":3.8529072131,"log_mass":5.5794303347},{"country_iso":"PAK","city_id":6182,"city":"Dera Allah Yaar","pop_total":2085.9689271366,"mass_total":471711.9595517159,"n_hex":4,"sample_h3":"874254b28ffffff","log_pop":3.3193078348,"log_mass":5.6736768873},{"country_iso":"PAK","city_id":6183,"city":"Dadu","pop_total":42941.2158964045,"mass_total":3891884.1728229658,"n_hex":8,"sample_h3":"874256c06ffffff","log_pop":4.6328743375,"log_mass":6.5901599067},{"country_iso":"PAK","city_id":6185,"city":"Jacobabad","pop_total":49164.9707838919,"mass_total":5030868.7785202302,"n_hex":11,"sample_h3":"874254a05ffffff","log_pop":4.6916557854,"log_mass":6.7016429897},{"country_iso":"PAK","city_id":6188,"city":"Bannu","pop_total":84476.2641854361,"mass_total":8856915.7594686076,"n_hex":26,"sample_h3":"87426c42dffffff","log_pop":4.9267346997,"log_mass":6.947282514},{"country_iso":"PAK","city_id":6189,"city":"Larkana","pop_total":165724.5867528728,"mass_total":10698007.1399863325,"n_hex":14,"sample_h3":"874254428ffffff","log_pop":5.2193869447,"log_mass":7.0293028834},{"country_iso":"PAK","city_id":6192,"city":"Wali Khel","pop_total":1314.5554665173,"mass_total":318446.8537341584,"n_hex":4,"sample_h3":"872093601ffffff","log_pop":3.1187789155,"log_mass":5.5030369624},{"country_iso":"PAK","city_id":6194,"city":"Moro","pop_total":17744.7292840182,"mass_total":1668894.7456462365,"n_hex":7,"sample_h3":"874256cc0ffffff","log_pop":4.2490693781,"log_mass":6.2224289473},{"country_iso":"PAK","city_id":6196,"city":"Dir","pop_total":105.2173919678,"mass_total":59766.0537751794,"n_hex":3,"sample_h3":"87209e8e0ffffff","log_pop":2.0220875327,"log_mass":4.7764545812},{"country_iso":"PAK","city_id":6197,"city":"Naudero","pop_total":9803.395157541,"mass_total":953123.0541926082,"n_hex":5,"sample_h3":"874254098ffffff","log_pop":3.9913765086,"log_mass":5.9791489744},{"country_iso":"PAK","city_id":6201,"city":"Kandiaro","pop_total":5375.1456511965,"mass_total":660396.3507929184,"n_hex":3,"sample_h3":"8742568ccffffff","log_pop":3.7303902369,"log_mass":5.8198046648},{"country_iso":"PAK","city_id":6202,"city":"Shabqadar","pop_total":52721.5060782863,"mass_total":7114793.7764183087,"n_hex":18,"sample_h3":"87426d824ffffff","log_pop":4.7219878081,"log_mass":6.8521623165},{"country_iso":"PAK","city_id":6203,"city":"Peshawar","pop_total":986728.344953295,"mass_total":117829724.2275253683,"n_hex":92,"sample_h3":"8720936c8ffffff","log_pop":5.994197604,"log_mass":8.0712548612},{"country_iso":"PAK","city_id":6204,"city":"Timergara","pop_total":152.0492931553,"mass_total":46334.9720250831,"n_hex":2,"sample_h3":"87209e181ffffff","log_pop":2.1819844055,"log_mass":4.6659089052},{"country_iso":"PAK","city_id":6206,"city":"Shikarpur","pop_total":65535.408107406,"mass_total":3817689.447571489,"n_hex":7,"sample_h3":"874254311ffffff","log_pop":4.8164760082,"log_mass":6.5818005975},{"country_iso":"PAK","city_id":6208,"city":"Thul","pop_total":7248.2202258578,"mass_total":999909.0227403585,"n_hex":5,"sample_h3":"874255d80ffffff","log_pop":3.8602313802,"log_mass":5.9999604873},{"country_iso":"PAK","city_id":6209,"city":"Tangi","pop_total":17525.0779983932,"mass_total":2040012.8900867626,"n_hex":8,"sample_h3":"87426d940ffffff","log_pop":4.2436599595,"log_mass":6.3096329116},{"country_iso":"PAK","city_id":6212,"city":"Pir Jo Goth","pop_total":8466.2449710771,"mass_total":878910.2592771954,"n_hex":4,"sample_h3":"874254605ffffff","log_pop":3.9276908306,"log_mass":5.9439445339},{"country_iso":"PAK","city_id":6213,"city":"Gambat","pop_total":15927.684683364,"mass_total":1373991.3961859741,"n_hex":5,"sample_h3":"8742546b2ffffff","log_pop":4.2021526495,"log_mass":6.1379840132},{"country_iso":"PAK","city_id":6214,"city":"Turangzai","pop_total":8959.1844948713,"mass_total":974043.1140952125,"n_hex":4,"sample_h3":"87426d874ffffff","log_pop":3.95226848,"log_mass":5.9885781805},{"country_iso":"PAK","city_id":6216,"city":"Khatako Shah","pop_total":7007.1412355199,"mass_total":1066774.2302838261,"n_hex":9,"sample_h3":"87209e401ffffff","log_pop":3.8455408712,"log_mass":6.028072516},{"country_iso":"PAK","city_id":6217,"city":"Kohat","pop_total":36683.9774901072,"mass_total":6081011.9686695058,"n_hex":12,"sample_h3":"87426dc80ffffff","log_pop":4.5644764183,"log_mass":6.7839758582},{"country_iso":"PAK","city_id":6219,"city":"Chakdara","pop_total":7404.742629212,"mass_total":1368157.9511460694,"n_hex":12,"sample_h3":"87209e086ffffff","log_pop":3.8695099681,"log_mass":6.1361362387},{"country_iso":"PAK","city_id":6220,"city":"Bathkela","pop_total":3603.8146500793,"mass_total":530358.8280635878,"n_hex":5,"sample_h3":"87209e462ffffff","log_pop":3.5567624464,"log_mass":5.7245698023},{"country_iso":"PAK","city_id":6221,"city":"Charsadda","pop_total":42401.7802839317,"mass_total":4468662.569054056,"n_hex":12,"sample_h3":"87426d808ffffff","log_pop":4.6273840913,"log_mass":6.6501775621},{"country_iso":"PAK","city_id":6222,"city":"Sukkur","pop_total":176506.2280445024,"mass_total":12317265.2531639673,"n_hex":16,"sample_h3":"874250922ffffff","log_pop":5.2467600341,"log_mass":7.0905142941},{"country_iso":"PAK","city_id":6224,"city":"Khangarhi","pop_total":3284.9750570596,"mass_total":483507.2142339596,"n_hex":5,"sample_h3":"87209e41affffff","log_pop":3.5165320763,"log_mass":5.6844029584},{"country_iso":"PAK","city_id":6225,"city":"Khairpur","pop_total":49451.2467489448,"mass_total":4582481.4722635075,"n_hex":10,"sample_h3":"874254650ffffff","log_pop":4.6941772454,"log_mass":6.6611007177},{"country_iso":"PAK","city_id":6226,"city":"Shergarh","pop_total":3187.3301371219,"mass_total":593851.129770705,"n_hex":4,"sample_h3":"87209e488ffffff","log_pop":3.5034270491,"log_mass":5.773677587},{"country_iso":"PAK","city_id":6227,"city":"Takht-e-Bhai","pop_total":25890.4263474034,"mass_total":3392244.7425239114,"n_hex":11,"sample_h3":"87209e483ffffff","log_pop":4.4131392022,"log_mass":6.530487178},{"country_iso":"PAK","city_id":6228,"city":"Thana","pop_total":2403.8973416833,"mass_total":436822.0359957932,"n_hex":4,"sample_h3":"87209e468ffffff","log_pop":3.3809159172,"log_mass":5.6403045387},{"country_iso":"PAK","city_id":6229,"city":"Pabbi","pop_total":16491.3778714573,"mass_total":2885255.8140801163,"n_hex":8,"sample_h3":"87426d8c6ffffff","log_pop":4.2172569429,"log_mass":6.4601843248},{"country_iso":"PAK","city_id":6230,"city":"Ghauspur","pop_total":8439.9889342813,"mass_total":665175.9934355323,"n_hex":5,"sample_h3":"874255521ffffff","log_pop":3.9263418772,"log_mass":5.8229365669},{"country_iso":"PAK","city_id":6231,"city":"Togh","pop_total":268.090530403,"mass_total":128297.5300366507,"n_hex":3,"sample_h3":"87426d524ffffff","log_pop":2.4282814739,"log_mass":5.1082182955},{"country_iso":"PAK","city_id":6232,"city":"Nawabshah","pop_total":28556.2740707323,"mass_total":3477289.3781195506,"n_hex":7,"sample_h3":"8742e5b42ffffff","log_pop":4.4557015415,"log_mass":6.5412408339},{"country_iso":"PAK","city_id":6233,"city":"Kandhkot","pop_total":23511.0500497893,"mass_total":2611419.9347345699,"n_hex":6,"sample_h3":"874255194ffffff","log_pop":4.371272026,"log_mass":6.4168767151},{"country_iso":"PAK","city_id":6234,"city":"Swat City","pop_total":71987.9024914199,"mass_total":11345645.9561763089,"n_hex":27,"sample_h3":"87209e0caffffff","log_pop":4.8572595197,"log_mass":7.0548292272},{"country_iso":"PAK","city_id":6235,"city":"Thatta","pop_total":8793.0154928881,"mass_total":886912.9160124839,"n_hex":7,"sample_h3":"8742e0c60ffffff","log_pop":3.9441378384,"log_mass":5.9478809795},{"country_iso":"PAK","city_id":6236,"city":"Nowshera","pop_total":66293.585085407,"mass_total":11392276.6938622836,"n_hex":16,"sample_h3":"87426d144ffffff","log_pop":4.8214715058,"log_mass":7.0566105245},{"country_iso":"PAK","city_id":6237,"city":"Khwazakhela","pop_total":1023.5061577853,"mass_total":237866.5914586865,"n_hex":4,"sample_h3":"87209e380ffffff","log_pop":3.0100904599,"log_mass":5.3763334493},{"country_iso":"PAK","city_id":6238,"city":"Mardan","pop_total":154527.3494644576,"mass_total":17786794.4528581575,"n_hex":41,"sample_h3":"87426da04ffffff","log_pop":5.1890053554,"log_mass":7.2500976863},{"country_iso":"PAK","city_id":6239,"city":"Pano Aqil","pop_total":18898.437098376,"mass_total":2020935.0882826501,"n_hex":5,"sample_h3":"87425096cffffff","log_pop":4.2764258895,"log_mass":6.3055523644},{"country_iso":"PAK","city_id":6240,"city":"Risalpur","pop_total":5047.4022001865,"mass_total":888815.3094584838,"n_hex":6,"sample_h3":"87426db90ffffff","log_pop":3.7030679127,"log_mass":5.9488115265},{"country_iso":"PAK","city_id":6242,"city":"Dera Ismail Khan","pop_total":67219.9123165168,"mass_total":6459401.8407808878,"n_hex":16,"sample_h3":"87426e634ffffff","log_pop":4.8274979416,"log_mass":6.8101923029},{"country_iso":"PAK","city_id":6243,"city":"Char Bagh","pop_total":3058.48917451,"mass_total":706868.1041874136,"n_hex":4,"sample_h3":"87209e39effffff","log_pop":3.4855069477,"log_mass":5.8493383856},{"country_iso":"PAK","city_id":6244,"city":"Bakhshali","pop_total":2766.0764556174,"mass_total":382905.1785584447,"n_hex":5,"sample_h3":"87426da25ffffff","log_pop":3.44186418,"log_mass":5.58309124},{"country_iso":"PAK","city_id":6246,"city":"Hala","pop_total":8269.761640257,"mass_total":854516.7698327652,"n_hex":5,"sample_h3":"8742e5040ffffff","log_pop":3.917492992,"log_mass":5.9317205901},{"country_iso":"PAK","city_id":6247,"city":"Goth Dabh\u016bn","pop_total":10866.0201434902,"mass_total":1954964.7066540809,"n_hex":7,"sample_h3":"8742e54c4ffffff","log_pop":4.0360705058,"log_mass":6.2911389214},{"country_iso":"PAK","city_id":6248,"city":"Torwarsak","pop_total":337.2236346899,"mass_total":189286.6567912781,"n_hex":2,"sample_h3":"87209e610ffffff","log_pop":2.527918005,"log_mass":5.2771200007},{"country_iso":"PAK","city_id":6249,"city":"Jehangira Dobandi","pop_total":30004.453279398,"mass_total":5320436.511449025,"n_hex":21,"sample_h3":"87426d069ffffff","log_pop":4.4771857178,"log_mass":6.7259472651},{"country_iso":"PAK","city_id":6250,"city":"Bindi","pop_total":28363.7294003468,"mass_total":2733718.8180342917,"n_hex":6,"sample_h3":"874255408ffffff","log_pop":4.4527633334,"log_mass":6.4367538423},{"country_iso":"PAK","city_id":6251,"city":"Hyderabad","pop_total":812055.8028213967,"mass_total":31461402.9668885879,"n_hex":31,"sample_h3":"8742e544bffffff","log_pop":5.9095858741,"log_mass":7.4977780853},{"country_iso":"PAK","city_id":6252,"city":"Rustam","pop_total":2602.8543741712,"mass_total":329745.7817278134,"n_hex":4,"sample_h3":"87426db48ffffff","log_pop":3.4154498707,"log_mass":5.5181792485},{"country_iso":"PAK","city_id":6253,"city":"Matiari","pop_total":3819.0600559833,"mass_total":403574.4309572611,"n_hex":3,"sample_h3":"8742e50d3ffffff","log_pop":3.5819564879,"log_mass":5.6059236431},{"country_iso":"PAK","city_id":6254,"city":"Lilauni","pop_total":25.1885843053,"mass_total":23713.3534593954,"n_hex":2,"sample_h3":"87209e203ffffff","log_pop":1.4012037592,"log_mass":4.3749929747},{"country_iso":"PAK","city_id":6255,"city":"Pacha Kalay","pop_total":35.7531242371,"mass_total":25466.7161475418,"n_hex":1,"sample_h3":"87209e60cffffff","log_pop":1.553313998,"log_mass":4.4059729477},{"country_iso":"PAK","city_id":6256,"city":"Elai Kalay","pop_total":159.0558006062,"mass_total":118835.7345259829,"n_hex":3,"sample_h3":"87209e61affffff","log_pop":2.201549512,"log_mass":5.0749470549},{"country_iso":"PAK","city_id":6257,"city":"Shahdadpur","pop_total":23869.2007544349,"mass_total":1141273.4665905591,"n_hex":4,"sample_h3":"8742e5301ffffff","log_pop":4.3778378772,"log_mass":6.0573897205},{"country_iso":"PAK","city_id":6258,"city":"Tarakai","pop_total":5487.4136816361,"mass_total":666192.673102452,"n_hex":7,"sample_h3":"87426da09ffffff","log_pop":3.7393677017,"log_mass":5.8235998519},{"country_iso":"PAK","city_id":6259,"city":"Sowari","pop_total":227.5427875519,"mass_total":111944.288818373,"n_hex":3,"sample_h3":"87209e6f0ffffff","log_pop":2.3570630742,"log_mass":5.0490019416},{"country_iso":"PAK","city_id":6261,"city":"Tando Adam","pop_total":27442.0859640533,"mass_total":1581472.1206647882,"n_hex":6,"sample_h3":"8742e5232ffffff","log_pop":4.4384171205,"log_mass":6.1990615403},{"country_iso":"PAK","city_id":6263,"city":"Tordher","pop_total":4545.7952753329,"mass_total":573149.5152735547,"n_hex":3,"sample_h3":"87426d320ffffff","log_pop":3.6576098729,"log_mass":5.7582679295},{"country_iso":"PAK","city_id":6265,"city":"Jand","pop_total":3289.9281531072,"mass_total":890158.3961698461,"n_hex":4,"sample_h3":"87426d458ffffff","log_pop":3.5171864137,"log_mass":5.9494672926},{"country_iso":"PAK","city_id":6267,"city":"Swabi","pop_total":18228.4751696643,"mass_total":2922890.2381627024,"n_hex":16,"sample_h3":"87209ad94ffffff","log_pop":4.260750341,"log_mass":6.4658125068},{"country_iso":"PAK","city_id":6269,"city":"Sinijhoro","pop_total":486.050306797,"mass_total":254730.0515822251,"n_hex":2,"sample_h3":"874252cb4ffffff","log_pop":2.6866812216,"log_mass":5.4060801835},{"country_iso":"PAK","city_id":6270,"city":"Mirpur Mathelo","pop_total":2027.5082908705,"mass_total":403399.7013844597,"n_hex":3,"sample_h3":"8742557a8ffffff","log_pop":3.3069626388,"log_mass":5.6057355724},{"country_iso":"PAK","city_id":6271,"city":"Totalai","pop_total":1401.882826936,"mass_total":191137.7688549442,"n_hex":4,"sample_h3":"87209ad84ffffff","log_pop":3.1467117157,"log_mass":5.2813465122},{"country_iso":"PAK","city_id":6272,"city":"Besham","pop_total":1374.1869877049,"mass_total":544991.382394651,"n_hex":2,"sample_h3":"8720985b2ffffff","log_pop":3.1380458319,"log_mass":5.7363896351},{"country_iso":"PAK","city_id":6273,"city":"Tando Muhammad Khan","pop_total":12289.7164540347,"mass_total":1460378.8773321314,"n_hex":6,"sample_h3":"8742e0a09ffffff","log_pop":4.089541863,"log_mass":6.1644655428},{"country_iso":"PAK","city_id":6275,"city":"Layyah","pop_total":65790.55441442,"mass_total":6289351.5029834295,"n_hex":11,"sample_h3":"874245390ffffff","log_pop":4.8181635462,"log_mass":6.7986058675},{"country_iso":"PAK","city_id":6276,"city":"Daharki","pop_total":9885.1944522596,"mass_total":2079460.8775718887,"n_hex":6,"sample_h3":"874255604ffffff","log_pop":3.9949852168,"log_mass":6.3179507541},{"country_iso":"PAK","city_id":6277,"city":"Attock","pop_total":20973.783898462,"mass_total":4935847.9947659122,"n_hex":11,"sample_h3":"87426d380ffffff","log_pop":4.321676789,"log_mass":6.6933617766},{"country_iso":"PAK","city_id":6278,"city":"Tando Allayhar","pop_total":27869.3509223265,"mass_total":2329331.3087733062,"n_hex":8,"sample_h3":"8742e5650ffffff","log_pop":4.4451268541,"log_mass":6.3672312641},{"country_iso":"PAK","city_id":6280,"city":"Kamra","pop_total":23118.321926505,"mass_total":5446631.7568015652,"n_hex":26,"sample_h3":"87426d220ffffff","log_pop":4.3639563071,"log_mass":6.7361280139},{"country_iso":"PAK","city_id":6281,"city":"Sanghar","pop_total":12523.7853360083,"mass_total":1127788.4519937914,"n_hex":5,"sample_h3":"874252c81ffffff","log_pop":4.097735615,"log_mass":6.0522276433},{"country_iso":"PAK","city_id":6283,"city":"Wan Bhachran","pop_total":1119.6960084635,"mass_total":1223613.087481343,"n_hex":4,"sample_h3":"874268546ffffff","log_pop":3.04910013,"log_mass":6.0876441135},{"country_iso":"PAK","city_id":6286,"city":"Matli","pop_total":14.2672343535,"mass_total":6406.9720999552,"n_hex":1,"sample_h3":"8742e0acdffffff","log_pop":1.154339795,"log_mass":3.8066528328},{"country_iso":"PAK","city_id":6287,"city":"Damas Gahkuch","pop_total":165.6730128516,"mass_total":500416.5798008692,"n_hex":4,"sample_h3":"87209d602ffffff","log_pop":2.2192517702,"log_mass":5.6993316903},{"country_iso":"PAK","city_id":6288,"city":"Topi","pop_total":10071.6887186686,"mass_total":1131344.3311654674,"n_hex":5,"sample_h3":"87209acb0ffffff","log_pop":4.0031022948,"log_mass":6.0535948051},{"country_iso":"PAK","city_id":6289,"city":"Dera Ghazi Khan","pop_total":99120.9967373175,"mass_total":5847438.8565988466,"n_hex":16,"sample_h3":"874240029ffffff","log_pop":4.9961656606,"log_mass":6.7669656893},{"country_iso":"PAK","city_id":6290,"city":"Allai","pop_total":177.7422013348,"mass_total":189097.809439086,"n_hex":2,"sample_h3":"872098494ffffff","log_pop":2.2497905546,"log_mass":5.2766864979},{"country_iso":"PAK","city_id":6293,"city":"Kot Chutta","pop_total":7143.9164722742,"mass_total":904521.9350136032,"n_hex":8,"sample_h3":"874240018ffffff","log_pop":3.8539363681,"log_mass":5.9564191031},{"country_iso":"PAK","city_id":6294,"city":"Battagram","pop_total":197.3930130005,"mass_total":72108.7126318687,"n_hex":1,"sample_h3":"87209a872ffffff","log_pop":2.2953317762,"log_mass":4.8579877421},{"country_iso":"PAK","city_id":6295,"city":"Gh\u0101zi","pop_total":2919.3754300585,"mass_total":762830.5849861261,"n_hex":4,"sample_h3":"87209ac90ffffff","log_pop":3.4652899486,"log_mass":5.8824280974},{"country_iso":"PAK","city_id":6297,"city":"Pindi Gheb","pop_total":5962.7573061765,"mass_total":2049312.9976024576,"n_hex":5,"sample_h3":"87426d682ffffff","log_pop":3.7754471332,"log_mass":6.3116082945},{"country_iso":"PAK","city_id":6298,"city":"Jampur","pop_total":37079.8333178913,"mass_total":2993238.4609105838,"n_hex":9,"sample_h3":"874240440ffffff","log_pop":4.5691377732,"log_mass":6.476141317},{"country_iso":"PAK","city_id":6299,"city":"Rajanpur","pop_total":15361.679824443,"mass_total":2656737.5685334299,"n_hex":6,"sample_h3":"8742428e2ffffff","log_pop":4.1864387091,"log_mass":6.4243486571},{"country_iso":"PAK","city_id":6300,"city":"Kot Addu","pop_total":22132.1586491753,"mass_total":2565511.7317833533,"n_hex":6,"sample_h3":"874240a68ffffff","log_pop":4.3450237747,"log_mass":6.409174005},{"country_iso":"PAK","city_id":6301,"city":"Oghi","pop_total":94.0833911896,"mass_total":32320.1553170651,"n_hex":1,"sample_h3":"87209a889ffffff","log_pop":1.9735129629,"log_mass":4.5094734391},{"country_iso":"PAK","city_id":6302,"city":"Wah Cantonment","pop_total":73878.8074642181,"mass_total":12770664.049636675,"n_hex":28,"sample_h3":"87209a590ffffff","log_pop":4.8685198765,"log_mass":7.1062134803},{"country_iso":"PAK","city_id":6304,"city":"Mithankot","pop_total":6179.6931180374,"mass_total":1044754.8733769094,"n_hex":5,"sample_h3":"874242104ffffff","log_pop":3.7909669087,"log_mass":6.0190144056},{"country_iso":"PAK","city_id":6305,"city":"Sadiqabad","pop_total":79214.1555403092,"mass_total":10220974.458737338,"n_hex":17,"sample_h3":"874251964ffffff","log_pop":4.8988027968,"log_mass":7.009492303},{"country_iso":"PAK","city_id":6306,"city":"Mirpur Khas","pop_total":64305.4044448292,"mass_total":3513252.4606466135,"n_hex":11,"sample_h3":"8742e1800ffffff","log_pop":4.808247474,"log_mass":6.5457093591},{"country_iso":"PAK","city_id":6309,"city":"Haripur","pop_total":35921.9451283436,"mass_total":6341325.0862067332,"n_hex":23,"sample_h3":"87209a425ffffff","log_pop":4.5553598451,"log_mass":6.8021800177},{"country_iso":"PAK","city_id":6310,"city":"Fateh Jang","pop_total":5753.1011962797,"mass_total":1836971.8180141198,"n_hex":5,"sample_h3":"874269902ffffff","log_pop":3.7599020133,"log_mass":6.2641024936},{"country_iso":"PAK","city_id":6311,"city":"Badin","pop_total":1318.9967441447,"mass_total":506459.306791688,"n_hex":3,"sample_h3":"8742e02d0ffffff","log_pop":3.1202437235,"log_mass":5.7045445562},{"country_iso":"PAK","city_id":6312,"city":"Kot Najib Ullah","pop_total":5536.8841644212,"mass_total":1073421.9315665935,"n_hex":5,"sample_h3":"87209a512ffffff","log_pop":3.7432654379,"log_mass":6.0307704643},{"country_iso":"PAK","city_id":6313,"city":"Rahimyar Khan","pop_total":144622.8044186835,"mass_total":14260022.3842393458,"n_hex":20,"sample_h3":"874242410ffffff","log_pop":5.1602367788,"log_mass":7.1541202072},{"country_iso":"PAK","city_id":6314,"city":"Mirwah","pop_total":289.8083114979,"mass_total":150354.6707979283,"n_hex":3,"sample_h3":"8742e189affffff","log_pop":2.4621108366,"log_mass":5.1771169241},{"country_iso":"PAK","city_id":6315,"city":"Munda","pop_total":4799.4829844643,"mass_total":731154.4541943776,"n_hex":6,"sample_h3":"874241d60ffffff","log_pop":3.6811944563,"log_mass":5.8640091301},{"country_iso":"PAK","city_id":6316,"city":"Talagang","pop_total":12382.9043123283,"mass_total":2579693.7003762559,"n_hex":5,"sample_h3":"874268360ffffff","log_pop":4.092822517,"log_mass":6.4115681431},{"country_iso":"PAK","city_id":6319,"city":"Dhudial","pop_total":836.137897153,"mass_total":612636.3533636591,"n_hex":12,"sample_h3":"87209a10bffffff","log_pop":2.9222779079,"log_mass":5.7872027639},{"country_iso":"PAK","city_id":6320,"city":"Digri","pop_total":1206.9484198308,"mass_total":611203.4320669769,"n_hex":3,"sample_h3":"8742e11a6ffffff","log_pop":3.0816887105,"log_mass":5.7861857843},{"country_iso":"PAK","city_id":6321,"city":"Mansehra","pop_total":12149.3565002254,"mass_total":3254492.1060116198,"n_hex":8,"sample_h3":"87209a004ffffff","log_pop":4.0845532758,"log_mass":6.5124832225},{"country_iso":"PAK","city_id":6322,"city":"Balakot","pop_total":36.7304534912,"mass_total":25313.534393191,"n_hex":1,"sample_h3":"87209ab9bffffff","log_pop":1.5650262904,"log_mass":4.4033527876},{"country_iso":"PAK","city_id":6323,"city":"Abbottabad","pop_total":38528.5590257906,"mass_total":4815566.7138604317,"n_hex":16,"sample_h3":"87209a002ffffff","log_pop":4.5857827666,"log_mass":6.6826474039},{"country_iso":"PAK","city_id":6324,"city":"Muzaffargarh","pop_total":89234.1034105189,"mass_total":9884685.7055559661,"n_hex":20,"sample_h3":"874240208ffffff","log_pop":4.9505308644,"log_mass":6.994962865},{"country_iso":"PAK","city_id":6325,"city":"Jamesabad","pop_total":632.3703076587,"mass_total":339967.4883489597,"n_hex":4,"sample_h3":"8742e1108ffffff","log_pop":2.8009714699,"log_mass":5.5314373867},{"country_iso":"PAK","city_id":6326,"city":"Shahr Sultan","pop_total":19012.3752408084,"mass_total":2342848.132746025,"n_hex":21,"sample_h3":"874240292ffffff","log_pop":4.2790363772,"log_mass":6.3697441378},{"country_iso":"PAK","city_id":6327,"city":"Havelian","pop_total":1635.6793480817,"mass_total":384123.0693144758,"n_hex":3,"sample_h3":"87209a096ffffff","log_pop":3.2136981704,"log_mass":5.5844703904},{"country_iso":"PAK","city_id":6328,"city":"Nindo Shahr","pop_total":13.7916126251,"mass_total":16506.1376742364,"n_hex":1,"sample_h3":"8742e3941ffffff","log_pop":1.1396150503,"log_mass":4.2176454631},{"country_iso":"PAK","city_id":6329,"city":"Rawalpindi [Islamabad]","pop_total":1102469.0297057284,"mass_total":141748674.9930239916,"n_hex":96,"sample_h3":"87209a480ffffff","log_pop":6.0423663982,"log_mass":8.151519008},{"country_iso":"PAK","city_id":6330,"city":"Alipur","pop_total":25072.3888107431,"mass_total":2414223.4181738324,"n_hex":8,"sample_h3":"87424069affffff","log_pop":4.399195714,"log_mass":6.3827774583},{"country_iso":"PAK","city_id":6331,"city":"Garhi Habibullah","pop_total":953.8135061601,"mass_total":202417.521483447,"n_hex":4,"sample_h3":"87209a060ffffff","log_pop":2.9794634678,"log_mass":5.3062481028},{"country_iso":"PAK","city_id":6332,"city":"Khanpur","pop_total":68777.0856222863,"mass_total":5071757.7398824776,"n_hex":9,"sample_h3":"874242704ffffff","log_pop":4.837443769,"log_mass":6.7051585006},{"country_iso":"PAK","city_id":6335,"city":"Khushab","pop_total":20847.2379170848,"mass_total":3198856.018687312,"n_hex":5,"sample_h3":"8742686e0ffffff","log_pop":4.3190485228,"log_mass":6.5049946928},{"country_iso":"PAK","city_id":6336,"city":"Gilgit","pop_total":2666.1333485664,"mass_total":2877586.9141715704,"n_hex":7,"sample_h3":"8720991a4ffffff","log_pop":3.4258818672,"log_mass":6.4590284499},{"country_iso":"PAK","city_id":6337,"city":"Multan","pop_total":1546799.4387123554,"mass_total":115903136.8662166893,"n_hex":86,"sample_h3":"874240248ffffff","log_pop":6.1894340058,"log_mass":8.0640951901},{"country_iso":"PAK","city_id":6339,"city":"Muzaffarabad","pop_total":10192.8323439953,"mass_total":2281296.5716554797,"n_hex":6,"sample_h3":"87209a041ffffff","log_pop":4.0082948808,"log_mass":6.3581817478},{"country_iso":"PAK","city_id":6340,"city":"Shujaabad","pop_total":51319.4698299745,"mass_total":4254725.5743800877,"n_hex":11,"sample_h3":"8742402caffffff","log_pop":4.7102821611,"log_mass":6.6288715538},{"country_iso":"PAK","city_id":6341,"city":"Bani Gala","pop_total":9990.6619701535,"mass_total":2686734.5596961174,"n_hex":6,"sample_h3":"87209a4d0ffffff","log_pop":3.999594265,"log_mass":6.4292247617},{"country_iso":"PAK","city_id":6342,"city":"Chakwal","pop_total":23246.4412103877,"mass_total":5780725.5328469146,"n_hex":11,"sample_h3":"874269528ffffff","log_pop":4.3663564763,"log_mass":6.7619823497},{"country_iso":"PAK","city_id":6345,"city":"Farzand","pop_total":1607.0866107454,"mass_total":306831.0308428842,"n_hex":3,"sample_h3":"8742e13b0ffffff","log_pop":3.2060392828,"log_mass":5.4868992791},{"country_iso":"PAK","city_id":6347,"city":"Rana Khemraj","pop_total":2844.0480236502,"mass_total":362736.2534146728,"n_hex":3,"sample_h3":"8742e1309ffffff","log_pop":3.4539369255,"log_mass":5.559590963},{"country_iso":"PAK","city_id":6348,"city":"DAULTALA","pop_total":1618.3644225812,"mass_total":343824.7891195155,"n_hex":1,"sample_h3":"874269005ffffff","log_pop":3.2090763225,"log_mass":5.5363371853},{"country_iso":"PAK","city_id":6349,"city":"Katas Raj Dham","pop_total":626.9682563221,"mass_total":401375.7646260583,"n_hex":3,"sample_h3":"874269410ffffff","log_pop":2.7972455529,"log_mass":5.6035511459},{"country_iso":"PAK","city_id":6350,"city":"Kahuta","pop_total":4561.2538854412,"mass_total":910931.0084341115,"n_hex":4,"sample_h3":"874269a0cffffff","log_pop":3.6590842463,"log_mass":5.9594854859},{"country_iso":"PAK","city_id":6351,"city":"Ahmadpur East","pop_total":52605.7778546128,"mass_total":3542749.0993294511,"n_hex":8,"sample_h3":"874243524ffffff","log_pop":4.7210334467,"log_mass":6.5493403963},{"country_iso":"PAK","city_id":6353,"city":"Sargodha","pop_total":250029.6004294489,"mass_total":25425155.289243713,"n_hex":22,"sample_h3":"87426bc40ffffff","log_pop":5.3979914268,"log_mass":7.4052636141},{"country_iso":"PAK","city_id":6355,"city":"Kabirwala","pop_total":31859.7137656492,"mass_total":4432102.0354441982,"n_hex":11,"sample_h3":"874241019ffffff","log_pop":4.5032418697,"log_mass":6.6466097501},{"country_iso":"PAK","city_id":6356,"city":"Gujar Khan","pop_total":15584.5711564868,"mass_total":2926297.5617672168,"n_hex":4,"sample_h3":"874269040ffffff","log_pop":4.1926948562,"log_mass":6.4663184854},{"country_iso":"PAK","city_id":6357,"city":"Jhang","pop_total":156066.9791177095,"mass_total":15954506.0935201366,"n_hex":15,"sample_h3":"87426a640ffffff","log_pop":5.1933110241,"log_mass":7.2028833642},{"country_iso":"PAK","city_id":6359,"city":"Khanewal","pop_total":79142.9493301504,"mass_total":9308220.291636683,"n_hex":13,"sample_h3":"8742410d0ffffff","log_pop":4.8984122306,"log_mass":6.9688666529},{"country_iso":"PAK","city_id":6360,"city":"Bagh","pop_total":100.8362426758,"mass_total":31007.3864189845,"n_hex":1,"sample_h3":"87209a65cffffff","log_pop":2.0036166548,"log_mass":4.4914651615},{"country_iso":"PAK","city_id":6361,"city":"Jahanian","pop_total":15580.3096845515,"mass_total":2950144.2116086548,"n_hex":10,"sample_h3":"87424145bffffff","log_pop":4.1925760857,"log_mass":6.4698432461},{"country_iso":"PAK","city_id":6362,"city":"Bhalwal","pop_total":23833.4222396776,"mass_total":3856157.8455130621,"n_hex":7,"sample_h3":"87426b8c0ffffff","log_pop":4.3771864071,"log_mass":6.5861548027},{"country_iso":"PAK","city_id":6363,"city":"Lodhran","pop_total":44764.3841575174,"mass_total":4166890.0489618513,"n_hex":9,"sample_h3":"874243166ffffff","log_pop":4.6509326141,"log_mass":6.619812041},{"country_iso":"PAK","city_id":6366,"city":"Samote","pop_total":536.6784867586,"mass_total":226349.6027188725,"n_hex":7,"sample_h3":"874269302ffffff","log_pop":2.7297141865,"log_mass":5.3547797366},{"country_iso":"PAK","city_id":6367,"city":"Rawalakot","pop_total":582.9449015075,"mass_total":216038.2770708244,"n_hex":2,"sample_h3":"87209a6c3ffffff","log_pop":2.7656275083,"log_mass":5.3345307051},{"country_iso":"PAK","city_id":6368,"city":"Palandri","pop_total":38.9527359009,"mass_total":23136.5164404931,"n_hex":1,"sample_h3":"873d34d04ffffff","log_pop":1.5905379664,"log_mass":4.3642979698},{"country_iso":"PAK","city_id":6372,"city":"Sohawa","pop_total":2008.2372616693,"mass_total":659829.5320962819,"n_hex":4,"sample_h3":"8742693b0ffffff","log_pop":3.3028150209,"log_mass":5.8194317494},{"country_iso":"PAK","city_id":6373,"city":"Bahawalpur","pop_total":257661.5580247318,"mass_total":20642109.07651392,"n_hex":24,"sample_h3":"874243000ffffff","log_pop":5.4110496286,"log_mass":7.3147540686},{"country_iso":"PAK","city_id":6378,"city":"Shakarpur","pop_total":1936.4685086877,"mass_total":787478.1677668063,"n_hex":6,"sample_h3":"8742696b4ffffff","log_pop":3.2870104388,"log_mass":5.8962385221},{"country_iso":"PAK","city_id":6379,"city":"Toba Tek Singh","pop_total":36870.8068861054,"mass_total":6204528.7655595019,"n_hex":10,"sample_h3":"87424cc21ffffff","log_pop":4.5666826419,"log_mass":6.7927088024},{"country_iso":"PAK","city_id":6380,"city":"Hajira","pop_total":31.5435767903,"mass_total":65642.3942822214,"n_hex":3,"sample_h3":"873d34d40ffffff","log_pop":1.4989109373,"log_mass":4.8171844134},{"country_iso":"PAK","city_id":6381,"city":"Kahror Pakka","pop_total":40225.3615949219,"mass_total":3040237.9832482305,"n_hex":7,"sample_h3":"874243a85ffffff","log_pop":4.6044999568,"log_mass":6.4829075806},{"country_iso":"PAK","city_id":6383,"city":"Chenab Nagar","pop_total":41375.4993163688,"mass_total":5097693.5107326591,"n_hex":7,"sample_h3":"87426b42dffffff","log_pop":4.6167432478,"log_mass":6.7073737208},{"country_iso":"PAK","city_id":6384,"city":"Pir Mahal","pop_total":24980.1709874125,"mass_total":4597065.8380334489,"n_hex":8,"sample_h3":"87424cc80ffffff","log_pop":4.3975954068,"log_mass":6.6624807237},{"country_iso":"PAK","city_id":6386,"city":"Dina","pop_total":14311.3102352142,"mass_total":2060133.8077214714,"n_hex":5,"sample_h3":"874269286ffffff","log_pop":4.1556793963,"log_mass":6.3138954291},{"country_iso":"PAK","city_id":6387,"city":"Gojra","pop_total":69755.051205953,"mass_total":6983329.4978721049,"n_hex":9,"sample_h3":"87424c881ffffff","log_pop":4.8435756619,"log_mass":6.8440625341},{"country_iso":"PAK","city_id":6388,"city":"Mian Channu","pop_total":32926.0916808446,"mass_total":4543603.5345418686,"n_hex":7,"sample_h3":"87424121bffffff","log_pop":4.5175401831,"log_mass":6.6574004287},{"country_iso":"PAK","city_id":6389,"city":"Kotli","pop_total":4509.1194894604,"mass_total":684588.7861048089,"n_hex":3,"sample_h3":"873d34ca8ffffff","log_pop":3.6540917441,"log_mass":5.8354297809},{"country_iso":"PAK","city_id":6390,"city":"Chiniot","pop_total":70960.2915644552,"mass_total":8266104.2248570537,"n_hex":8,"sample_h3":"87426b440ffffff","log_pop":4.8510153913,"log_mass":6.9173008769},{"country_iso":"PAK","city_id":6391,"city":"Gourna Colony","pop_total":3764.8706627098,"mass_total":1189170.282778468,"n_hex":8,"sample_h3":"87426b01affffff","log_pop":3.5757500612,"log_mass":6.0752440477},{"country_iso":"PAK","city_id":6394,"city":"Mirpur","pop_total":10675.7354395287,"mass_total":5839508.9256625678,"n_hex":8,"sample_h3":"87426921affffff","log_pop":4.0283978028,"log_mass":6.7663763266},{"country_iso":"PAK","city_id":6395,"city":"Mandi Bahauddin","pop_total":47693.5518723207,"mass_total":6840275.4295473378,"n_hex":12,"sample_h3":"873d36d34ffffff","log_pop":4.6784596668,"log_mass":6.8350735893},{"country_iso":"PAK","city_id":6398,"city":"Mailsi","pop_total":41987.9700806449,"mass_total":4563285.9588559652,"n_hex":9,"sample_h3":"874243a48ffffff","log_pop":4.6231248791,"log_mass":6.6592776847},{"country_iso":"PAK","city_id":6400,"city":"Jhelum","pop_total":54627.0806610818,"mass_total":9767941.6596974768,"n_hex":19,"sample_h3":"873d36922ffffff","log_pop":4.7374079919,"log_mass":6.9898030571},{"country_iso":"PAK","city_id":6404,"city":"Pir Murad","pop_total":54395.710936408,"mass_total":7372075.8369027022,"n_hex":11,"sample_h3":"8742416c8ffffff","log_pop":4.7355646572,"log_mass":6.8675897942},{"country_iso":"PAK","city_id":6405,"city":"Faisalabad","pop_total":2294975.1047437601,"mass_total":130220373.9072355926,"n_hex":99,"sample_h3":"87424c849ffffff","log_pop":6.3607779788,"log_mass":8.114678938},{"country_iso":"PAK","city_id":6406,"city":"Islamkot","pop_total":7.6026325226,"mass_total":11308.4646622078,"n_hex":1,"sample_h3":"8742ee114ffffff","log_pop":0.8809639991,"log_mass":4.0534036452},{"country_iso":"PAK","city_id":6407,"city":"Kamalia","pop_total":35269.1536586163,"mass_total":3679354.87793021,"n_hex":5,"sample_h3":"87424c528ffffff","log_pop":4.5473950382,"log_mass":6.565771678},{"country_iso":"PAK","city_id":6408,"city":"Sarai Alamgir","pop_total":11854.1048230096,"mass_total":2236367.6238341518,"n_hex":6,"sample_h3":"873d36910ffffff","log_pop":4.0738687633,"log_mass":6.3495431963},{"country_iso":"PAK","city_id":6410,"city":"Fatehpur Thakiala","pop_total":36.779876709,"mass_total":22034.4679929955,"n_hex":1,"sample_h3":"873d34cd9ffffff","log_pop":1.5656102691,"log_mass":4.3431025692},{"country_iso":"PAK","city_id":6416,"city":"Dijkot","pop_total":12911.1783939268,"mass_total":3182803.5459124153,"n_hex":10,"sample_h3":"87424caa4ffffff","log_pop":4.1109658818,"log_mass":6.5028098332},{"country_iso":"PAK","city_id":6418,"city":"Dinga","pop_total":9262.1713069579,"mass_total":1938841.3961552226,"n_hex":5,"sample_h3":"873d36d46ffffff","log_pop":3.9667128092,"log_mass":6.2875422838},{"country_iso":"PAK","city_id":6419,"city":"Samundri","pop_total":36290.3217639587,"mass_total":4608622.6088341651,"n_hex":8,"sample_h3":"87424c142ffffff","log_pop":4.5597908188,"log_mass":6.663571146},{"country_iso":"PAK","city_id":6420,"city":"Chichawatni","pop_total":31481.3011357551,"mass_total":4780506.3056274764,"n_hex":8,"sample_h3":"87424c402ffffff","log_pop":4.4980526736,"log_mass":6.6794738954},{"country_iso":"PAK","city_id":6424,"city":"Kharian","pop_total":17065.5448650734,"mass_total":3314400.4885635958,"n_hex":18,"sample_h3":"873d36810ffffff","log_pop":4.2321201589,"log_mass":6.5204049843},{"country_iso":"PAK","city_id":6426,"city":"Ghaseet pura69 RB","pop_total":100455.8950127985,"mass_total":14493345.3253401276,"n_hex":36,"sample_h3":"87424ca60ffffff","log_pop":5.0019754274,"log_mass":7.16116864},{"country_iso":"PAK","city_id":6429,"city":"Sangla Hill","pop_total":17988.3771463338,"mass_total":2623580.4982779068,"n_hex":9,"sample_h3":"87426b600ffffff","log_pop":4.2549919845,"log_mass":6.418894394},{"country_iso":"PAK","city_id":6430,"city":"Burewala","pop_total":81376.4689156308,"mass_total":9980890.6175182816,"n_hex":15,"sample_h3":"87424e80affffff","log_pop":4.910498841,"log_mass":6.9991692961},{"country_iso":"PAK","city_id":6431,"city":"Lala Musa","pop_total":22976.415589901,"mass_total":3534645.2024165257,"n_hex":14,"sample_h3":"873d36880ffffff","log_pop":4.361282278,"log_mass":6.5483458271},{"country_iso":"PAK","city_id":6432,"city":"Mangowal","pop_total":6719.0960587969,"mass_total":1365109.0412170263,"n_hex":15,"sample_h3":"873d36c00ffffff","log_pop":3.82731085,"log_mass":6.135167343},{"country_iso":"PAK","city_id":6438,"city":"Hasilpur","pop_total":33338.968561899,"mass_total":5268442.4075284805,"n_hex":11,"sample_h3":"87424ecc0ffffff","log_pop":4.5229521595,"log_mass":6.7216822369},{"country_iso":"PAK","city_id":6439,"city":"Hafizabad","pop_total":49634.9900925842,"mass_total":6879296.2325369604,"n_hex":10,"sample_h3":"87426b252ffffff","log_pop":4.6957879395,"log_mass":6.8375440112},{"country_iso":"PAK","city_id":6445,"city":"Ali Pur Chatha","pop_total":8429.0226949355,"mass_total":1589120.8464416815,"n_hex":4,"sample_h3":"873d36534ffffff","log_pop":3.9257772232,"log_mass":6.2011569249},{"country_iso":"PAK","city_id":6447,"city":"Gujrat","pop_total":110454.9436060176,"mass_total":16558331.6726764161,"n_hex":21,"sample_h3":"873d36102ffffff","log_pop":5.0431851583,"log_mass":7.2190165775},{"country_iso":"PAK","city_id":6448,"city":"Sahiwal","pop_total":165693.2416128869,"mass_total":18890177.0689416192,"n_hex":21,"sample_h3":"87424c700ffffff","log_pop":5.2193047945,"log_mass":7.2762360288},{"country_iso":"PAK","city_id":6450,"city":"Jaranwala","pop_total":53346.9285107332,"mass_total":5154467.8523206655,"n_hex":8,"sample_h3":"87424dda0ffffff","log_pop":4.7271094197,"log_mass":6.7121838353},{"country_iso":"PAK","city_id":6453,"city":"Mohla khurd","pop_total":1624.2263611214,"mass_total":337288.3543420407,"n_hex":4,"sample_h3":"873d36180ffffff","log_pop":3.2106465548,"log_mass":5.5280013464},{"country_iso":"PAK","city_id":6457,"city":"Manawala","pop_total":10707.8544311299,"mass_total":1709207.9032364148,"n_hex":7,"sample_h3":"87424dd60ffffff","log_pop":4.0297024585,"log_mass":6.2327948923},{"country_iso":"PAK","city_id":6459,"city":"Arifwala","pop_total":45912.8834223841,"mass_total":6069029.7835307252,"n_hex":11,"sample_h3":"87424ea05ffffff","log_pop":4.6619345682,"log_mass":6.7831192688},{"country_iso":"PAK","city_id":6460,"city":"Jalalpur Jattan","pop_total":15179.3952481438,"mass_total":2499246.1726913168,"n_hex":6,"sample_h3":"873d36108ffffff","log_pop":4.1812544695,"log_mass":6.3978090357},{"country_iso":"PAK","city_id":6461,"city":"Wazirabad","pop_total":26052.5455767127,"mass_total":4849958.25538541,"n_hex":11,"sample_h3":"873d36182ffffff","log_pop":4.4158501643,"log_mass":6.6857380006},{"country_iso":"PAK","city_id":6467,"city":"Farooqabad","pop_total":26187.5247143428,"mass_total":3337029.2126314775,"n_hex":9,"sample_h3":"87424d802ffffff","log_pop":4.4180944502,"log_mass":6.5233600085},{"country_iso":"PAK","city_id":6468,"city":"Qila Didar Singh","pop_total":20092.5258525325,"mass_total":1946054.4857664909,"n_hex":5,"sample_h3":"873d36406ffffff","log_pop":4.3030345358,"log_mass":6.2891549955},{"country_iso":"PAK","city_id":6469,"city":"Gujranwala","pop_total":888971.5931301771,"mass_total":85854052.4834064692,"n_hex":71,"sample_h3":"873d36408ffffff","log_pop":5.9488878834,"log_mass":7.9337607996},{"country_iso":"PAK","city_id":6470,"city":"Nankana Sahib","pop_total":18214.0724187589,"mass_total":2163550.7055123006,"n_hex":6,"sample_h3":"87424dc28ffffff","log_pop":4.260407059,"log_mass":6.3351670779},{"country_iso":"PAK","city_id":6471,"city":"Ghakhar Mandi","pop_total":9632.2468062607,"mass_total":1732173.2655098888,"n_hex":5,"sample_h3":"873d36548ffffff","log_pop":3.9837276019,"log_mass":6.2385913314},{"country_iso":"PAK","city_id":6472,"city":"Nowshera Virkan","pop_total":7466.0196632759,"mass_total":1023008.5328260704,"n_hex":2,"sample_h3":"873d364b2ffffff","log_pop":3.8730891294,"log_mass":6.0098792561},{"country_iso":"PAK","city_id":6473,"city":"Lahore","pop_total":5779239.5992566235,"mass_total":520931014.7920632958,"n_hex":253,"sample_h3":"87424d000ffffff","log_pop":6.7618707001,"log_mass":8.7167802149},{"country_iso":"PAK","city_id":6475,"city":"Okara","pop_total":127428.7765967809,"mass_total":15174575.1825415455,"n_hex":18,"sample_h3":"874248934ffffff","log_pop":5.1052675136,"log_mass":7.1811165417},{"country_iso":"PAK","city_id":6476,"city":"Sialkot","pop_total":354057.1229612613,"mass_total":41758013.9963089377,"n_hex":75,"sample_h3":"873d36012ffffff","log_pop":5.549073336,"log_mass":7.6207398355},{"country_iso":"PAK","city_id":6484,"city":"Renala Khurd","pop_total":16469.279385002,"mass_total":1961508.0568179931,"n_hex":4,"sample_h3":"87424c2c2ffffff","log_pop":4.216674597,"log_mass":6.2925900963},{"country_iso":"PAK","city_id":6485,"city":"Pakpattan","pop_total":59994.4051633648,"mass_total":7326549.8140078802,"n_hex":10,"sample_h3":"874248d00ffffff","log_pop":4.7781107517,"log_mass":6.8648995068},{"country_iso":"PAK","city_id":6490,"city":"Bahawalnagar","pop_total":45346.1535445195,"mass_total":6393856.4136852417,"n_hex":7,"sample_h3":"87424e301ffffff","log_pop":4.6565404542,"log_mass":6.8057628791},{"country_iso":"PAK","city_id":6491,"city":"Tamboli","pop_total":3521.3390652301,"mass_total":451966.1432725094,"n_hex":4,"sample_h3":"87424db03ffffff","log_pop":3.5467078447,"log_mass":5.6551059031},{"country_iso":"PAK","city_id":6492,"city":"Depalpur","pop_total":29512.785341016,"mass_total":3572675.3386411229,"n_hex":9,"sample_h3":"874248830ffffff","log_pop":4.470010199,"log_mass":6.5529935522},{"country_iso":"PAK","city_id":6494,"city":"Muridke","pop_total":48642.5638985166,"mass_total":7187894.0323920446,"n_hex":16,"sample_h3":"87424da34ffffff","log_pop":4.6870164581,"log_mass":6.8566016659},{"country_iso":"PAK","city_id":6495,"city":"Pattoki","pop_total":38213.6874985807,"mass_total":4921114.4301145729,"n_hex":11,"sample_h3":"87424d426ffffff","log_pop":4.5822189477,"log_mass":6.6920634638},{"country_iso":"PAK","city_id":6496,"city":"Bhai Pheru","pop_total":20030.7394774044,"mass_total":2340149.7108326331,"n_hex":5,"sample_h3":"87424d544ffffff","log_pop":4.3016969825,"log_mass":6.3692436422},{"country_iso":"PAK","city_id":6497,"city":"Khanke Mod","pop_total":19880.9511205449,"mass_total":2621846.625147488,"n_hex":10,"sample_h3":"87424d420ffffff","log_pop":4.2984371576,"log_mass":6.4186072824},{"country_iso":"PAK","city_id":6498,"city":"Manga","pop_total":59066.2143568862,"mass_total":6383178.5204342268,"n_hex":14,"sample_h3":"87424d0a6ffffff","log_pop":4.7713391372,"log_mass":6.8050369907},{"country_iso":"PAK","city_id":6504,"city":"Haveli Lakha","pop_total":22931.4438999662,"mass_total":2789694.3861048077,"n_hex":6,"sample_h3":"874248890ffffff","log_pop":4.3604314014,"log_mass":6.4455566285},{"country_iso":"PAK","city_id":6505,"city":"Chunian","pop_total":45369.1015513532,"mass_total":7642814.4553836435,"n_hex":13,"sample_h3":"87424d410ffffff","log_pop":4.656760179,"log_mass":6.8832533163},{"country_iso":"PAK","city_id":6511,"city":"Pasrur","pop_total":26932.6440177749,"mass_total":3691914.7359781889,"n_hex":8,"sample_h3":"873d36629ffffff","log_pop":4.4302789908,"log_mass":6.5672516625},{"country_iso":"PAK","city_id":6512,"city":"Chawinda","pop_total":6525.9941203847,"mass_total":1095296.3694614717,"n_hex":5,"sample_h3":"873d36292ffffff","log_pop":3.8146466782,"log_mass":6.0395316481},{"country_iso":"PAK","city_id":6515,"city":"Raiwind","pop_total":51168.9378024288,"mass_total":5607595.425863849,"n_hex":5,"sample_h3":"87424d08affffff","log_pop":4.7090064017,"log_mass":6.7487766728},{"country_iso":"PAK","city_id":6520,"city":"Allahabad","pop_total":12565.4019345508,"mass_total":2097564.6724572219,"n_hex":7,"sample_h3":"874248b24ffffff","log_pop":4.0991763851,"log_mass":6.3217153599},{"country_iso":"PAK","city_id":6525,"city":"Zafarwal","pop_total":11915.5718510759,"mass_total":1589137.5909822318,"n_hex":4,"sample_h3":"873d32900ffffff","log_pop":4.0761148898,"log_mass":6.201161501},{"country_iso":"PAK","city_id":6530,"city":"Narowal","pop_total":42737.1532582545,"mass_total":6670870.0991136553,"n_hex":10,"sample_h3":"873d32990ffffff","log_pop":4.6308055902,"log_mass":6.8241824838},{"country_iso":"PAK","city_id":6537,"city":"Kasur","pop_total":125145.0061661159,"mass_total":18492642.4274251722,"n_hex":22,"sample_h3":"87424d600ffffff","log_pop":5.097413524,"log_mass":7.2669989723},{"country_iso":"PAK","city_id":6551,"city":"Shakar Garh","pop_total":31912.1295380087,"mass_total":4057536.9638976203,"n_hex":5,"sample_h3":"873d32808ffffff","log_pop":4.5039557862,"log_mass":6.6082624849},{"country_iso":"PAK","city_id":6552,"city":"Chak Qazian","pop_total":4127.0154345868,"mass_total":931087.0897269188,"n_hex":4,"sample_h3":"873d32818ffffff","log_pop":3.6156360931,"log_mass":5.9689903048}]