[{"country_iso":"TUR","city_id":3481,"city":"Edirne","pop_total":50617.2972993739,"mass_total":14472924.4525434021,"n_hex":9,"sample_h3":"871ecc4cdffffff","log_pop":4.7042989524,"log_mass":7.1605562951},{"country_iso":"TUR","city_id":3488,"city":"\u00c7anakkale","pop_total":48918.2966791003,"mass_total":11590509.2074283138,"n_hex":9,"sample_h3":"871eca180ffffff","log_pop":4.6894713266,"log_mass":7.0641025163},{"country_iso":"TUR","city_id":3524,"city":"Tekirda\u011f","pop_total":54960.8511437949,"mass_total":15036424.600172352,"n_hex":14,"sample_h3":"871ec800affffff","log_pop":4.7400534497,"log_mass":7.1771445809},{"country_iso":"TUR","city_id":3528,"city":"Izmir","pop_total":1854859.1307123946,"mass_total":223733980.1634303927,"n_hex":95,"sample_h3":"873f60d14ffffff","log_pop":6.2683109322,"log_mass":8.3497319487},{"country_iso":"TUR","city_id":3536,"city":"\u00c7orlu","pop_total":47590.659773778,"mass_total":14150629.1967337206,"n_hex":9,"sample_h3":"871ec8a80ffffff","log_pop":4.6775217257,"log_mass":7.1507757509},{"country_iso":"TUR","city_id":3540,"city":"Kapakl\u0131","pop_total":133787.4076702296,"mass_total":25445171.6244227104,"n_hex":16,"sample_h3":"871ec8a00ffffff","log_pop":5.1264152387,"log_mass":7.4056053845},{"country_iso":"TUR","city_id":3542,"city":"Manisa","pop_total":170280.2639343075,"mass_total":28436075.7315781042,"n_hex":17,"sample_h3":"873f64602ffffff","log_pop":5.2311643147,"log_mass":7.4538696622},{"country_iso":"TUR","city_id":3546,"city":"Band\u0131rma","pop_total":41312.5500587604,"mass_total":10440630.8955838066,"n_hex":10,"sample_h3":"871ecb881ffffff","log_pop":4.6160820031,"log_mass":7.0187267426},{"country_iso":"TUR","city_id":3549,"city":"Silivri","pop_total":29038.5428138424,"mass_total":12565440.1066729445,"n_hex":13,"sample_h3":"871ec9c12ffffff","log_pop":4.4629748192,"log_mass":7.0991777044},{"country_iso":"TUR","city_id":3550,"city":"Bal\u0131kesir","pop_total":126330.1468982809,"mass_total":22039932.2333341688,"n_hex":15,"sample_h3":"871ecb459ffffff","log_pop":5.1015070011,"log_mass":7.3432102548},{"country_iso":"TUR","city_id":3553,"city":"Turgutlu","pop_total":68624.6885467324,"mass_total":11714474.0247086436,"n_hex":10,"sample_h3":"873f60980ffffff","log_pop":4.8364803864,"log_mass":7.0687227937},{"country_iso":"TUR","city_id":3557,"city":"Akhisar","pop_total":35446.2012108494,"mass_total":9705604.3278763462,"n_hex":7,"sample_h3":"873f64200ffffff","log_pop":4.5495696984,"log_mass":6.9870225823},{"country_iso":"TUR","city_id":3562,"city":"Istanbul","pop_total":10826161.1535740755,"mass_total":1102392970.8461511135,"n_hex":291,"sample_h3":"871ec9020ffffff","log_pop":7.0344744875,"log_mass":9.0423364354},{"country_iso":"TUR","city_id":3564,"city":"Sazl\u0131bosna","pop_total":36437.8065526887,"mass_total":11133661.9238066636,"n_hex":13,"sample_h3":"871ec9c44ffffff","log_pop":4.5615522259,"log_mass":7.0466380297},{"country_iso":"TUR","city_id":3567,"city":"Aydin","pop_total":111288.3960951226,"mass_total":19822953.2804528102,"n_hex":14,"sample_h3":"873f60098ffffff","log_pop":5.0464498833,"log_mass":7.2971683574},{"country_iso":"TUR","city_id":3569,"city":"Arnavutk\u00f6y","pop_total":79286.7898230347,"mass_total":11527789.7247933969,"n_hex":11,"sample_h3":"871ec9890ffffff","log_pop":4.8992008344,"log_mass":7.061746046},{"country_iso":"TUR","city_id":3570,"city":"\u00d6demi\u015f","pop_total":24674.6365976577,"mass_total":5452406.2068776004,"n_hex":6,"sample_h3":"873f60170ffffff","log_pop":4.3922507652,"log_mass":6.7365882035},{"country_iso":"TUR","city_id":3575,"city":"Salihli","pop_total":37815.2987277143,"mass_total":8021232.7489072597,"n_hex":7,"sample_h3":"873f60841ffffff","log_pop":4.5776675355,"log_mass":6.9042411183},{"country_iso":"TUR","city_id":3576,"city":"Mithatpa\u015fa Mah.","pop_total":21787.2621417672,"mass_total":4859096.4899633508,"n_hex":8,"sample_h3":"871ec9120ffffff","log_pop":4.3382026588,"log_mass":6.6865555232},{"country_iso":"TUR","city_id":3589,"city":"Bursa","pop_total":1122028.7491454624,"mass_total":146929632.5139195323,"n_hex":60,"sample_h3":"871ec96d2ffffff","log_pop":6.0500039848,"log_mass":8.1671093924},{"country_iso":"TUR","city_id":3591,"city":"Nazilli","pop_total":38901.9915535656,"mass_total":7177651.4742024262,"n_hex":6,"sample_h3":"873f60230ffffff","log_pop":4.5899718352,"log_mass":6.8559823664},{"country_iso":"TUR","city_id":3598,"city":"Gemlik","pop_total":34820.7734321594,"mass_total":12182270.8052227963,"n_hex":11,"sample_h3":"871ec9652ffffff","log_pop":4.5418384134,"log_mass":7.0857282494},{"country_iso":"TUR","city_id":3599,"city":"S\u0131rap\u0131nar","pop_total":6555.3638155862,"mass_total":1933187.3759756945,"n_hex":8,"sample_h3":"871ec9a80ffffff","log_pop":3.8165967996,"log_mass":6.2862739505},{"country_iso":"TUR","city_id":3600,"city":"Yalova","pop_total":65011.7656490429,"mass_total":14523975.3924577981,"n_hex":13,"sample_h3":"871ec92b0ffffff","log_pop":4.8129919612,"log_mass":7.1620855044},{"country_iso":"TUR","city_id":3618,"city":"\u0130neg\u00f6l","pop_total":76504.0662891164,"mass_total":15797769.0613575019,"n_hex":13,"sample_h3":"872d34144ffffff","log_pop":4.8836845191,"log_mass":7.1985957608},{"country_iso":"TUR","city_id":3619,"city":"\u0130zmit","pop_total":340651.4485012082,"mass_total":73025720.5583537519,"n_hex":42,"sample_h3":"871ec9241ffffff","log_pop":5.53231024,"log_mass":7.8634758509},{"country_iso":"TUR","city_id":3620,"city":"G\u00f6lc\u00fck","pop_total":73723.6887656399,"mass_total":14948822.6696990002,"n_hex":13,"sample_h3":"871ec9243ffffff","log_pop":4.867607057,"log_mass":7.1746069901},{"country_iso":"TUR","city_id":3623,"city":"Denizli","pop_total":310282.9974577755,"mass_total":48685503.7085555494,"n_hex":29,"sample_h3":"873f61429ffffff","log_pop":5.4917579783,"log_mass":7.6873996677},{"country_iso":"TUR","city_id":3628,"city":"U\u015fak","pop_total":70653.5163618611,"mass_total":13314364.8413676657,"n_hex":12,"sample_h3":"873f652c0ffffff","log_pop":4.8491337812,"log_mass":7.1243204534},{"country_iso":"TUR","city_id":3635,"city":"Fethiye","pop_total":39440.7634708227,"mass_total":12854673.3307724223,"n_hex":14,"sample_h3":"873f4592dffffff","log_pop":4.5959453132,"log_mass":7.1090610446},{"country_iso":"TUR","city_id":3639,"city":"Nasuhlar","pop_total":22038.3698272565,"mass_total":2615448.9436127818,"n_hex":9,"sample_h3":"872d35101ffffff","log_pop":4.3431794667,"log_mass":6.4175462465},{"country_iso":"TUR","city_id":3643,"city":"K\u00fctahya","pop_total":65332.9970385963,"mass_total":11880729.2186801769,"n_hex":10,"sample_h3":"872d344d8ffffff","log_pop":4.8151325812,"log_mass":7.0748430977},{"country_iso":"TUR","city_id":3647,"city":"Sakarya [Adapazar\u0131]","pop_total":100809.3526332126,"mass_total":42872791.1474491581,"n_hex":30,"sample_h3":"872d35000ffffff","log_pop":5.0035008258,"log_mass":7.6321817583},{"country_iso":"TUR","city_id":3661,"city":"Eskisehir","pop_total":301839.768070048,"mass_total":56852964.3769714162,"n_hex":32,"sample_h3":"872d30890ffffff","log_pop":5.4797764585,"log_mass":7.7547531142},{"country_iso":"TUR","city_id":3686,"city":"Afyonkarahisar","pop_total":54165.7591768396,"mass_total":13549561.0501646549,"n_hex":13,"sample_h3":"872d36701ffffff","log_pop":4.7337248345,"log_mass":7.1319252261},{"country_iso":"TUR","city_id":3687,"city":"Burdur","pop_total":12245.8727038066,"mass_total":2919897.1382093756,"n_hex":6,"sample_h3":"873f6c500ffffff","log_pop":4.0879897406,"log_mass":6.4653675524},{"country_iso":"TUR","city_id":3688,"city":"D\u00fczce","pop_total":50351.9543378269,"mass_total":10749415.8961898461,"n_hex":12,"sample_h3":"872d31924ffffff","log_pop":4.7020163317,"log_mass":7.0313848661},{"country_iso":"TUR","city_id":3701,"city":"Ere\u011fli","pop_total":45309.8353538653,"mass_total":12971961.80595305,"n_hex":12,"sample_h3":"872d22400ffffff","log_pop":4.656192484,"log_mass":7.1130056613},{"country_iso":"TUR","city_id":3708,"city":"Isparta","pop_total":105602.1007516113,"mass_total":13487733.6005219463,"n_hex":13,"sample_h3":"873f6c190ffffff","log_pop":5.0236725577,"log_mass":7.1299389795},{"country_iso":"TUR","city_id":3720,"city":"Zonguldak","pop_total":46274.0287502158,"mass_total":9174633.4534702208,"n_hex":18,"sample_h3":"872d22600ffffff","log_pop":4.6653373121,"log_mass":6.9625887223},{"country_iso":"TUR","city_id":3723,"city":"Bolu","pop_total":33910.4126043273,"mass_total":8473624.8957453445,"n_hex":9,"sample_h3":"872d31881ffffff","log_pop":4.5303330741,"log_mass":6.9280692351},{"country_iso":"TUR","city_id":3729,"city":"Antalya","pop_total":474617.7137246701,"mass_total":116201405.9263523817,"n_hex":55,"sample_h3":"873f68c84ffffff","log_pop":5.676343943,"log_mass":8.0652113826},{"country_iso":"TUR","city_id":3772,"city":"Karab\u00fck","pop_total":49856.0791346223,"mass_total":10170912.2771184202,"n_hex":11,"sample_h3":"872d04520ffffff","log_pop":4.697718121,"log_mass":7.0073599086},{"country_iso":"TUR","city_id":3775,"city":"Manavgat","pop_total":30715.3313609843,"mass_total":13662641.1159549337,"n_hex":12,"sample_h3":"873f68000ffffff","log_pop":4.4873552049,"log_mass":7.1355346606},{"country_iso":"TUR","city_id":3795,"city":"Sincan","pop_total":655291.0637731327,"mass_total":68212594.5264504105,"n_hex":44,"sample_h3":"872d33a02ffffff","log_pop":5.8164342455,"log_mass":7.8338645686},{"country_iso":"TUR","city_id":3809,"city":"Ankara","pop_total":1697769.6476736388,"mass_total":231616700.5603449941,"n_hex":88,"sample_h3":"872d06d92ffffff","log_pop":6.2298787651,"log_mass":8.3647698707},{"country_iso":"TUR","city_id":3826,"city":"Konut Sitesi","pop_total":62.1292370366,"mass_total":97753.3009552026,"n_hex":2,"sample_h3":"872d06d93ffffff","log_pop":1.7932960204,"log_mass":4.9901314317},{"country_iso":"TUR","city_id":3829,"city":"Alanya","pop_total":47499.0217718386,"mass_total":16090481.5155008398,"n_hex":10,"sample_h3":"873f68208ffffff","log_pop":4.6766846656,"log_mass":7.2065690408},{"country_iso":"TUR","city_id":3843,"city":"Konya","pop_total":299600.3051880285,"mass_total":70697455.1839314997,"n_hex":49,"sample_h3":"873f6d140ffffff","log_pop":5.4765422514,"log_mass":7.8494037813},{"country_iso":"TUR","city_id":3879,"city":"Kastamonu","pop_total":195.142873764,"mass_total":718693.6549884933,"n_hex":2,"sample_h3":"872d00993ffffff","log_pop":2.2903526963,"log_mass":5.8565438107},{"country_iso":"TUR","city_id":3890,"city":"\u00c7ank\u0131r\u0131","pop_total":99.8061084747,"mass_total":526938.4442034296,"n_hex":2,"sample_h3":"872d06042ffffff","log_pop":1.9991571224,"log_mass":5.7217598848},{"country_iso":"TUR","city_id":3955,"city":"Keskin","pop_total":525.7036743164,"mass_total":47905.890144352,"n_hex":1,"sample_h3":"872d15808ffffff","log_pop":2.7207410125,"log_mass":4.6803889142},{"country_iso":"TUR","city_id":4009,"city":"Karaman","pop_total":35914.2421937774,"mass_total":6346444.2264019838,"n_hex":7,"sample_h3":"872d16ca4ffffff","log_pop":4.5552667071,"log_mass":6.8025304678},{"country_iso":"TUR","city_id":4050,"city":"K\u0131r\u015fehir","pop_total":16613.4825708314,"mass_total":5152124.1520144185,"n_hex":5,"sample_h3":"872d15444ffffff","log_pop":4.2204606802,"log_mass":6.7119863198},{"country_iso":"TUR","city_id":4062,"city":"Aksaray","pop_total":48166.4761800972,"mass_total":11572696.6844681669,"n_hex":10,"sample_h3":"872d10992ffffff","log_pop":4.6827448748,"log_mass":7.0634345706},{"country_iso":"TUR","city_id":4103,"city":"\u00c7orum","pop_total":4974.0904196178,"mass_total":2970879.9519194821,"n_hex":6,"sample_h3":"872d0214dffffff","log_pop":3.6967136757,"log_mass":6.4728851031},{"country_iso":"TUR","city_id":4107,"city":"Eregli","pop_total":10632.6591130518,"mass_total":2352357.7586097317,"n_hex":7,"sample_h3":"872d16392ffffff","log_pop":4.0266418905,"log_mass":6.3715033722},{"country_iso":"TUR","city_id":4142,"city":"Vezirk\u00f6pr\u00fc","pop_total":5181.3840526525,"mass_total":1964101.206852152,"n_hex":4,"sample_h3":"872d03893ffffff","log_pop":3.7144457841,"log_mass":6.2931638625},{"country_iso":"TUR","city_id":4148,"city":"Nev\u015fehir","pop_total":5227.3769523134,"mass_total":1788344.8288612731,"n_hex":7,"sample_h3":"872d10324ffffff","log_pop":3.7182838187,"log_mass":6.2524512632},{"country_iso":"TUR","city_id":4164,"city":"Ni\u011fde","pop_total":9866.7966607973,"mass_total":2683852.5264228038,"n_hex":9,"sample_h3":"872d10403ffffff","log_pop":3.9941761782,"log_mass":6.4287586483},{"country_iso":"TUR","city_id":4170,"city":"Bafra","pop_total":26540.6002510221,"mass_total":6612318.3440490775,"n_hex":5,"sample_h3":"872d03a0affffff","log_pop":4.4239107408,"log_mass":6.8203537541},{"country_iso":"TUR","city_id":4182,"city":"Mersin","pop_total":411157.7764117989,"mass_total":69236512.032662943,"n_hex":45,"sample_h3":"872da5260ffffff","log_pop":5.6140085087,"log_mass":7.8403351811},{"country_iso":"TUR","city_id":4192,"city":"Amasya","pop_total":20976.2263112685,"mass_total":5796954.9560576594,"n_hex":6,"sample_h3":"872d03414ffffff","log_pop":4.3217273599,"log_mass":6.7631999258},{"country_iso":"TUR","city_id":4207,"city":"Samsun","pop_total":288001.3454000865,"mass_total":47228565.1402549595,"n_hex":27,"sample_h3":"872d03210ffffff","log_pop":5.4593945166,"log_mass":7.6742047514},{"country_iso":"TUR","city_id":4214,"city":"Tarsus","pop_total":89031.3995747604,"mass_total":19021467.8604056202,"n_hex":12,"sample_h3":"872d12500ffffff","log_pop":4.9495432005,"log_mass":7.2792440278},{"country_iso":"TUR","city_id":4216,"city":"Kayseri","pop_total":235127.0430047194,"mass_total":36711703.5583318844,"n_hex":36,"sample_h3":"872d11410ffffff","log_pop":5.3713025821,"log_mass":7.5648045378},{"country_iso":"TUR","city_id":4229,"city":"Tekkek\u00f6y","pop_total":24841.550378648,"mass_total":8228915.5035043508,"n_hex":7,"sample_h3":"872d03281ffffff","log_pop":4.395178697,"log_mass":6.9153426029},{"country_iso":"TUR","city_id":4231,"city":"G\u00fcnyurdu","pop_total":30035.6322781282,"mass_total":1770816.716327955,"n_hex":5,"sample_h3":"872d12509ffffff","log_pop":4.4776367787,"log_mass":6.248173613},{"country_iso":"TUR","city_id":4232,"city":"G\u00f6kkuyu","pop_total":5665.8999861586,"mass_total":299712.0044770748,"n_hex":3,"sample_h3":"872d1254cffffff","log_pop":3.7532689041,"log_mass":5.4767041383},{"country_iso":"TUR","city_id":4237,"city":"Adana","pop_total":417062.7721303509,"mass_total":98419570.0804741532,"n_hex":42,"sample_h3":"872d12429ffffff","log_pop":5.6202014256,"log_mass":7.9930814636},{"country_iso":"TUR","city_id":4257,"city":"\u00c7ar\u015famba","pop_total":21929.0501626155,"mass_total":6862565.7238201331,"n_hex":8,"sample_h3":"872d1d820ffffff","log_pop":4.341019821,"log_mass":6.8364865168},{"country_iso":"TUR","city_id":4259,"city":"Erbaa","pop_total":18381.4308029998,"mass_total":4433562.0483379448,"n_hex":6,"sample_h3":"872d1ca48ffffff","log_pop":4.2643793137,"log_mass":6.6467527909},{"country_iso":"TUR","city_id":4265,"city":"Tokat","pop_total":35561.4237692066,"mass_total":7341042.1128287101,"n_hex":7,"sample_h3":"872d1c326ffffff","log_pop":4.5509791405,"log_mass":6.8657577155},{"country_iso":"TUR","city_id":4281,"city":"Kozan","pop_total":20691.6892051603,"mass_total":3424631.4916771995,"n_hex":6,"sample_h3":"872d122d2ffffff","log_pop":4.3157959466,"log_mass":6.534613846},{"country_iso":"TUR","city_id":4292,"city":"Ceyhan","pop_total":35928.0605706935,"mass_total":9909119.6015298255,"n_hex":7,"sample_h3":"872d126d0ffffff","log_pop":4.5554337742,"log_mass":6.9960350703},{"country_iso":"TUR","city_id":4294,"city":"Yumurtal\u0131k","pop_total":19736.3566947638,"mass_total":1036626.1342768265,"n_hex":7,"sample_h3":"872da1a50ffffff","log_pop":4.2952669855,"log_mass":6.0156221536},{"country_iso":"TUR","city_id":4298,"city":"\u00dcnye","pop_total":17586.9339421235,"mass_total":5666402.5005730363,"n_hex":7,"sample_h3":"872d1d148ffffff","log_pop":4.2451901323,"log_mass":6.7533074204},{"country_iso":"TUR","city_id":4303,"city":"Kadirli","pop_total":36631.5812315773,"mass_total":5828717.7650980437,"n_hex":8,"sample_h3":"872dac801ffffff","log_pop":4.5638556657,"log_mass":6.7655730267},{"country_iso":"TUR","city_id":4315,"city":"Sivas","pop_total":124493.0450210272,"mass_total":17617768.2749586441,"n_hex":12,"sample_h3":"872d18d20ffffff","log_pop":5.0951450896,"log_mass":7.2459508934},{"country_iso":"TUR","city_id":4321,"city":"Fatsa","pop_total":20281.8449789515,"mass_total":5715191.2812579162,"n_hex":11,"sample_h3":"872d1d04effffff","log_pop":4.3071074589,"log_mass":6.7570307703},{"country_iso":"TUR","city_id":4325,"city":"Osmaniye","pop_total":116376.075495618,"mass_total":16576510.7641305085,"n_hex":11,"sample_h3":"872dacc40ffffff","log_pop":5.0658637076,"log_mass":7.21949312},{"country_iso":"TUR","city_id":4326,"city":"Samanda\u011f","pop_total":21472.45491129,"mass_total":3888691.1013738578,"n_hex":10,"sample_h3":"872da1700ffffff","log_pop":4.3318816995,"log_mass":6.5898034463},{"country_iso":"TUR","city_id":4328,"city":"\u0130skenderun","pop_total":119472.1801190923,"mass_total":20892246.5428634882,"n_hex":24,"sample_h3":"872da1208ffffff","log_pop":5.0772667887,"log_mass":7.3199851422},{"country_iso":"TUR","city_id":4339,"city":"Antakya","pop_total":159277.4021202031,"mass_total":26154417.2546139024,"n_hex":27,"sample_h3":"872da1282ffffff","log_pop":5.2021541636,"log_mass":7.417545048},{"country_iso":"TUR","city_id":4340,"city":"D\u00fczi\u00e7i","pop_total":7306.2225285268,"mass_total":1187946.8389983473,"n_hex":6,"sample_h3":"872dac142ffffff","log_pop":3.8636928956,"log_mass":6.0747970063},{"country_iso":"TUR","city_id":4357,"city":"K\u0131r\u0131khan","pop_total":25540.962423664,"mass_total":6154015.2737063048,"n_hex":6,"sample_h3":"872da12c8ffffff","log_pop":4.4072372581,"log_mass":6.7891585698},{"country_iso":"TUR","city_id":4365,"city":"Ordu","pop_total":79942.6897718878,"mass_total":14454586.3999939039,"n_hex":14,"sample_h3":"872d19920ffffff","log_pop":4.9027787566,"log_mass":7.1600056694},{"country_iso":"TUR","city_id":4372,"city":"Kahramanmara\u015f","pop_total":219565.6145943399,"mass_total":36531104.144840762,"n_hex":26,"sample_h3":"872dac341ffffff","log_pop":5.3415643278,"log_mass":7.5626627989},{"country_iso":"TUR","city_id":4377,"city":"T\u00fcrko\u011flu","pop_total":7427.3198926196,"mass_total":2073158.8693097017,"n_hex":7,"sample_h3":"872dac224ffffff","log_pop":3.8708321293,"log_mass":6.316632584},{"country_iso":"TUR","city_id":4379,"city":"Reyhanl\u0131","pop_total":16468.670958202,"mass_total":3722276.4502626844,"n_hex":4,"sample_h3":"872dae800ffffff","log_pop":4.2166585525,"log_mass":6.5708086247},{"country_iso":"TUR","city_id":4381,"city":"Elbistan","pop_total":19284.7439809182,"mass_total":4246054.8998624384,"n_hex":8,"sample_h3":"872dad8c8ffffff","log_pop":4.2852138777,"log_mass":6.6279856051},{"country_iso":"TUR","city_id":4395,"city":"Giresun","pop_total":37686.485318327,"mass_total":8914707.5379157066,"n_hex":13,"sample_h3":"872d1980affffff","log_pop":4.5761856366,"log_mass":6.9501071},{"country_iso":"TUR","city_id":4410,"city":"Kilis","pop_total":28774.1963656426,"mass_total":6545261.8166278973,"n_hex":8,"sample_h3":"872da8d34ffffff","log_pop":4.4590032031,"log_mass":6.8159270234},{"country_iso":"TUR","city_id":4416,"city":"Aktoprak","pop_total":44640.2353211076,"mass_total":12540437.1345201246,"n_hex":10,"sample_h3":"872da8824ffffff","log_pop":4.6497264753,"log_mass":7.0983126754},{"country_iso":"TUR","city_id":4424,"city":"Gaziantep","pop_total":693748.8804852513,"mass_total":78731753.2973160446,"n_hex":35,"sample_h3":"872da8810ffffff","log_pop":5.8412022953,"log_mass":7.896149923},{"country_iso":"TUR","city_id":4463,"city":"Malatya","pop_total":87764.7687132377,"mass_total":15246369.5485662725,"n_hex":29,"sample_h3":"872d1a402ffffff","log_pop":4.9433202127,"log_mass":7.1831664422},{"country_iso":"TUR","city_id":4468,"city":"Nizip","pop_total":38072.5805682968,"mass_total":7976175.9540859982,"n_hex":6,"sample_h3":"872da8108ffffff","log_pop":4.5806123144,"log_mass":6.9017947259},{"country_iso":"TUR","city_id":4486,"city":"Adiyaman","pop_total":82861.1987480051,"mass_total":18363984.8532077,"n_hex":15,"sample_h3":"872da98b6ffffff","log_pop":4.9183512119,"log_mass":7.2639669259},{"country_iso":"TUR","city_id":4501,"city":"Ak\u00e7aabat","pop_total":21440.4554376079,"mass_total":8199137.3396929055,"n_hex":8,"sample_h3":"872c244a5ffffff","log_pop":4.3312340064,"log_mass":6.9137681611},{"country_iso":"TUR","city_id":4504,"city":"Trabzon","pop_total":131518.0204161139,"mass_total":22976351.8602935113,"n_hex":17,"sample_h3":"872c24481ffffff","log_pop":5.1189852633,"log_mass":7.3612810734},{"country_iso":"TUR","city_id":4506,"city":"Kahta","pop_total":19386.3829407963,"mass_total":4596059.4382997891,"n_hex":6,"sample_h3":"872da9100ffffff","log_pop":4.2874967871,"log_mass":6.6623856365},{"country_iso":"TUR","city_id":4511,"city":"Suru\u00e7","pop_total":22828.7480256567,"mass_total":2922060.4145973301,"n_hex":5,"sample_h3":"872da8280ffffff","log_pop":4.3584820946,"log_mass":6.4656891909},{"country_iso":"TUR","city_id":4517,"city":"Erzincan","pop_total":7528.2966643848,"mass_total":2371265.5943603725,"n_hex":7,"sample_h3":"872d1b384ffffff","log_pop":3.8766967248,"log_mass":6.3749802},{"country_iso":"TUR","city_id":4524,"city":"Elazig","pop_total":28894.4321096327,"mass_total":4344881.6126979422,"n_hex":14,"sample_h3":"872c34884ffffff","log_pop":4.4608141633,"log_mass":6.6379779475},{"country_iso":"TUR","city_id":4531,"city":"\u015eanl\u0131urfa","pop_total":253024.4112868608,"mass_total":33201930.4439952895,"n_hex":23,"sample_h3":"872da9482ffffff","log_pop":5.4031624231,"log_mass":7.5211633354},{"country_iso":"TUR","city_id":4548,"city":"Ak\u00e7akale","pop_total":22702.1521965466,"mass_total":3773527.7840190614,"n_hex":8,"sample_h3":"872dab898ffffff","log_pop":4.3560670309,"log_mass":6.576747552},{"country_iso":"TUR","city_id":4550,"city":"Rize","pop_total":28856.7577856213,"mass_total":7288881.6782393167,"n_hex":14,"sample_h3":"872c20c02ffffff","log_pop":4.4602475341,"log_mass":6.8626609003},{"country_iso":"TUR","city_id":4551,"city":"Siverek","pop_total":44493.1535464062,"mass_total":8053241.3043805165,"n_hex":6,"sample_h3":"872da9290ffffff","log_pop":4.6482931884,"log_mass":6.9059707123},{"country_iso":"TUR","city_id":4566,"city":"Ergani","pop_total":27211.2177906242,"mass_total":3650769.3212455409,"n_hex":8,"sample_h3":"872c34454ffffff","log_pop":4.4347479783,"log_mass":6.5623843923},{"country_iso":"TUR","city_id":4587,"city":"Viran\u015fehir","pop_total":32347.7427036052,"mass_total":7120723.7631211029,"n_hex":7,"sample_h3":"872c36ca1ffffff","log_pop":4.50984398,"log_mass":6.8525241383},{"country_iso":"TUR","city_id":4588,"city":"Geyiktepe","pop_total":17852.5923670226,"mass_total":1638590.7404446302,"n_hex":5,"sample_h3":"872c36b46ffffff","log_pop":4.2517012887,"log_mass":6.2144704964},{"country_iso":"TUR","city_id":4599,"city":"Diyarbakir","pop_total":228599.130815592,"mass_total":31936142.147259634,"n_hex":21,"sample_h3":"872c36a00ffffff","log_pop":5.3590745748,"log_mass":7.5042824526},{"country_iso":"TUR","city_id":4600,"city":"Bing\u00f6l","pop_total":236.2914033871,"mass_total":745281.8570081906,"n_hex":3,"sample_h3":"872c35581ffffff","log_pop":2.3734479217,"log_mass":5.872320549},{"country_iso":"TUR","city_id":4615,"city":"Ceylanp\u0131nar","pop_total":17719.4241260384,"mass_total":4930583.5664093792,"n_hex":9,"sample_h3":"872d8d940ffffff","log_pop":4.2484496034,"log_mass":6.6928983239},{"country_iso":"TUR","city_id":4624,"city":"Erzurum","pop_total":26914.239866339,"mass_total":7895561.7025518483,"n_hex":13,"sample_h3":"872c22520ffffff","log_pop":4.4299821186,"log_mass":6.8973830318},{"country_iso":"TUR","city_id":4642,"city":"K\u0131z\u0131ltepe","pop_total":29314.0014443893,"mass_total":8563920.9531291313,"n_hex":6,"sample_h3":"872c366a0ffffff","log_pop":4.4670751049,"log_mass":6.93267265},{"country_iso":"TUR","city_id":4666,"city":"Batman","pop_total":190713.1851708973,"mass_total":21293132.6190391853,"n_hex":17,"sample_h3":"872c3040affffff","log_pop":5.2803807195,"log_mass":7.328239559},{"country_iso":"TUR","city_id":4674,"city":"Mu\u015f","pop_total":617.2558898926,"mass_total":508402.6439896484,"n_hex":3,"sample_h3":"872c30349ffffff","log_pop":2.7904652427,"log_mass":5.7062078005},{"country_iso":"TUR","city_id":4701,"city":"Midyat","pop_total":17555.2291262309,"mass_total":3498295.5017182059,"n_hex":5,"sample_h3":"872c32170ffffff","log_pop":4.2444065021,"log_mass":6.5438564916},{"country_iso":"TUR","city_id":4734,"city":"Bulan\u0131k","pop_total":7165.3516354355,"mass_total":1498559.336859467,"n_hex":4,"sample_h3":"872c31760ffffff","log_pop":3.855237508,"log_mass":6.1756739439},{"country_iso":"TUR","city_id":4736,"city":"Siirt","pop_total":29861.7612454227,"mass_total":3534884.7281735651,"n_hex":5,"sample_h3":"872c33c05ffffff","log_pop":4.4751154188,"log_mass":6.5483752561},{"country_iso":"TUR","city_id":4749,"city":"Kars","pop_total":10410.0707265611,"mass_total":4104964.8682540883,"n_hex":8,"sample_h3":"872c05d20ffffff","log_pop":4.0174536801,"log_mass":6.6133094446},{"country_iso":"TUR","city_id":4750,"city":"Tatvan","pop_total":8649.5428857224,"mass_total":1543844.9492220148,"n_hex":6,"sample_h3":"872c33a34ffffff","log_pop":3.9369931563,"log_mass":6.1886036813},{"country_iso":"TUR","city_id":4786,"city":"A\u011fr\u0131","pop_total":43768.7999113821,"mass_total":6282569.9271582719,"n_hex":8,"sample_h3":"872c0409affffff","log_pop":4.6411646389,"log_mass":6.7981373311},{"country_iso":"TUR","city_id":4788,"city":"Patnos","pop_total":18614.658932871,"mass_total":2410271.095809726,"n_hex":7,"sample_h3":"872c06864ffffff","log_pop":4.2698550833,"log_mass":6.3820658927},{"country_iso":"TUR","city_id":4793,"city":"Cizre","pop_total":23104.5884237897,"mass_total":4660591.6411690414,"n_hex":7,"sample_h3":"872c14905ffffff","log_pop":4.3636982366,"log_mass":6.6684410519},{"country_iso":"TUR","city_id":4825,"city":"\u015e\u0131rnak","pop_total":643.187702179,"mass_total":154966.8057145309,"n_hex":2,"sample_h3":"872c33480ffffff","log_pop":2.8083377321,"log_mass":5.1902386811},{"country_iso":"TUR","city_id":4841,"city":"Silopi","pop_total":19899.1390672085,"mass_total":2911839.1312694987,"n_hex":5,"sample_h3":"872c1480affffff","log_pop":4.2988342871,"log_mass":6.4641673781},{"country_iso":"TUR","city_id":4874,"city":"Erci\u015f","pop_total":21268.3459576719,"mass_total":3364875.5956476331,"n_hex":7,"sample_h3":"872c06060ffffff","log_pop":4.3277337161,"log_mass":6.5269690124},{"country_iso":"TUR","city_id":4899,"city":"Van","pop_total":202828.0005271846,"mass_total":24429818.0277728848,"n_hex":20,"sample_h3":"872c06408ffffff","log_pop":5.3071279094,"log_mass":7.387920232},{"country_iso":"TUR","city_id":4919,"city":"I\u011fd\u0131r","pop_total":31784.6780154378,"mass_total":5652388.2329739491,"n_hex":9,"sample_h3":"872c00b86ffffff","log_pop":4.5022178163,"log_mass":6.7522319836},{"country_iso":"TUR","city_id":4957,"city":"Do\u011fubayaz\u0131t","pop_total":16354.6338287054,"mass_total":2794466.7547444799,"n_hex":7,"sample_h3":"872c00180ffffff","log_pop":4.213640825,"log_mass":6.4462989473}]