[{"country_iso":"ECU","city_id":414,"city":"Santa Elena","pop_total":106384.3673959246,"mass_total":19547733.5243263617,"n_hex":16,"sample_h3":"878f2a0daffffff","log_pop":5.0268778154,"log_mass":7.2910964101},{"country_iso":"ECU","city_id":416,"city":"Manta","pop_total":101105.953819705,"mass_total":18286322.318981532,"n_hex":20,"sample_h3":"878f2e051ffffff","log_pop":5.0047767306,"log_mass":7.2621263705},{"country_iso":"ECU","city_id":420,"city":"Portoviejo","pop_total":45124.0670455222,"mass_total":7547400.7119385181,"n_hex":12,"sample_h3":"878f2e301ffffff","log_pop":4.6544082358,"log_mass":6.8777974085},{"country_iso":"ECU","city_id":424,"city":"Zarumilla","pop_total":28151.8641489291,"mass_total":5649539.9677223423,"n_hex":7,"sample_h3":"878f0dc08ffffff","log_pop":4.4495071581,"log_mass":6.7520130854},{"country_iso":"ECU","city_id":426,"city":"Chone","pop_total":7969.6909174302,"mass_total":1629248.8441190924,"n_hex":4,"sample_h3":"878f2c793ffffff","log_pop":3.9014414788,"log_mass":6.2119874216},{"country_iso":"ECU","city_id":427,"city":"Guayaquil","pop_total":1233292.2029009277,"mass_total":133682505.8164297938,"n_hex":70,"sample_h3":"878f28658ffffff","log_pop":6.0910659858,"log_mass":8.1260745776},{"country_iso":"ECU","city_id":429,"city":"Daule","pop_total":10598.953656866,"mass_total":1608885.3404147434,"n_hex":5,"sample_h3":"878f28605ffffff","log_pop":4.0252629932,"log_mass":6.2065250946},{"country_iso":"ECU","city_id":430,"city":"Machala","pop_total":58473.9214098538,"mass_total":9587152.6942040138,"n_hex":10,"sample_h3":"878f0d910ffffff","log_pop":4.7669622197,"log_mass":6.9816896444},{"country_iso":"ECU","city_id":431,"city":"Balzar","pop_total":2089.4658948263,"mass_total":836316.7684611391,"n_hex":3,"sample_h3":"878f28112ffffff","log_pop":3.3200352868,"log_mass":5.9223708046},{"country_iso":"ECU","city_id":434,"city":"Vinces","pop_total":3785.4986400866,"mass_total":1236096.9528734251,"n_hex":2,"sample_h3":"878f28072ffffff","log_pop":3.5781230945,"log_mass":6.0920525358},{"country_iso":"ECU","city_id":435,"city":"Pasaje","pop_total":845.1222610474,"mass_total":568823.0492148771,"n_hex":3,"sample_h3":"878f0d909ffffff","log_pop":2.9269195414,"log_mass":5.7549771861},{"country_iso":"ECU","city_id":437,"city":"Esmeraldas","pop_total":12214.7220323376,"mass_total":2010543.3577543953,"n_hex":3,"sample_h3":"8766d2116ffffff","log_pop":4.0868835883,"log_mass":6.3033134432},{"country_iso":"ECU","city_id":438,"city":"El Empalme","pop_total":1458.1721177195,"mass_total":496067.3186132748,"n_hex":2,"sample_h3":"878f28822ffffff","log_pop":3.1638087897,"log_mass":5.6955406162},{"country_iso":"ECU","city_id":440,"city":"Milagro","pop_total":403.8825833489,"mass_total":885735.5343954701,"n_hex":2,"sample_h3":"878f2b960ffffff","log_pop":2.6062551255,"log_mass":5.9473040683},{"country_iso":"ECU","city_id":455,"city":"City of Loja","pop_total":32465.1707631055,"mass_total":4873976.1482456028,"n_hex":10,"sample_h3":"878f72d60ffffff","log_pop":4.5114176916,"log_mass":6.6878833995},{"country_iso":"ECU","city_id":456,"city":"Cuenca","pop_total":145621.7845050214,"mass_total":19419928.2026344575,"n_hex":20,"sample_h3":"878f76982ffffff","log_pop":5.1632263488,"log_mass":7.2882476199},{"country_iso":"ECU","city_id":459,"city":"Guaranda","pop_total":6319.7766407088,"mass_total":1229939.6360950395,"n_hex":4,"sample_h3":"878f2d6c2ffffff","log_pop":3.8007017293,"log_mass":6.0898837973},{"country_iso":"ECU","city_id":463,"city":"Riobamba","pop_total":23483.5311259045,"mass_total":3665407.755947839,"n_hex":9,"sample_h3":"878f29900ffffff","log_pop":4.3707634006,"log_mass":6.5641222945},{"country_iso":"ECU","city_id":464,"city":"Ambato","pop_total":78276.7369481554,"mass_total":10660930.7504361458,"n_hex":12,"sample_h3":"878f2d384ffffff","log_pop":4.8936327133,"log_mass":7.0277951223},{"country_iso":"ECU","city_id":465,"city":"Latacunga","pop_total":20689.4702467956,"mass_total":6339074.9244398726,"n_hex":9,"sample_h3":"878f2d140ffffff","log_pop":4.3157493707,"log_mass":6.8020258849},{"country_iso":"ECU","city_id":467,"city":"Quito","pop_total":1097750.7532520294,"mass_total":135752055.1073573828,"n_hex":85,"sample_h3":"8766d3048ffffff","log_pop":6.0405037438,"log_mass":8.132746413},{"country_iso":"ECU","city_id":472,"city":"Tumbaco","pop_total":15354.6361433328,"mass_total":5151369.7312504677,"n_hex":10,"sample_h3":"8766d3220ffffff","log_pop":4.1862395295,"log_mass":6.7119227218},{"country_iso":"ECU","city_id":475,"city":"Otavalo","pop_total":13229.1138766457,"mass_total":2164899.6016597217,"n_hex":5,"sample_h3":"8766d3b13ffffff","log_pop":4.1215307549,"log_mass":6.3354377605},{"country_iso":"ECU","city_id":479,"city":"Ibarra","pop_total":48469.3933784952,"mass_total":8772431.0393412486,"n_hex":9,"sample_h3":"8766d1489ffffff","log_pop":4.6854675843,"log_mass":6.9431199629},{"country_iso":"ECU","city_id":485,"city":"Tulc\u00e1n","pop_total":14665.806768264,"mass_total":3420019.1903403308,"n_hex":6,"sample_h3":"8766d1c40ffffff","log_pop":4.1663059586,"log_mass":6.534028543},{"country_iso":"ECU","city_id":496,"city":"Nueva Loja","pop_total":10598.609210379,"mass_total":4616836.6946269935,"n_hex":6,"sample_h3":"8766dccc5ffffff","log_pop":4.0252488792,"log_mass":6.6643445131}]