[{"country_iso":"TKM","city_id":5751,"city":"Turkmenbashy","pop_total":7142.0660712214,"mass_total":9252972.9381542355,"n_hex":7,"sample_h3":"872cec792ffffff","log_pop":3.8538238635,"log_mass":6.966281292},{"country_iso":"TKM","city_id":5807,"city":"Balkanabat","pop_total":498.8747402215,"mass_total":4990820.6069302894,"n_hex":6,"sample_h3":"872ceab42ffffff","log_pop":2.6979915146,"log_mass":6.6981719596},{"country_iso":"TKM","city_id":5857,"city":"Serdar","pop_total":2346.7985873858,"mass_total":3065657.7701032986,"n_hex":5,"sample_h3":"872ccdc12ffffff","log_pop":3.3704758181,"log_mass":6.4865236714},{"country_iso":"TKM","city_id":5877,"city":"Konye-Urgench","pop_total":1484.3004671471,"mass_total":1021749.0078855096,"n_hex":3,"sample_h3":"8721b1b4cffffff","log_pop":3.1715218241,"log_mass":6.0093442247},{"country_iso":"TKM","city_id":5885,"city":"Gurbansoltan Eje","pop_total":814.9184307112,"mass_total":2196289.2264188463,"n_hex":8,"sample_h3":"8721b1209ffffff","log_pop":2.9111141402,"log_mass":6.3416895312},{"country_iso":"TKM","city_id":5887,"city":"Dashoguz","pop_total":17447.8048411706,"mass_total":9462220.0100153536,"n_hex":13,"sample_h3":"872184580ffffff","log_pop":4.2417407949,"log_mass":6.9759930418},{"country_iso":"TKM","city_id":5889,"city":"Garada\u015fa\u00fdak","pop_total":7034.9837723638,"mass_total":13773612.3346398119,"n_hex":12,"sample_h3":"872ccb849ffffff","log_pop":3.8472631,"log_mass":7.1390478554},{"country_iso":"TKM","city_id":5893,"city":"Ashgabat","pop_total":564102.3838954084,"mass_total":65184114.20008187,"n_hex":34,"sample_h3":"872ccba06ffffff","log_pop":5.7513579351,"log_mass":7.8141417682},{"country_iso":"TKM","city_id":5942,"city":"Mary","pop_total":14061.3872717736,"mass_total":15759064.320212014,"n_hex":19,"sample_h3":"87436c808ffffff","log_pop":4.1480281695,"log_mass":7.1975304281},{"country_iso":"TKM","city_id":5951,"city":"Turkmenabat","pop_total":13860.2474446783,"mass_total":14569949.8377471901,"n_hex":11,"sample_h3":"87219e049ffffff","log_pop":4.1417709837,"log_mass":7.1634580566}]