[{"country_iso":"SDN","city_id":3475,"city":"Geneina","pop_total":6708.8509711396,"mass_total":2640443.2530590571,"n_hex":5,"sample_h3":"876b02a48ffffff","log_pop":3.8266481447,"log_mass":6.4216768383},{"country_iso":"SDN","city_id":3494,"city":"Murnei","pop_total":18.8991831779,"mass_total":143202.6053297916,"n_hex":3,"sample_h3":"876b03460ffffff","log_pop":1.2764430344,"log_mass":5.1559509193},{"country_iso":"SDN","city_id":3507,"city":"Um Dukhan","pop_total":0.7565456331,"mass_total":11649.275936212,"n_hex":1,"sample_h3":"876b1808dffffff","log_pop":-0.1211648712,"log_mass":4.0662989325},{"country_iso":"SDN","city_id":3519,"city":"Saraf `Umrah","pop_total":200.3660977494,"mass_total":229359.5568205451,"n_hex":2,"sample_h3":"876b03b1affffff","log_pop":2.3018242401,"log_mass":5.3605168408},{"country_iso":"SDN","city_id":3566,"city":"Ed Al Fursan","pop_total":2.3026752472,"mass_total":5845.9705066583,"n_hex":1,"sample_h3":"876b19b85ffffff","log_pop":0.3622326925,"log_mass":3.76685662},{"country_iso":"SDN","city_id":3578,"city":"Tulus","pop_total":9.9103268593,"mass_total":50227.2233926819,"n_hex":2,"sample_h3":"876b19200ffffff","log_pop":0.9960879785,"log_mass":4.7009391706},{"country_iso":"SDN","city_id":3596,"city":"Nyala","pop_total":37693.2142021628,"mass_total":15332818.3063072395,"n_hex":18,"sample_h3":"876b0a052ffffff","log_pop":4.5762631725,"log_mass":7.1856219893},{"country_iso":"SDN","city_id":3614,"city":"Buram","pop_total":5.7048227191,"mass_total":88957.9244466618,"n_hex":1,"sample_h3":"876a247a0ffffff","log_pop":0.756242153,"log_mass":4.9491846415},{"country_iso":"SDN","city_id":3615,"city":"Al-Fashir","pop_total":22256.4862680042,"mass_total":11429026.8931393661,"n_hex":14,"sample_h3":"876b08909ffffff","log_pop":4.3474566014,"log_mass":7.0580092546},{"country_iso":"SDN","city_id":3629,"city":"Shearia","pop_total":1.1400015354,"mass_total":5773.9332431184,"n_hex":1,"sample_h3":"876b0bd60ffffff","log_pop":0.0569054363,"log_mass":3.7614717584},{"country_iso":"SDN","city_id":3633,"city":"Umm Siado??","pop_total":2.500200988,"mass_total":26747.2810017261,"n_hex":2,"sample_h3":"876b0b930ffffff","log_pop":0.3979749225,"log_mass":4.4272796403},{"country_iso":"SDN","city_id":3658,"city":"Ad Da'ein","pop_total":2355.9670596375,"mass_total":1441932.2196903799,"n_hex":7,"sample_h3":"876a25d45ffffff","log_pop":3.372169214,"log_mass":6.1589448462},{"country_iso":"SDN","city_id":3664,"city":"Abu Matarig","pop_total":5.1805809996,"mass_total":44557.1871046604,"n_hex":2,"sample_h3":"876a2554affffff","log_pop":0.7143784684,"log_mass":4.648917766},{"country_iso":"SDN","city_id":3692,"city":"Umm Kadadah","pop_total":1.4478544593,"mass_total":16264.4906557867,"n_hex":1,"sample_h3":"876b724b4ffffff","log_pop":0.1607249081,"log_mass":4.2112404673},{"country_iso":"SDN","city_id":3730,"city":"Adiela","pop_total":2.6506537199,"mass_total":26310.1839865148,"n_hex":1,"sample_h3":"876a25a4bffffff","log_pop":0.4233529954,"log_mass":4.4201238851},{"country_iso":"SDN","city_id":3750,"city":"Ghubaysh","pop_total":6.7946237326,"mass_total":49705.0591566981,"n_hex":1,"sample_h3":"876b56a83ffffff","log_pop":0.8321654117,"log_mass":4.696400595},{"country_iso":"SDN","city_id":3760,"city":"Ermil Post","pop_total":0.3624014854,"mass_total":10446.7494971012,"n_hex":1,"sample_h3":"876b72289ffffff","log_pop":-0.4408100309,"log_mass":4.0189811809},{"country_iso":"SDN","city_id":3782,"city":"Hamrat El Sheikh","pop_total":4.4277555048,"mass_total":72119.8523180616,"n_hex":1,"sample_h3":"876b70775ffffff","log_pop":0.6461836317,"log_mass":4.8580548287},{"country_iso":"SDN","city_id":3783,"city":"Umm Badr","pop_total":0.1899947524,"mass_total":16579.6499801295,"n_hex":1,"sample_h3":"876b73d2cffffff","log_pop":-0.721258394,"log_mass":4.2195753577},{"country_iso":"SDN","city_id":3787,"city":"Muglad","pop_total":19.3342152834,"mass_total":312921.4505480529,"n_hex":1,"sample_h3":"876b5205dffffff","log_pop":1.2863265501,"log_mass":5.4954353348},{"country_iso":"SDN","city_id":3790,"city":"Babanusah","pop_total":30.7399980552,"mass_total":241827.4225624895,"n_hex":3,"sample_h3":"876b52b88ffffff","log_pop":1.4877038357,"log_mass":5.3835055471},{"country_iso":"SDN","city_id":3842,"city":"En Nahud","pop_total":425.9429839938,"mass_total":485969.1751338283,"n_hex":4,"sample_h3":"876b555a8ffffff","log_pop":2.6293514691,"log_mass":5.686608723},{"country_iso":"SDN","city_id":3997,"city":"Al Lagowa","pop_total":3.9559124112,"mass_total":52007.5947660159,"n_hex":1,"sample_h3":"876b53b46ffffff","log_pop":0.5972466672,"log_mass":4.7160667691},{"country_iso":"SDN","city_id":3998,"city":"Mazrub","pop_total":20.2219936252,"mass_total":274203.6708942704,"n_hex":1,"sample_h3":"876b46c58ffffff","log_pop":1.3058239691,"log_mass":5.4380732646},{"country_iso":"SDN","city_id":4005,"city":"Abu Zabad","pop_total":57.1349263794,"mass_total":185767.6069389845,"n_hex":3,"sample_h3":"876b51836ffffff","log_pop":1.7569016721,"log_mass":5.2689699865},{"country_iso":"SDN","city_id":4069,"city":"Dilling","pop_total":32.5026160479,"mass_total":153770.6487230783,"n_hex":2,"sample_h3":"876b51a81ffffff","log_pop":1.5119183176,"log_mass":5.1868734466},{"country_iso":"SDN","city_id":4090,"city":"Kaduqli","pop_total":4.5103607178,"mass_total":130694.189249759,"n_hex":1,"sample_h3":"876b5e1aeffffff","log_pop":0.6542112761,"log_mass":5.116256279},{"country_iso":"SDN","city_id":4140,"city":"Al-Ubayyid","pop_total":42087.5192425672,"mass_total":17065342.2802308314,"n_hex":19,"sample_h3":"876b42848ffffff","log_pop":4.624153328,"log_mass":7.2321150034},{"country_iso":"SDN","city_id":4193,"city":"Al Rahad","pop_total":272.8947980825,"mass_total":188054.5629195412,"n_hex":2,"sample_h3":"876b4226cffffff","log_pop":2.4359952572,"log_mass":5.2742838755},{"country_iso":"SDN","city_id":4253,"city":"Umm Ruwaba","pop_total":1135.7479228038,"mass_total":884788.3325312969,"n_hex":4,"sample_h3":"876b43170ffffff","log_pop":3.0552819512,"log_mass":5.9468393871},{"country_iso":"SDN","city_id":4263,"city":"Abu Jibeha","pop_total":17.2894605398,"mass_total":183666.3750362025,"n_hex":2,"sample_h3":"876b5d4a8ffffff","log_pop":1.2377814428,"log_mass":5.2640296545},{"country_iso":"SDN","city_id":4267,"city":"Al \u2018Abb\u0101siyya","pop_total":3.366707325,"mass_total":105418.5177561367,"n_hex":1,"sample_h3":"876b436ddffffff","log_pop":0.5272053639,"log_mass":5.0229169055},{"country_iso":"SDN","city_id":4335,"city":"Khartoum","pop_total":1195555.1940922344,"mass_total":284833632.5127207637,"n_hex":161,"sample_h3":"876b68d82ffffff","log_pop":6.0775696306,"log_mass":8.4545912685},{"country_iso":"SDN","city_id":4350,"city":"Ed Dueim","pop_total":8962.6132728988,"mass_total":3104352.7793293674,"n_hex":7,"sample_h3":"876b41b40ffffff","log_pop":3.9524346575,"log_mass":6.4919710687},{"country_iso":"SDN","city_id":4363,"city":"Jebel Aulia","pop_total":13171.8440914276,"mass_total":3015849.3332032282,"n_hex":11,"sample_h3":"876b6a92cffffff","log_pop":4.1196465815,"log_mass":6.4794096411},{"country_iso":"SDN","city_id":4380,"city":"Baqayr al Quddami","pop_total":4865.5403643533,"mass_total":2583382.0250576185,"n_hex":9,"sample_h3":"876b68510ffffff","log_pop":3.6871310798,"log_mass":6.4121886335},{"country_iso":"SDN","city_id":4385,"city":"Giad Industrial Complex","pop_total":5462.7033623639,"mass_total":2459128.7233536933,"n_hex":8,"sample_h3":"876b68502ffffff","log_pop":3.7374076179,"log_mass":6.3907812625},{"country_iso":"SDN","city_id":4389,"city":"Kosti","pop_total":12021.7920076557,"mass_total":4404809.7552538682,"n_hex":11,"sample_h3":"876b4c4c2ffffff","log_pop":4.0799692098,"log_mass":6.6439271559},{"country_iso":"SDN","city_id":4394,"city":"Rabak","pop_total":713.1262303091,"mass_total":476406.0323289762,"n_hex":6,"sample_h3":"876b4c4c1ffffff","log_pop":2.853166411,"log_mass":5.677977252},{"country_iso":"SDN","city_id":4412,"city":"Al Managil","pop_total":30.3040685654,"mass_total":139217.1448302745,"n_hex":1,"sample_h3":"876b6a2c0ffffff","log_pop":1.48150094,"log_mass":5.1436927227},{"country_iso":"SDN","city_id":4421,"city":"Wad Rawah","pop_total":434.1995562123,"mass_total":447944.8250442598,"n_hex":5,"sample_h3":"876b68448ffffff","log_pop":2.6376893752,"log_mass":5.6512245237},{"country_iso":"SDN","city_id":4430,"city":"Al Kamilin","pop_total":1265.7500522978,"mass_total":592381.8158390799,"n_hex":4,"sample_h3":"876b68636ffffff","log_pop":3.102347954,"log_mass":5.7726017187},{"country_iso":"SDN","city_id":4431,"city":"Shendi","pop_total":1096.7063485089,"mass_total":961567.5094917291,"n_hex":10,"sample_h3":"876b6ca59ffffff","log_pop":3.0400903575,"log_mass":5.9829797805},{"country_iso":"SDN","city_id":4436,"city":"Al Hilaliyah","pop_total":1839.5317426775,"mass_total":824868.532647679,"n_hex":4,"sample_h3":"876b68681ffffff","log_pop":3.2647072864,"log_mass":5.9163847363},{"country_iso":"SDN","city_id":4441,"city":"Al Uk","pop_total":402.8017611017,"mass_total":210573.4097005603,"n_hex":5,"sample_h3":"876b686d0ffffff","log_pop":2.6050913607,"log_mass":5.3234035295},{"country_iso":"SDN","city_id":4444,"city":"Al Hasahisa","pop_total":10571.1578446164,"mass_total":4786474.1426227586,"n_hex":12,"sample_h3":"876b6bc25ffffff","log_pop":4.0241225576,"log_mass":6.6800157171},{"country_iso":"SDN","city_id":4451,"city":"Rufaah","pop_total":1348.3451921183,"mass_total":659499.1293909731,"n_hex":5,"sample_h3":"876b6bd42ffffff","log_pop":3.1298010909,"log_mass":5.8192142266},{"country_iso":"SDN","city_id":4464,"city":"Wad Madan\u012b","pop_total":62382.4909280384,"mass_total":17330740.2674806081,"n_hex":25,"sample_h3":"876b6b082ffffff","log_pop":4.7950627121,"log_mass":7.2388171136},{"country_iso":"SDN","city_id":4477,"city":"Alshukaba Alwihda","pop_total":252.8556209209,"mass_total":76590.1660040897,"n_hex":2,"sample_h3":"876b6b091ffffff","log_pop":2.4028726123,"log_mass":4.8841730108},{"country_iso":"SDN","city_id":4478,"city":"Wad el Haddad","pop_total":191.2041499605,"mass_total":160727.2373721063,"n_hex":4,"sample_h3":"876b4ca41ffffff","log_pop":2.2814973141,"log_mass":5.20608948},{"country_iso":"SDN","city_id":4479,"city":"ad-Damer","pop_total":1916.4102742616,"mass_total":1864165.5754185033,"n_hex":8,"sample_h3":"875393a50ffffff","log_pop":3.2824884905,"log_mass":6.2704844838},{"country_iso":"SDN","city_id":4481,"city":"Atbara","pop_total":4015.2651751256,"mass_total":1648917.5732217678,"n_hex":9,"sample_h3":"875393a64ffffff","log_pop":3.6037142321,"log_mass":6.2171989465},{"country_iso":"SDN","city_id":4485,"city":"Sennar","pop_total":438.5411720669,"mass_total":456564.5312747358,"n_hex":3,"sample_h3":"876b4dc86ffffff","log_pop":2.642010373,"log_mass":5.6595021698},{"country_iso":"SDN","city_id":4509,"city":"Singa","pop_total":335.4103925929,"mass_total":215147.6215186227,"n_hex":3,"sample_h3":"876b4d45affffff","log_pop":2.525576515,"log_mass":5.3327365493},{"country_iso":"SDN","city_id":4518,"city":"Al Quwaysi","pop_total":6.8388974667,"mass_total":28857.8892980432,"n_hex":1,"sample_h3":"876b4d088ffffff","log_pop":0.8349860925,"log_mass":4.4602645631},{"country_iso":"SDN","city_id":4544,"city":"Ad-Damazin","pop_total":9575.2973130432,"mass_total":3709575.4031266305,"n_hex":9,"sample_h3":"876b4ba50ffffff","log_pop":3.9811522677,"log_mass":6.5693242032},{"country_iso":"SDN","city_id":4546,"city":"Al Kurumuk","pop_total":1.3452191353,"mass_total":7853.7975047045,"n_hex":1,"sample_h3":"876a650f6ffffff","log_pop":0.1287930364,"log_mass":3.8950796996},{"country_iso":"SDN","city_id":4547,"city":"Er Roseires","pop_total":2121.0384482103,"mass_total":1064889.2791733104,"n_hex":5,"sample_h3":"876b4ba40ffffff","log_pop":3.3265485411,"log_mass":6.0273044548},{"country_iso":"SDN","city_id":4549,"city":"\u0623\u0634 \u0634\u0644\u0627\u0644","pop_total":2307.3039151809,"mass_total":1056446.0541746472,"n_hex":3,"sample_h3":"876b4ba58ffffff","log_pop":3.363104803,"log_mass":6.0238473254},{"country_iso":"SDN","city_id":4603,"city":"Al-Qadarif","pop_total":219.8434843475,"mass_total":593822.7107316137,"n_hex":3,"sample_h3":"8752b0594ffffff","log_pop":2.3421135987,"log_mass":5.7736568032},{"country_iso":"SDN","city_id":4651,"city":"Qurayshah","pop_total":10.221818924,"mass_total":32916.715297965,"n_hex":2,"sample_h3":"8752b0688ffffff","log_pop":1.0095281833,"log_mass":4.5174164912},{"country_iso":"SDN","city_id":4680,"city":"Sink\u0101t","pop_total":4.7694823742,"mass_total":13768.1591129108,"n_hex":2,"sample_h3":"87538e503ffffff","log_pop":0.6784712482,"log_mass":4.1388758763},{"country_iso":"SDN","city_id":4702,"city":"Port Sudan","pop_total":59721.4268290015,"mass_total":17402606.2535223886,"n_hex":20,"sample_h3":"875381288ffffff","log_pop":4.7761301751,"log_mass":7.2406142941},{"country_iso":"SDN","city_id":4728,"city":"Sawakin","pop_total":1076.1665310074,"mass_total":818580.4601076033,"n_hex":4,"sample_h3":"87538e146ffffff","log_pop":3.0318794813,"log_mass":5.9130613736}]