[{"country_iso":"ALB","city_id":3261,"city":"Shkoder","pop_total":55598.0470241631,"mass_total":12122311.1284779459,"n_hex":9,"sample_h3":"871ef2216ffffff","log_pop":4.7450595365,"log_mass":7.0835854263},{"country_iso":"ALB","city_id":3263,"city":"Durr\u00ebs","pop_total":81109.4396614748,"mass_total":21057186.1328348443,"n_hex":15,"sample_h3":"871ed4196ffffff","log_pop":4.9090714011,"log_mass":7.3234003361},{"country_iso":"ALB","city_id":3271,"city":"Vlora","pop_total":53461.6046265013,"mass_total":11854038.2473137826,"n_hex":8,"sample_h3":"871ed6a88ffffff","log_pop":4.7280419898,"log_mass":7.0738663242},{"country_iso":"ALB","city_id":3272,"city":"Fier","pop_total":39781.0117430668,"mass_total":5552293.6882205419,"n_hex":5,"sample_h3":"871ed6b50ffffff","log_pop":4.5996758243,"log_mass":6.74447243},{"country_iso":"ALB","city_id":3274,"city":"Tirana","pop_total":449996.4506793316,"mass_total":62820363.1867640093,"n_hex":31,"sample_h3":"871ed4000ffffff","log_pop":5.6532090883,"log_mass":7.7981004429},{"country_iso":"ALB","city_id":3293,"city":"Elbasan","pop_total":48367.9913483966,"mass_total":9685511.576366473,"n_hex":8,"sample_h3":"871ed40c9ffffff","log_pop":4.6845580522,"log_mass":6.9861225645}]