[{"country_iso":"CZE","city_id":2886,"city":"Pilsen","pop_total":76230.4813372416,"mass_total":41621827.6398120821,"n_hex":20,"sample_h3":"871e30d01ffffff","log_pop":4.882128662,"log_mass":7.6193211464},{"country_iso":"CZE","city_id":2911,"city":"\u00dast\u00ed nad Labem","pop_total":35484.9221270159,"mass_total":17802813.6735080443,"n_hex":15,"sample_h3":"871e34a68ffffff","log_pop":4.5500438565,"log_mass":7.2504886465},{"country_iso":"CZE","city_id":2921,"city":"Kladno","pop_total":32217.3220420015,"mass_total":14822233.1763344761,"n_hex":10,"sample_h3":"871e3425bffffff","log_pop":4.5080894383,"log_mass":7.1709136411},{"country_iso":"CZE","city_id":2927,"city":"Prague","pop_total":691273.4057786583,"mass_total":243264566.1599598229,"n_hex":85,"sample_h3":"871e30b24ffffff","log_pop":5.8396498493,"log_mass":8.3860788543},{"country_iso":"CZE","city_id":2939,"city":"\u010cesk\u00e9 Bud\u011bjovice","pop_total":48686.2602142011,"mass_total":21805866.5076051056,"n_hex":11,"sample_h3":"871e306c8ffffff","log_pop":4.6874064159,"log_mass":7.3385733491},{"country_iso":"CZE","city_id":2951,"city":"Liberec","pop_total":38672.8306975926,"mass_total":18978878.1541946344,"n_hex":13,"sample_h3":"871e35841ffffff","log_pop":4.5874059619,"log_mass":7.2782705376},{"country_iso":"CZE","city_id":2989,"city":"Pardubice","pop_total":33333.6002804401,"mass_total":18576374.6180230975,"n_hex":12,"sample_h3":"871e31866ffffff","log_pop":4.5228822233,"log_mass":7.2689609606},{"country_iso":"CZE","city_id":2992,"city":"Hradec Kr\u00e1lov\u00e9","pop_total":28691.7222771495,"mass_total":18309020.0976441987,"n_hex":11,"sample_h3":"871e22580ffffff","log_pop":4.4577566184,"log_mass":7.2626651014},{"country_iso":"CZE","city_id":3036,"city":"Brno","pop_total":181033.0721847413,"mass_total":76273745.6181088835,"n_hex":30,"sample_h3":"871e06829ffffff","log_pop":5.2577579216,"log_mass":7.8823750741},{"country_iso":"CZE","city_id":3063,"city":"Olomouc","pop_total":38612.5869868517,"mass_total":24103167.4138427079,"n_hex":10,"sample_h3":"871e040a4ffffff","log_pop":4.5867288997,"log_mass":7.3820741173},{"country_iso":"CZE","city_id":3120,"city":"Ostrava","pop_total":99115.8828051361,"mass_total":61223412.6805571467,"n_hex":27,"sample_h3":"871e04a49ffffff","log_pop":4.9961432535,"log_mass":7.7869175341},{"country_iso":"CZE","city_id":3132,"city":"Hav\u00ed\u0159ov","pop_total":34552.9956922138,"mass_total":10083601.8466564473,"n_hex":11,"sample_h3":"871e05c14ffffff","log_pop":4.538485706,"log_mass":7.0036156891}]