[{"country_iso":"PER","city_id":412,"city":"Talara","pop_total":22897.6700421502,"mass_total":3569979.4727128022,"n_hex":6,"sample_h3":"878f08708ffffff","log_pop":4.3597912929,"log_mass":6.5526657189},{"country_iso":"PER","city_id":415,"city":"Paita","pop_total":1392.2858705184,"mass_total":250939.4412843024,"n_hex":5,"sample_h3":"878f0b803ffffff","log_pop":3.1437284158,"log_mass":5.3995689267},{"country_iso":"PER","city_id":418,"city":"Sullana","pop_total":98096.8527578728,"mass_total":7596582.2196071316,"n_hex":6,"sample_h3":"878f0951affffff","log_pop":4.9916550741,"log_mass":6.8806182427},{"country_iso":"PER","city_id":421,"city":"Piura","pop_total":70852.4175283844,"mass_total":6875635.7725852365,"n_hex":13,"sample_h3":"878f094c0ffffff","log_pop":4.8503546732,"log_mass":6.8373128625},{"country_iso":"PER","city_id":422,"city":"Tumbes","pop_total":40328.6105987063,"mass_total":4983346.0739154788,"n_hex":7,"sample_h3":"878f0dc88ffffff","log_pop":4.60561326,"log_mass":6.6975210483},{"country_iso":"PER","city_id":425,"city":"Tambogrande","pop_total":6352.801595269,"mass_total":737366.7439435648,"n_hex":3,"sample_h3":"878f09198ffffff","log_pop":3.8029652921,"log_mass":5.8676835465},{"country_iso":"PER","city_id":428,"city":"Chulucanas","pop_total":5979.7738945793,"mass_total":807907.5370958818,"n_hex":2,"sample_h3":"878f090e1ffffff","log_pop":3.7766847629,"log_mass":5.9073616598},{"country_iso":"PER","city_id":441,"city":"Lambayeque","pop_total":5957.6276949247,"mass_total":894621.7759512664,"n_hex":4,"sample_h3":"878f505a0ffffff","log_pop":3.7750733597,"log_mass":5.9516394651},{"country_iso":"PER","city_id":442,"city":"Chiclayo","pop_total":93092.5333821872,"mass_total":10702920.5318411868,"n_hex":20,"sample_h3":"878f50430ffffff","log_pop":4.9689148492,"log_mass":7.0295023008},{"country_iso":"PER","city_id":466,"city":"Trujillo","pop_total":187569.4039681809,"mass_total":18189261.2387411296,"n_hex":18,"sample_h3":"878f53a1bffffff","log_pop":5.2731619984,"log_mass":7.2598150604},{"country_iso":"PER","city_id":468,"city":"Ja\u00e9n","pop_total":10922.8792663499,"mass_total":1052322.7782416763,"n_hex":3,"sample_h3":"878f54a19ffffff","log_pop":4.0383371333,"log_mass":6.0221489711},{"country_iso":"PER","city_id":470,"city":"Cutervo","pop_total":2646.0456099118,"mass_total":247882.8373523215,"n_hex":1,"sample_h3":"878f55416ffffff","log_pop":3.4225973259,"log_mass":5.3942464586},{"country_iso":"PER","city_id":477,"city":"Bambamarca","pop_total":3365.9964591082,"mass_total":522875.9524269609,"n_hex":3,"sample_h3":"878f55634ffffff","log_pop":3.5271136548,"log_mass":5.7183986687},{"country_iso":"PER","city_id":478,"city":"Cajamarca","pop_total":63824.98821462,"mass_total":4917846.0869567106,"n_hex":8,"sample_h3":"878f51c60ffffff","log_pop":4.8049907433,"log_mass":6.6917749326},{"country_iso":"PER","city_id":480,"city":"Chimbote","pop_total":40654.372993645,"mass_total":6996030.4675981225,"n_hex":15,"sample_h3":"878f5e292ffffff","log_pop":4.6091072674,"log_mass":6.8448516922},{"country_iso":"PER","city_id":489,"city":"Huamachuco","pop_total":4136.2762422001,"mass_total":365020.9674077095,"n_hex":2,"sample_h3":"878f51350ffffff","log_pop":3.6166095355,"log_mass":5.5623178118},{"country_iso":"PER","city_id":494,"city":"Barranca","pop_total":18640.6199940738,"mass_total":3030573.5190174654,"n_hex":4,"sample_h3":"878f5b0d3ffffff","log_pop":4.2704603531,"log_mass":6.4815248241},{"country_iso":"PER","city_id":498,"city":"Huaraz","pop_total":38472.436171312,"mass_total":4976355.602974019,"n_hex":8,"sample_h3":"878f580c1ffffff","log_pop":4.5851496878,"log_mass":6.6969114068},{"country_iso":"PER","city_id":504,"city":"Huacho","pop_total":141.6238384247,"mass_total":346592.1288394293,"n_hex":2,"sample_h3":"878e75930ffffff","log_pop":2.1511363609,"log_mass":5.5398186956},{"country_iso":"PER","city_id":505,"city":"Moyobamba","pop_total":18550.4873774959,"mass_total":2702838.747351951,"n_hex":4,"sample_h3":"878f46306ffffff","log_pop":4.2683553243,"log_mass":6.4318201363},{"country_iso":"PER","city_id":522,"city":"Huaral","pop_total":20501.3243953406,"mass_total":1596364.8692953521,"n_hex":4,"sample_h3":"878e664d8ffffff","log_pop":4.3117819176,"log_mass":6.2031321618},{"country_iso":"PER","city_id":528,"city":"Lima","pop_total":6950368.0422809692,"mass_total":513241898.9264418483,"n_hex":189,"sample_h3":"878e62113ffffff","log_pop":6.8420078024,"log_mass":8.7103221031},{"country_iso":"PER","city_id":532,"city":"Tarapoto","pop_total":70624.3408262047,"mass_total":8519281.545949595,"n_hex":9,"sample_h3":"878f40180ffffff","log_pop":4.8489544073,"log_mass":6.9304029711},{"country_iso":"PER","city_id":536,"city":"Yurimaguas","pop_total":11376.4234993804,"mass_total":3020777.5147330365,"n_hex":5,"sample_h3":"878f40934ffffff","log_pop":4.0560057508,"log_mass":6.4801187399},{"country_iso":"PER","city_id":539,"city":"Pampa Limay","pop_total":9513.9045122249,"mass_total":1724388.8875093178,"n_hex":8,"sample_h3":"878e62110ffffff","log_pop":3.9783587882,"log_mass":6.2366352155},{"country_iso":"PER","city_id":549,"city":"Hu\u00e1nuco","pop_total":56144.1849764057,"mass_total":3996142.0991064352,"n_hex":6,"sample_h3":"878f59b81ffffff","log_pop":4.7493047817,"log_mass":6.6016409229},{"country_iso":"PER","city_id":560,"city":"Tingo Mar\u00eda","pop_total":9685.1651957979,"mass_total":704119.8326338984,"n_hex":3,"sample_h3":"878f4ac90ffffff","log_pop":3.9861070327,"log_mass":5.8476465771},{"country_iso":"PER","city_id":585,"city":"Chincha Alta","pop_total":15958.3817993201,"mass_total":1098983.683913141,"n_hex":6,"sample_h3":"878e636a4ffffff","log_pop":4.2029888512,"log_mass":6.0409912447},{"country_iso":"PER","city_id":612,"city":"Ica","pop_total":3000.6392244227,"mass_total":299870.4631286099,"n_hex":2,"sample_h3":"878e458cbffffff","log_pop":3.4772137821,"log_mass":5.4769336904},{"country_iso":"PER","city_id":613,"city":"Los Baldeon","pop_total":146.3885028465,"mass_total":10757.0243297622,"n_hex":1,"sample_h3":"878e45b92ffffff","log_pop":2.1655069692,"log_mass":4.0316921509},{"country_iso":"PER","city_id":614,"city":"Parcona","pop_total":47.5985298157,"mass_total":11110.4459750353,"n_hex":1,"sample_h3":"878e45b94ffffff","log_pop":1.6775935388,"log_mass":4.0457314919},{"country_iso":"PER","city_id":616,"city":"Huancayo","pop_total":150470.8319511713,"mass_total":13079862.3204584029,"n_hex":8,"sample_h3":"878e60acdffffff","log_pop":5.1774523222,"log_mass":7.1166031726},{"country_iso":"PER","city_id":622,"city":"Pucallpa","pop_total":191994.7144395174,"mass_total":25934297.4392960034,"n_hex":17,"sample_h3":"878f4c60affffff","log_pop":5.2832892729,"log_mass":7.4138744874},{"country_iso":"PER","city_id":623,"city":"Pichanaki","pop_total":27790.4682788419,"mass_total":2324524.136952552,"n_hex":5,"sample_h3":"878e65d08ffffff","log_pop":4.4438958648,"log_mass":6.3663340601},{"country_iso":"PER","city_id":657,"city":"12 de Diciembre","pop_total":1632.2970995099,"mass_total":420069.6712662732,"n_hex":4,"sample_h3":"878a6d320ffffff","log_pop":3.2127992089,"log_mass":5.6233213269},{"country_iso":"PER","city_id":663,"city":"Ayacucho","pop_total":70986.9730948429,"mass_total":6534460.9561117869,"n_hex":8,"sample_h3":"878e6c424ffffff","log_pop":4.8511786581,"log_mass":6.8152097674},{"country_iso":"PER","city_id":666,"city":"Atalaya","pop_total":789.4078939793,"mass_total":444651.8513408537,"n_hex":4,"sample_h3":"878b6904affffff","log_pop":2.897301465,"log_mass":5.6480201049},{"country_iso":"PER","city_id":690,"city":"Andahuaylas","pop_total":2609.9955058304,"mass_total":363593.20564715,"n_hex":3,"sample_h3":"878e6c240ffffff","log_pop":3.4166397595,"log_mass":5.5606157591},{"country_iso":"PER","city_id":704,"city":"Abancay","pop_total":906.6247771918,"mass_total":444512.4960814675,"n_hex":3,"sample_h3":"878e6d136ffffff","log_pop":2.9574275837,"log_mass":5.6478839743},{"country_iso":"PER","city_id":723,"city":"Cusco","pop_total":275558.6673456435,"mass_total":26744616.3247158229,"n_hex":17,"sample_h3":"878b6112cffffff","log_pop":5.4402140758,"log_mass":7.4272363719},{"country_iso":"PER","city_id":750,"city":"Sicuani","pop_total":6787.5398879332,"mass_total":1442679.790602332,"n_hex":4,"sample_h3":"878b60b30ffffff","log_pop":3.8317123948,"log_mass":6.1591699481},{"country_iso":"PER","city_id":753,"city":"Arequipa","pop_total":419004.3159330078,"mass_total":42316414.1352153718,"n_hex":41,"sample_h3":"87b335410ffffff","log_pop":5.6222184964,"log_mass":7.6265088588},{"country_iso":"PER","city_id":769,"city":"Ilo","pop_total":5740.253970228,"mass_total":1047525.7006147862,"n_hex":6,"sample_h3":"87b331449ffffff","log_pop":3.7589311076,"log_mass":6.020164687},{"country_iso":"PER","city_id":788,"city":"Juliaca","pop_total":148919.5607647667,"mass_total":14309702.800026644,"n_hex":14,"sample_h3":"87b326c08ffffff","log_pop":5.1729517466,"log_mass":7.1556306139},{"country_iso":"PER","city_id":796,"city":"Puno","pop_total":25804.1607574239,"mass_total":1826410.0923554371,"n_hex":5,"sample_h3":"87b32601affffff","log_pop":4.4116897388,"log_mass":6.2615982983},{"country_iso":"PER","city_id":798,"city":"Puerto Maldonado","pop_total":27979.5853398632,"mass_total":5886452.7577572605,"n_hex":8,"sample_h3":"878b44c92ffffff","log_pop":4.4468412739,"log_mass":6.7698536629},{"country_iso":"PER","city_id":800,"city":"Tacna","pop_total":61712.8803726813,"mass_total":5762024.4809643207,"n_hex":16,"sample_h3":"87b3040a0ffffff","log_pop":4.790375817,"log_mass":6.7605750991},{"country_iso":"PER","city_id":811,"city":"Ilave","pop_total":9362.8329700919,"mass_total":862558.3925501982,"n_hex":3,"sample_h3":"87b326228ffffff","log_pop":3.9714072758,"log_mass":5.9357885051}]