[{"country_iso":"TLS","city_id":13015,"log_pop":3.1135330715,"log_mass":5.3499462285},{"country_iso":"TLS","city_id":13015,"log_pop":4.0655381621,"log_mass":6.0338753789},{"country_iso":"TLS","city_id":13015,"log_pop":4.1215947203,"log_mass":6.0896390373},{"country_iso":"TLS","city_id":13015,"log_pop":4.5809687112,"log_mass":6.4693180158},{"country_iso":"TLS","city_id":13015,"log_pop":4.4022908301,"log_mass":6.3427337624},{"country_iso":"TLS","city_id":13015,"log_pop":3.513548883,"log_mass":5.5576714265},{"country_iso":"TLS","city_id":13015,"log_pop":3.6123164521,"log_mass":5.4600531434},{"country_iso":"TLS","city_id":13015,"log_pop":3.6840186914,"log_mass":5.7500863471},{"country_iso":"TLS","city_id":13015,"log_pop":3.850430585,"log_mass":5.8936431211},{"country_iso":"TLS","city_id":13015,"log_pop":4.4881779591,"log_mass":6.4786692909},{"country_iso":"TLS","city_id":13015,"log_pop":3.4470053892,"log_mass":5.6607411298},{"country_iso":"TLS","city_id":13015,"log_pop":3.3886957157,"log_mass":5.430972578}]