[{"country_iso":"ZWE","city_id":4171,"log_pop":2.2245374249,"log_mass":5.0767566513},{"country_iso":"ZWE","city_id":4171,"log_pop":1.6175691841,"log_mass":4.1704405642},{"country_iso":"ZWE","city_id":4171,"log_pop":3.5374805524,"log_mass":6.0281288351},{"country_iso":"ZWE","city_id":4171,"log_pop":2.2802752642,"log_mass":4.8182746511},{"country_iso":"ZWE","city_id":4171,"log_pop":3.7816131927,"log_mass":6.1786141533},{"country_iso":"ZWE","city_id":4171,"log_pop":2.0641247245,"log_mass":5.0809902258},{"country_iso":"ZWE","city_id":4171,"log_pop":3.4466220418,"log_mass":5.7366239691},{"country_iso":"ZWE","city_id":4171,"log_pop":0.4583181365,"log_mass":3.6342912583},{"country_iso":"ZWE","city_id":4171,"log_pop":1.215317068,"log_mass":3.6033810793},{"country_iso":"ZWE","city_id":4171,"log_pop":3.8100869573,"log_mass":6.1306148849},{"country_iso":"ZWE","city_id":4171,"log_pop":2.6643646162,"log_mass":4.9461720755},{"country_iso":"ZWE","city_id":4171,"log_pop":4.0832766573,"log_mass":5.975935944},{"country_iso":"ZWE","city_id":4171,"log_pop":4.3121660158,"log_mass":6.2790645045},{"country_iso":"ZWE","city_id":4171,"log_pop":3.6890994722,"log_mass":5.8586591667},{"country_iso":"ZWE","city_id":4171,"log_pop":3.9708051345,"log_mass":6.2669512891},{"country_iso":"ZWE","city_id":4171,"log_pop":3.2714385199,"log_mass":5.3638984076},{"country_iso":"ZWE","city_id":4171,"log_pop":3.7667744052,"log_mass":5.8430037819},{"country_iso":"ZWE","city_id":4171,"log_pop":3.9643073881,"log_mass":6.2116101274},{"country_iso":"ZWE","city_id":4171,"log_pop":3.9059255111,"log_mass":6.1311701851},{"country_iso":"ZWE","city_id":4171,"log_pop":3.8804049321,"log_mass":6.1515386087},{"country_iso":"ZWE","city_id":4171,"log_pop":3.3355348137,"log_mass":5.3340164253},{"country_iso":"ZWE","city_id":4171,"log_pop":3.6106614909,"log_mass":5.6235360296},{"country_iso":"ZWE","city_id":4171,"log_pop":1.4690958963,"log_mass":3.8071604069},{"country_iso":"ZWE","city_id":4171,"log_pop":3.4906598075,"log_mass":5.5497204296},{"country_iso":"ZWE","city_id":4171,"log_pop":1.869836915,"log_mass":4.06561714},{"country_iso":"ZWE","city_id":4171,"log_pop":3.3877300008,"log_mass":5.4145073713},{"country_iso":"ZWE","city_id":4171,"log_pop":4.1445923047,"log_mass":6.0605457865},{"country_iso":"ZWE","city_id":4171,"log_pop":4.0234112635,"log_mass":6.0863313},{"country_iso":"ZWE","city_id":4171,"log_pop":3.8846216172,"log_mass":5.8184461807},{"country_iso":"ZWE","city_id":4171,"log_pop":4.4806721299,"log_mass":6.3162476479},{"country_iso":"ZWE","city_id":4171,"log_pop":2.2079698854,"log_mass":4.2747122836},{"country_iso":"ZWE","city_id":4171,"log_pop":3.4372307013,"log_mass":5.5581279107},{"country_iso":"ZWE","city_id":4171,"log_pop":3.6783858522,"log_mass":5.7335643754},{"country_iso":"ZWE","city_id":4171,"log_pop":3.9480083958,"log_mass":5.9372415057},{"country_iso":"ZWE","city_id":4171,"log_pop":3.9115129603,"log_mass":5.8986190052},{"country_iso":"ZWE","city_id":4171,"log_pop":3.968040306,"log_mass":6.1754669168},{"country_iso":"ZWE","city_id":4171,"log_pop":3.5614928189,"log_mass":5.9870783792},{"country_iso":"ZWE","city_id":4171,"log_pop":3.6204429898,"log_mass":5.9633606679},{"country_iso":"ZWE","city_id":4171,"log_pop":3.6636395289,"log_mass":5.947613733},{"country_iso":"ZWE","city_id":4171,"log_pop":3.7198272657,"log_mass":6.0873595488},{"country_iso":"ZWE","city_id":4171,"log_pop":3.8900147956,"log_mass":6.2546693588},{"country_iso":"ZWE","city_id":4171,"log_pop":3.9167204071,"log_mass":6.2523519411},{"country_iso":"ZWE","city_id":4171,"log_pop":3.9604425634,"log_mass":6.3377359461},{"country_iso":"ZWE","city_id":4171,"log_pop":3.9260788084,"log_mass":6.3425459069},{"country_iso":"ZWE","city_id":4171,"log_pop":3.7463931802,"log_mass":6.0312853183},{"country_iso":"ZWE","city_id":4171,"log_pop":3.3720387767,"log_mass":6.012398419},{"country_iso":"ZWE","city_id":4171,"log_pop":3.8971410693,"log_mass":6.1972948811},{"country_iso":"ZWE","city_id":4171,"log_pop":1.8891515695,"log_mass":4.3281688082},{"country_iso":"ZWE","city_id":4171,"log_pop":3.5395596377,"log_mass":5.8535087117},{"country_iso":"ZWE","city_id":4171,"log_pop":3.8475513173,"log_mass":6.1289592532},{"country_iso":"ZWE","city_id":4171,"log_pop":3.8083690949,"log_mass":6.0947972541},{"country_iso":"ZWE","city_id":4171,"log_pop":3.3056207003,"log_mass":5.5508729569},{"country_iso":"ZWE","city_id":4171,"log_pop":3.7122222586,"log_mass":5.8895173316},{"country_iso":"ZWE","city_id":4171,"log_pop":3.6074309123,"log_mass":5.8842854024},{"country_iso":"ZWE","city_id":4171,"log_pop":4.170479738,"log_mass":6.5869557322},{"country_iso":"ZWE","city_id":4171,"log_pop":3.9108649137,"log_mass":6.2367865574},{"country_iso":"ZWE","city_id":4171,"log_pop":3.8273434543,"log_mass":6.1928120151},{"country_iso":"ZWE","city_id":4171,"log_pop":3.7639549637,"log_mass":6.1965835844},{"country_iso":"ZWE","city_id":4171,"log_pop":3.0112407346,"log_mass":5.3895864558},{"country_iso":"ZWE","city_id":4171,"log_pop":3.6982036439,"log_mass":5.8775942684},{"country_iso":"ZWE","city_id":4171,"log_pop":3.3622106096,"log_mass":5.7892220919},{"country_iso":"ZWE","city_id":4171,"log_pop":3.5870796612,"log_mass":5.8743299393},{"country_iso":"ZWE","city_id":4171,"log_pop":3.6816815947,"log_mass":5.9601543184},{"country_iso":"ZWE","city_id":4171,"log_pop":3.7295550917,"log_mass":6.0223420821},{"country_iso":"ZWE","city_id":4171,"log_pop":4.0429339564,"log_mass":6.3199364214},{"country_iso":"ZWE","city_id":4171,"log_pop":4.0700825899,"log_mass":6.4096253967},{"country_iso":"ZWE","city_id":4171,"log_pop":4.0468483723,"log_mass":6.3844015981},{"country_iso":"ZWE","city_id":4171,"log_pop":4.2042018589,"log_mass":6.6375812718},{"country_iso":"ZWE","city_id":4171,"log_pop":3.5617002817,"log_mass":6.0530823161},{"country_iso":"ZWE","city_id":4171,"log_pop":3.4155526241,"log_mass":5.6279559348},{"country_iso":"ZWE","city_id":4171,"log_pop":3.8295869331,"log_mass":5.9422278009},{"country_iso":"ZWE","city_id":4171,"log_pop":4.0836805473,"log_mass":6.385129149},{"country_iso":"ZWE","city_id":4171,"log_pop":3.0451403946,"log_mass":5.7535355978},{"country_iso":"ZWE","city_id":4171,"log_pop":3.8815828505,"log_mass":6.161640107},{"country_iso":"ZWE","city_id":4171,"log_pop":3.7126489993,"log_mass":5.9761154824},{"country_iso":"ZWE","city_id":4171,"log_pop":3.9773577048,"log_mass":6.3653313525},{"country_iso":"ZWE","city_id":4171,"log_pop":2.6686910655,"log_mass":5.5340513216},{"country_iso":"ZWE","city_id":4171,"log_pop":4.0560144931,"log_mass":6.3895910537},{"country_iso":"ZWE","city_id":4171,"log_pop":4.1024553575,"log_mass":6.4832918569},{"country_iso":"ZWE","city_id":4171,"log_pop":4.1542116541,"log_mass":6.5600236485},{"country_iso":"ZWE","city_id":4171,"log_pop":4.0669881817,"log_mass":6.4640235239},{"country_iso":"ZWE","city_id":4171,"log_pop":4.1839802881,"log_mass":6.6626953872},{"country_iso":"ZWE","city_id":4171,"log_pop":3.9297096355,"log_mass":6.2220627267},{"country_iso":"ZWE","city_id":4171,"log_pop":4.1021460691,"log_mass":6.2177907474},{"country_iso":"ZWE","city_id":4171,"log_pop":3.9396380168,"log_mass":6.1442232534},{"country_iso":"ZWE","city_id":4171,"log_pop":1.5814647722,"log_mass":4.4490675337},{"country_iso":"ZWE","city_id":4171,"log_pop":2.8274632717,"log_mass":5.879288544},{"country_iso":"ZWE","city_id":4171,"log_pop":2.379102526,"log_mass":4.6993480285},{"country_iso":"ZWE","city_id":4171,"log_pop":1.7569675194,"log_mass":4.3112776559},{"country_iso":"ZWE","city_id":4171,"log_pop":3.7742398176,"log_mass":6.0137836143},{"country_iso":"ZWE","city_id":4171,"log_pop":3.4958022954,"log_mass":5.6453387493},{"country_iso":"ZWE","city_id":4171,"log_pop":3.3966224552,"log_mass":5.4635462234},{"country_iso":"ZWE","city_id":4171,"log_pop":3.3167704894,"log_mass":5.5182520984},{"country_iso":"ZWE","city_id":4171,"log_pop":3.6917643244,"log_mass":5.6860113796},{"country_iso":"ZWE","city_id":4171,"log_pop":3.5597571866,"log_mass":5.7113643387},{"country_iso":"ZWE","city_id":4171,"log_pop":3.410020079,"log_mass":5.4379165388},{"country_iso":"ZWE","city_id":4171,"log_pop":3.2595122076,"log_mass":5.2827537436},{"country_iso":"ZWE","city_id":4171,"log_pop":3.3251131159,"log_mass":5.6779417019},{"country_iso":"ZWE","city_id":4171,"log_pop":3.4709810121,"log_mass":5.6854205741},{"country_iso":"ZWE","city_id":4171,"log_pop":3.631836202,"log_mass":5.7998347885},{"country_iso":"ZWE","city_id":4171,"log_pop":3.0094949378,"log_mass":5.1271613605},{"country_iso":"ZWE","city_id":4171,"log_pop":3.2704197252,"log_mass":5.333741618},{"country_iso":"ZWE","city_id":4171,"log_pop":3.110867792,"log_mass":5.1310074163},{"country_iso":"ZWE","city_id":3777,"log_pop":3.7972454232,"log_mass":6.2245107545},{"country_iso":"ZWE","city_id":3777,"log_pop":3.786932374,"log_mass":6.1165768649},{"country_iso":"ZWE","city_id":3777,"log_pop":3.9341720897,"log_mass":6.4675140133},{"country_iso":"ZWE","city_id":3777,"log_pop":4.0303651701,"log_mass":6.4604062369},{"country_iso":"ZWE","city_id":3777,"log_pop":3.218301659,"log_mass":5.5840203807},{"country_iso":"ZWE","city_id":3777,"log_pop":2.925794397,"log_mass":5.1896356559},{"country_iso":"ZWE","city_id":3777,"log_pop":3.1069725978,"log_mass":5.3383518397},{"country_iso":"ZWE","city_id":3777,"log_pop":1.9719842511,"log_mass":4.1030091486},{"country_iso":"ZWE","city_id":3777,"log_pop":2.4128692748,"log_mass":4.9823237955},{"country_iso":"ZWE","city_id":3777,"log_pop":3.6697751117,"log_mass":5.9162764141},{"country_iso":"ZWE","city_id":3777,"log_pop":3.47162809,"log_mass":5.8377362764},{"country_iso":"ZWE","city_id":3777,"log_pop":4.1076002889,"log_mass":6.4330468752},{"country_iso":"ZWE","city_id":3777,"log_pop":3.9795994642,"log_mass":6.2324717427},{"country_iso":"ZWE","city_id":3777,"log_pop":4.0245713598,"log_mass":6.3094241582},{"country_iso":"ZWE","city_id":3777,"log_pop":3.5444370483,"log_mass":5.9153618861},{"country_iso":"ZWE","city_id":3777,"log_pop":3.9070573187,"log_mass":6.1895641904},{"country_iso":"ZWE","city_id":3777,"log_pop":3.3288875402,"log_mass":5.741673672},{"country_iso":"ZWE","city_id":3777,"log_pop":3.652811093,"log_mass":5.9425326373},{"country_iso":"ZWE","city_id":3777,"log_pop":2.883627518,"log_mass":5.2874159186},{"country_iso":"ZWE","city_id":3777,"log_pop":-0.5880226038,"log_mass":2.5935687623},{"country_iso":"ZWE","city_id":3777,"log_pop":3.4235239902,"log_mass":5.668119511},{"country_iso":"ZWE","city_id":3777,"log_pop":3.4637324107,"log_mass":5.8145245877},{"country_iso":"ZWE","city_id":3777,"log_pop":3.2120472336,"log_mass":5.557055863},{"country_iso":"ZWE","city_id":3777,"log_pop":3.7005470826,"log_mass":6.02466877},{"country_iso":"ZWE","city_id":3777,"log_pop":4.0280135204,"log_mass":6.4393284289},{"country_iso":"ZWE","city_id":3777,"log_pop":3.9504153806,"log_mass":6.2503508606},{"country_iso":"ZWE","city_id":3777,"log_pop":3.2480972616,"log_mass":5.4874506297},{"country_iso":"ZWE","city_id":3777,"log_pop":3.9563944976,"log_mass":6.1780399625},{"country_iso":"ZWE","city_id":3777,"log_pop":3.4260040674,"log_mass":5.7253248417},{"country_iso":"ZWE","city_id":3777,"log_pop":3.0237015377,"log_mass":5.3440785111},{"country_iso":"ZWE","city_id":4189,"log_pop":4.5072915266,"log_mass":6.342868792},{"country_iso":"ZWE","city_id":4189,"log_pop":4.4142858964,"log_mass":6.44654977},{"country_iso":"ZWE","city_id":4189,"log_pop":0.5486163846,"log_mass":3.5575922227},{"country_iso":"ZWE","city_id":4189,"log_pop":3.4344530458,"log_mass":5.3470985251},{"country_iso":"ZWE","city_id":4189,"log_pop":4.5591391187,"log_mass":6.4312341671},{"country_iso":"ZWE","city_id":4189,"log_pop":4.5110379256,"log_mass":6.3922919642},{"country_iso":"ZWE","city_id":4189,"log_pop":3.9778085593,"log_mass":5.8639028929},{"country_iso":"ZWE","city_id":4189,"log_pop":2.0430819702,"log_mass":4.511210224},{"country_iso":"ZWE","city_id":4189,"log_pop":0.9868252357,"log_mass":3.7603295059},{"country_iso":"ZWE","city_id":4189,"log_pop":4.2778414522,"log_mass":6.1163299918},{"country_iso":"ZWE","city_id":4189,"log_pop":3.9881802768,"log_mass":5.9014479027},{"country_iso":"ZWE","city_id":4189,"log_pop":2.6085780221,"log_mass":4.6604830383},{"country_iso":"ZWE","city_id":4189,"log_pop":2.0717122042,"log_mass":4.1448648571},{"country_iso":"ZWE","city_id":4189,"log_pop":3.9176135056,"log_mass":5.7294579596},{"country_iso":"ZWE","city_id":4189,"log_pop":4.6406657279,"log_mass":6.4984540649},{"country_iso":"ZWE","city_id":4189,"log_pop":3.2033320385,"log_mass":5.1558467978},{"country_iso":"ZWE","city_id":4189,"log_pop":3.8194327361,"log_mass":5.8981205992},{"country_iso":"ZWE","city_id":3982,"log_pop":3.8785103259,"log_mass":6.2048184866},{"country_iso":"ZWE","city_id":3982,"log_pop":3.1634958544,"log_mass":5.5522089841},{"country_iso":"ZWE","city_id":3982,"log_pop":1.9522935688,"log_mass":4.6485031072},{"country_iso":"ZWE","city_id":3982,"log_pop":2.8708315141,"log_mass":5.3417374853},{"country_iso":"ZWE","city_id":3982,"log_pop":3.4786388346,"log_mass":5.8036262545},{"country_iso":"ZWE","city_id":3982,"log_pop":3.1801490982,"log_mass":5.5766756773},{"country_iso":"ZWE","city_id":3982,"log_pop":3.6972825845,"log_mass":6.220127193},{"country_iso":"ZWE","city_id":3982,"log_pop":0.6266464086,"log_mass":3.4958684778},{"country_iso":"ZWE","city_id":3982,"log_pop":3.61930188,"log_mass":6.1095089138},{"country_iso":"ZWE","city_id":3982,"log_pop":2.6122603137,"log_mass":5.1008386137},{"country_iso":"ZWE","city_id":3982,"log_pop":1.4895963892,"log_mass":4.1398919581},{"country_iso":"ZWE","city_id":3982,"log_pop":3.7052788476,"log_mass":6.0962405505},{"country_iso":"ZWE","city_id":3982,"log_pop":1.9233313144,"log_mass":4.2644236604},{"country_iso":"ZWE","city_id":3982,"log_pop":3.871231814,"log_mass":6.3043827363},{"country_iso":"ZWE","city_id":3982,"log_pop":2.3586728177,"log_mass":4.7705613035},{"country_iso":"ZWE","city_id":4329,"log_pop":0.9465276281,"log_mass":3.6326359039},{"country_iso":"ZWE","city_id":4329,"log_pop":3.4788214486,"log_mass":5.6918026253},{"country_iso":"ZWE","city_id":4329,"log_pop":1.2781187074,"log_mass":3.3705964499},{"country_iso":"ZWE","city_id":4329,"log_pop":3.5458943914,"log_mass":6.0077676997},{"country_iso":"ZWE","city_id":4329,"log_pop":3.1089075972,"log_mass":5.4174744674},{"country_iso":"ZWE","city_id":4329,"log_pop":2.6525778526,"log_mass":4.9382508817},{"country_iso":"ZWE","city_id":4329,"log_pop":3.6095473316,"log_mass":5.7741932183},{"country_iso":"ZWE","city_id":4329,"log_pop":3.7400000743,"log_mass":5.9360810523},{"country_iso":"ZWE","city_id":4329,"log_pop":1.8060243071,"log_mass":4.1946165474},{"country_iso":"ZWE","city_id":4329,"log_pop":3.1260751539,"log_mass":5.3939191514},{"country_iso":"ZWE","city_id":4135,"log_pop":2.5790095408,"log_mass":4.9363497251},{"country_iso":"ZWE","city_id":4135,"log_pop":3.0515902514,"log_mass":5.4138743437},{"country_iso":"ZWE","city_id":4135,"log_pop":2.7509360858,"log_mass":5.2095794327},{"country_iso":"ZWE","city_id":4135,"log_pop":3.0034929579,"log_mass":5.266401421},{"country_iso":"ZWE","city_id":4135,"log_pop":3.5082561006,"log_mass":5.8340483672},{"country_iso":"ZWE","city_id":4135,"log_pop":1.8353905664,"log_mass":4.3721862477},{"country_iso":"ZWE","city_id":4135,"log_pop":3.7470590759,"log_mass":6.003905583},{"country_iso":"ZWE","city_id":4135,"log_pop":2.500110982,"log_mass":4.6951221901},{"country_iso":"ZWE","city_id":4208,"log_pop":2.2387964354,"log_mass":4.7724003463},{"country_iso":"ZWE","city_id":4208,"log_pop":2.9232734464,"log_mass":5.3082664527},{"country_iso":"ZWE","city_id":4208,"log_pop":3.7287067873,"log_mass":6.1243190313},{"country_iso":"ZWE","city_id":4208,"log_pop":2.5596627462,"log_mass":4.9520470732},{"country_iso":"ZWE","city_id":4208,"log_pop":3.5199923155,"log_mass":6.0665355976},{"country_iso":"ZWE","city_id":4208,"log_pop":3.7939339677,"log_mass":6.2319820083},{"country_iso":"ZWE","city_id":4208,"log_pop":2.6734282256,"log_mass":5.0351633766},{"country_iso":"ZWE","city_id":4208,"log_pop":3.0926657509,"log_mass":5.4831400436},{"country_iso":"ZWE","city_id":4222,"log_pop":1.8948153536,"log_mass":3.8602116097},{"country_iso":"ZWE","city_id":4222,"log_pop":2.4660554448,"log_mass":4.7070890127},{"country_iso":"ZWE","city_id":4222,"log_pop":2.0848876853,"log_mass":4.8637868614},{"country_iso":"ZWE","city_id":4222,"log_pop":0.1513535631,"log_mass":5.1113591814},{"country_iso":"ZWE","city_id":4222,"log_pop":3.0331755177,"log_mass":5.336731649},{"country_iso":"ZWE","city_id":4222,"log_pop":3.0912240054,"log_mass":5.5746701753},{"country_iso":"ZWE","city_id":4222,"log_pop":2.5995921515,"log_mass":5.4215067016},{"country_iso":"ZWE","city_id":4222,"log_pop":2.8203580162,"log_mass":5.143073961},{"country_iso":"ZWE","city_id":4205,"log_pop":2.4296152073,"log_mass":4.6744689295},{"country_iso":"ZWE","city_id":4205,"log_pop":2.3513503684,"log_mass":4.6797969509},{"country_iso":"ZWE","city_id":4205,"log_pop":3.1374930717,"log_mass":5.3383407732},{"country_iso":"ZWE","city_id":4205,"log_pop":3.0793927825,"log_mass":5.236917587},{"country_iso":"ZWE","city_id":4205,"log_pop":3.0404387489,"log_mass":5.4826011678},{"country_iso":"ZWE","city_id":4205,"log_pop":3.9501149152,"log_mass":6.2474040885},{"country_iso":"ZWE","city_id":4205,"log_pop":2.0205984818,"log_mass":4.474813456},{"country_iso":"ZWE","city_id":4023,"log_pop":2.9655089185,"log_mass":5.393475737},{"country_iso":"ZWE","city_id":4023,"log_pop":3.4595949617,"log_mass":5.8813234158},{"country_iso":"ZWE","city_id":4023,"log_pop":0.1729003816,"log_mass":2.8566815225},{"country_iso":"ZWE","city_id":4023,"log_pop":3.3857995087,"log_mass":5.7332366894},{"country_iso":"ZWE","city_id":4023,"log_pop":1.075359114,"log_mass":3.6987529344},{"country_iso":"ZWE","city_id":4023,"log_pop":2.064341641,"log_mass":4.4731221211},{"country_iso":"ZWE","city_id":4236,"log_pop":3.8764064334,"log_mass":6.1771406402},{"country_iso":"ZWE","city_id":4236,"log_pop":3.1757731919,"log_mass":5.4732624791},{"country_iso":"ZWE","city_id":4236,"log_pop":2.8182207747,"log_mass":5.2342522958},{"country_iso":"ZWE","city_id":4236,"log_pop":1.6184061672,"log_mass":4.4143232274},{"country_iso":"ZWE","city_id":4236,"log_pop":2.9510867686,"log_mass":5.2540019993},{"country_iso":"ZWE","city_id":4236,"log_pop":2.8419555283,"log_mass":5.543222013},{"country_iso":"ZWE","city_id":4001,"log_pop":1.5956237636,"log_mass":4.420158872},{"country_iso":"ZWE","city_id":4001,"log_pop":1.3791017683,"log_mass":4.1554905138},{"country_iso":"ZWE","city_id":4001,"log_pop":3.236869606,"log_mass":5.6557212957},{"country_iso":"ZWE","city_id":4001,"log_pop":3.6289603128,"log_mass":6.0309965358},{"country_iso":"ZWE","city_id":4001,"log_pop":2.1582211516,"log_mass":4.9287336795},{"country_iso":"ZWE","city_id":4001,"log_pop":3.1970988863,"log_mass":5.4842702638},{"country_iso":"ZWE","city_id":4145,"log_pop":3.3590246265,"log_mass":5.8307349108},{"country_iso":"ZWE","city_id":4145,"log_pop":3.1036128646,"log_mass":5.4795149265},{"country_iso":"ZWE","city_id":4145,"log_pop":2.42610671,"log_mass":5.1233463539},{"country_iso":"ZWE","city_id":4145,"log_pop":2.9274441664,"log_mass":5.1503933378},{"country_iso":"ZWE","city_id":4145,"log_pop":3.5352938328,"log_mass":5.9234447674},{"country_iso":"ZWE","city_id":4145,"log_pop":2.0708876396,"log_mass":4.384613611},{"country_iso":"ZWE","city_id":4158,"log_pop":2.8024296153,"log_mass":5.6486418788},{"country_iso":"ZWE","city_id":4158,"log_pop":1.6645588874,"log_mass":4.190080248},{"country_iso":"ZWE","city_id":4158,"log_pop":0.7085533707,"log_mass":3.9275458679},{"country_iso":"ZWE","city_id":4158,"log_pop":-0.8373887557,"log_mass":3.21961978},{"country_iso":"ZWE","city_id":4158,"log_pop":2.6182347518,"log_mass":5.3213678959},{"country_iso":"ZWE","city_id":4084,"log_pop":2.6802654642,"log_mass":5.0285733417},{"country_iso":"ZWE","city_id":4084,"log_pop":3.1656858841,"log_mass":5.4706890983},{"country_iso":"ZWE","city_id":4084,"log_pop":3.1743883038,"log_mass":5.5494401314},{"country_iso":"ZWE","city_id":4084,"log_pop":2.7053707638,"log_mass":5.248536114},{"country_iso":"ZWE","city_id":4084,"log_pop":1.9330299103,"log_mass":4.2240482827},{"country_iso":"ZWE","city_id":4010,"log_pop":3.6832563483,"log_mass":6.0691278072},{"country_iso":"ZWE","city_id":4010,"log_pop":3.3261728184,"log_mass":5.6305588111},{"country_iso":"ZWE","city_id":4010,"log_pop":2.9634858626,"log_mass":5.5148624011},{"country_iso":"ZWE","city_id":4010,"log_pop":3.4982021843,"log_mass":5.8282522332},{"country_iso":"ZWE","city_id":4010,"log_pop":1.5416145369,"log_mass":4.0428965966},{"country_iso":"ZWE","city_id":4061,"log_pop":3.4816903709,"log_mass":5.530356652},{"country_iso":"ZWE","city_id":4061,"log_pop":3.087255626,"log_mass":5.2940488787},{"country_iso":"ZWE","city_id":4061,"log_pop":3.0348196169,"log_mass":5.3015500718},{"country_iso":"ZWE","city_id":4061,"log_pop":2.3949975469,"log_mass":4.5720021179},{"country_iso":"ZWE","city_id":4178,"log_pop":2.9606292927,"log_mass":5.6545953172},{"country_iso":"ZWE","city_id":4178,"log_pop":2.0006207345,"log_mass":4.828391813},{"country_iso":"ZWE","city_id":4178,"log_pop":1.4624824286,"log_mass":3.7015381844},{"country_iso":"ZWE","city_id":4178,"log_pop":2.734923163,"log_mass":5.5625759701},{"country_iso":"ZWE","city_id":4089,"log_pop":0.4006421674,"log_mass":3.5282442496},{"country_iso":"ZWE","city_id":4089,"log_pop":1.9469427028,"log_mass":5.3019705361},{"country_iso":"ZWE","city_id":4089,"log_pop":2.0767177133,"log_mass":5.211881909},{"country_iso":"ZWE","city_id":4021,"log_pop":3.0354808312,"log_mass":5.7649200643},{"country_iso":"ZWE","city_id":4021,"log_pop":1.7981694049,"log_mass":4.630260154},{"country_iso":"ZWE","city_id":4021,"log_pop":2.4629897827,"log_mass":5.3199409771},{"country_iso":"ZWE","city_id":4206,"log_pop":2.5581287417,"log_mass":5.6352379617},{"country_iso":"ZWE","city_id":4206,"log_pop":0.4673297313,"log_mass":3.3369530509},{"country_iso":"ZWE","city_id":4206,"log_pop":-0.2817795447,"log_mass":2.8768765032},{"country_iso":"ZWE","city_id":4036,"log_pop":1.5104808882,"log_mass":4.559572336},{"country_iso":"ZWE","city_id":4036,"log_pop":2.2232810312,"log_mass":5.3932564789},{"country_iso":"ZWE","city_id":4036,"log_pop":0.0282012969,"log_mass":3.0327556916},{"country_iso":"ZWE","city_id":4266,"log_pop":2.8912852008,"log_mass":5.4231196235},{"country_iso":"ZWE","city_id":4266,"log_pop":1.9729337001,"log_mass":4.6175440577},{"country_iso":"ZWE","city_id":4266,"log_pop":-0.32242514,"log_mass":3.4342720024},{"country_iso":"ZWE","city_id":3990,"log_pop":0.4677723251,"log_mass":3.6381988506},{"country_iso":"ZWE","city_id":3990,"log_pop":2.3228174166,"log_mass":5.4138503225},{"country_iso":"ZWE","city_id":4191,"log_pop":2.0396633109,"log_mass":5.1302164988},{"country_iso":"ZWE","city_id":4191,"log_pop":2.1941842708,"log_mass":5.5812078797},{"country_iso":"ZWE","city_id":3864,"log_pop":0.3426930438,"log_mass":3.6072029347}]