[{"country_iso":"MKD","city_id":3332,"log_pop":2.6260832639,"log_mass":5.560815614},{"country_iso":"MKD","city_id":3332,"log_pop":3.5216314981,"log_mass":6.1174210802},{"country_iso":"MKD","city_id":3332,"log_pop":3.6976313987,"log_mass":6.6828996964},{"country_iso":"MKD","city_id":3332,"log_pop":2.547927979,"log_mass":5.5343258106},{"country_iso":"MKD","city_id":3332,"log_pop":3.816515417,"log_mass":6.6679488066},{"country_iso":"MKD","city_id":3332,"log_pop":0.9648665676,"log_mass":3.5385916696},{"country_iso":"MKD","city_id":3332,"log_pop":3.0280738644,"log_mass":5.4813815683},{"country_iso":"MKD","city_id":3332,"log_pop":3.6459787399,"log_mass":6.1386338885},{"country_iso":"MKD","city_id":3332,"log_pop":0.6476766291,"log_mass":3.5337574494},{"country_iso":"MKD","city_id":3332,"log_pop":2.2583680634,"log_mass":5.1621579217},{"country_iso":"MKD","city_id":3332,"log_pop":3.1437823843,"log_mass":6.1359922966},{"country_iso":"MKD","city_id":3332,"log_pop":3.41672727,"log_mass":6.3768059107},{"country_iso":"MKD","city_id":3332,"log_pop":3.2649319585,"log_mass":5.6807352282},{"country_iso":"MKD","city_id":3332,"log_pop":4.1193056507,"log_mass":6.9056391356},{"country_iso":"MKD","city_id":3332,"log_pop":3.8130702607,"log_mass":6.7060114943},{"country_iso":"MKD","city_id":3332,"log_pop":3.5714949827,"log_mass":6.1492269984},{"country_iso":"MKD","city_id":3332,"log_pop":4.0305250787,"log_mass":6.7610766699},{"country_iso":"MKD","city_id":3332,"log_pop":3.7623439405,"log_mass":6.3599769813},{"country_iso":"MKD","city_id":3332,"log_pop":4.0224720489,"log_mass":6.5367956439},{"country_iso":"MKD","city_id":3332,"log_pop":3.8709144389,"log_mass":6.7597241486},{"country_iso":"MKD","city_id":3332,"log_pop":2.1690380318,"log_mass":5.1299753688},{"country_iso":"MKD","city_id":3332,"log_pop":1.5434546757,"log_mass":5.3326910547},{"country_iso":"MKD","city_id":3332,"log_pop":3.5165529959,"log_mass":6.0891367765},{"country_iso":"MKD","city_id":3332,"log_pop":3.6025898729,"log_mass":6.2254492988},{"country_iso":"MKD","city_id":3332,"log_pop":3.7543521618,"log_mass":6.5371775905},{"country_iso":"MKD","city_id":3332,"log_pop":1.72639401,"log_mass":4.876361841},{"country_iso":"MKD","city_id":3332,"log_pop":2.288308983,"log_mass":5.3031302226},{"country_iso":"MKD","city_id":3332,"log_pop":2.9603366755,"log_mass":5.8594371498},{"country_iso":"MKD","city_id":3332,"log_pop":0.0319149881,"log_mass":3.0892701488},{"country_iso":"MKD","city_id":3332,"log_pop":3.6901766864,"log_mass":6.4644813035},{"country_iso":"MKD","city_id":3332,"log_pop":3.506468896,"log_mass":6.2793918979},{"country_iso":"MKD","city_id":3332,"log_pop":3.5318528819,"log_mass":6.3442574213},{"country_iso":"MKD","city_id":3332,"log_pop":3.786037012,"log_mass":6.4434846165},{"country_iso":"MKD","city_id":3332,"log_pop":3.0386757725,"log_mass":5.8482896285},{"country_iso":"MKD","city_id":3332,"log_pop":2.4339809003,"log_mass":5.7055051833},{"country_iso":"MKD","city_id":3332,"log_pop":2.8132405134,"log_mass":5.538276747},{"country_iso":"MKD","city_id":3343,"log_pop":2.0235787439,"log_mass":5.0639629633},{"country_iso":"MKD","city_id":3343,"log_pop":2.7203780968,"log_mass":5.6391205445},{"country_iso":"MKD","city_id":3343,"log_pop":2.5706677953,"log_mass":5.6339324962},{"country_iso":"MKD","city_id":3343,"log_pop":3.0556551003,"log_mass":5.9381780833},{"country_iso":"MKD","city_id":3343,"log_pop":2.7777443425,"log_mass":5.7327181872},{"country_iso":"MKD","city_id":3343,"log_pop":3.5483373635,"log_mass":6.6264106167},{"country_iso":"MKD","city_id":3343,"log_pop":2.4644551149,"log_mass":5.3542610552},{"country_iso":"MKD","city_id":3343,"log_pop":2.4577388225,"log_mass":5.3887954183},{"country_iso":"MKD","city_id":3343,"log_pop":3.2867377015,"log_mass":6.2793008254},{"country_iso":"MKD","city_id":3343,"log_pop":2.2481031524,"log_mass":5.0481083234},{"country_iso":"MKD","city_id":3338,"log_pop":1.9209342632,"log_mass":5.1805399889},{"country_iso":"MKD","city_id":3338,"log_pop":3.2110451965,"log_mass":6.2956048424},{"country_iso":"MKD","city_id":3338,"log_pop":2.746560944,"log_mass":5.7789489174},{"country_iso":"MKD","city_id":3338,"log_pop":2.767579357,"log_mass":5.76478428},{"country_iso":"MKD","city_id":3338,"log_pop":1.7109319618,"log_mass":5.0153471974},{"country_iso":"MKD","city_id":3338,"log_pop":2.5173785012,"log_mass":5.5800057},{"country_iso":"MKD","city_id":3338,"log_pop":3.4377802186,"log_mass":6.6254437553},{"country_iso":"MKD","city_id":3338,"log_pop":1.5620093455,"log_mass":4.6003927181},{"country_iso":"MKD","city_id":3324,"log_pop":3.1594490959,"log_mass":6.1294498523},{"country_iso":"MKD","city_id":3324,"log_pop":2.6697731549,"log_mass":5.4893620732},{"country_iso":"MKD","city_id":3324,"log_pop":3.2268875095,"log_mass":6.1368152559},{"country_iso":"MKD","city_id":3324,"log_pop":2.5871906369,"log_mass":5.4498207203},{"country_iso":"MKD","city_id":3324,"log_pop":3.6238011499,"log_mass":6.6558091029},{"country_iso":"MKD","city_id":3324,"log_pop":2.5692763383,"log_mass":5.5049981165},{"country_iso":"MKD","city_id":3324,"log_pop":2.9773209765,"log_mass":5.8752240916},{"country_iso":"MKD","city_id":3324,"log_pop":0.5907981351,"log_mass":3.4818553429},{"country_iso":"MKD","city_id":3337,"log_pop":1.8381034536,"log_mass":4.239752497},{"country_iso":"MKD","city_id":3337,"log_pop":2.2530518092,"log_mass":5.3550900557},{"country_iso":"MKD","city_id":3337,"log_pop":3.0024994013,"log_mass":5.6345506574},{"country_iso":"MKD","city_id":3337,"log_pop":2.1819424023,"log_mass":4.7892150986},{"country_iso":"MKD","city_id":3337,"log_pop":3.7165624711,"log_mass":6.2927526518},{"country_iso":"MKD","city_id":3337,"log_pop":3.2438070209,"log_mass":5.7764653526},{"country_iso":"MKD","city_id":3337,"log_pop":2.8219975167,"log_mass":5.5885140881},{"country_iso":"MKD","city_id":3344,"log_pop":2.40655548,"log_mass":5.6170803024},{"country_iso":"MKD","city_id":3344,"log_pop":1.7428983085,"log_mass":5.0696200104},{"country_iso":"MKD","city_id":3344,"log_pop":2.7635819233,"log_mass":5.8929710197},{"country_iso":"MKD","city_id":3344,"log_pop":3.481041455,"log_mass":6.7421072454},{"country_iso":"MKD","city_id":3344,"log_pop":2.4305287849,"log_mass":5.6132218013},{"country_iso":"MKD","city_id":3344,"log_pop":2.6763008778,"log_mass":5.8377581393},{"country_iso":"MKD","city_id":3344,"log_pop":2.4588537893,"log_mass":5.5756681965},{"country_iso":"MKD","city_id":3321,"log_pop":3.0409854025,"log_mass":5.9969918715},{"country_iso":"MKD","city_id":3321,"log_pop":3.1800327368,"log_mass":6.1007285612},{"country_iso":"MKD","city_id":3321,"log_pop":2.4558530072,"log_mass":5.3012227053},{"country_iso":"MKD","city_id":3321,"log_pop":3.5627980609,"log_mass":6.5179857787},{"country_iso":"MKD","city_id":3321,"log_pop":2.0004239416,"log_mass":4.8017425582},{"country_iso":"MKD","city_id":3321,"log_pop":1.5183594071,"log_mass":4.3832519765},{"country_iso":"MKD","city_id":3321,"log_pop":0.8117663701,"log_mass":3.5489986412}]