[{"country_iso":"GRC","city_id":3420,"log_pop":3.0266774153,"log_mass":5.675274854},{"country_iso":"GRC","city_id":3420,"log_pop":1.5402695301,"log_mass":4.5522568413},{"country_iso":"GRC","city_id":3420,"log_pop":3.3107055194,"log_mass":5.9871477451},{"country_iso":"GRC","city_id":3420,"log_pop":3.2449555856,"log_mass":5.9479410709},{"country_iso":"GRC","city_id":3420,"log_pop":2.7221418121,"log_mass":5.465530289},{"country_iso":"GRC","city_id":3420,"log_pop":2.8741454156,"log_mass":5.3128187359},{"country_iso":"GRC","city_id":3420,"log_pop":4.5546614528,"log_mass":6.7820687818},{"country_iso":"GRC","city_id":3420,"log_pop":3.8358682397,"log_mass":6.3876812052},{"country_iso":"GRC","city_id":3420,"log_pop":4.0668446887,"log_mass":6.4717990632},{"country_iso":"GRC","city_id":3420,"log_pop":4.0422080161,"log_mass":6.5488682855},{"country_iso":"GRC","city_id":3420,"log_pop":4.5695522367,"log_mass":6.8386478792},{"country_iso":"GRC","city_id":3420,"log_pop":4.0549404274,"log_mass":6.413480765},{"country_iso":"GRC","city_id":3420,"log_pop":4.5933252552,"log_mass":6.8925788036},{"country_iso":"GRC","city_id":3420,"log_pop":2.5621866126,"log_mass":5.3974136391},{"country_iso":"GRC","city_id":3420,"log_pop":3.8364992142,"log_mass":6.3676872478},{"country_iso":"GRC","city_id":3420,"log_pop":3.0612621973,"log_mass":5.8705191846},{"country_iso":"GRC","city_id":3420,"log_pop":2.191687914,"log_mass":4.6378380092},{"country_iso":"GRC","city_id":3420,"log_pop":2.5768703403,"log_mass":5.2263424062},{"country_iso":"GRC","city_id":3420,"log_pop":3.4180753285,"log_mass":5.8437462043},{"country_iso":"GRC","city_id":3420,"log_pop":4.0143459239,"log_mass":6.5237622195},{"country_iso":"GRC","city_id":3420,"log_pop":3.6749500058,"log_mass":6.3341738177},{"country_iso":"GRC","city_id":3420,"log_pop":4.3162088299,"log_mass":6.819963841},{"country_iso":"GRC","city_id":3420,"log_pop":4.0928068587,"log_mass":6.6296810606},{"country_iso":"GRC","city_id":3420,"log_pop":3.3971961507,"log_mass":5.9578983954},{"country_iso":"GRC","city_id":3420,"log_pop":3.3455848494,"log_mass":6.0094259536},{"country_iso":"GRC","city_id":3420,"log_pop":4.0792562868,"log_mass":6.5414759185},{"country_iso":"GRC","city_id":3420,"log_pop":3.9593932404,"log_mass":6.4401040995},{"country_iso":"GRC","city_id":3420,"log_pop":1.3241634129,"log_mass":3.8037427116},{"country_iso":"GRC","city_id":3420,"log_pop":4.2509565266,"log_mass":6.7272049048},{"country_iso":"GRC","city_id":3420,"log_pop":4.3072015566,"log_mass":6.5431095511},{"country_iso":"GRC","city_id":3420,"log_pop":4.1821716254,"log_mass":6.5585261256},{"country_iso":"GRC","city_id":3420,"log_pop":3.0624899612,"log_mass":5.6051165124},{"country_iso":"GRC","city_id":3420,"log_pop":4.2148686367,"log_mass":6.5792112604},{"country_iso":"GRC","city_id":3420,"log_pop":1.5885601181,"log_mass":4.5057411409},{"country_iso":"GRC","city_id":3420,"log_pop":1.7979697541,"log_mass":5.135592362},{"country_iso":"GRC","city_id":3420,"log_pop":3.4955368222,"log_mass":6.0365981166},{"country_iso":"GRC","city_id":3420,"log_pop":4.0333792692,"log_mass":6.3905889531},{"country_iso":"GRC","city_id":3420,"log_pop":2.117290808,"log_mass":5.0400007325},{"country_iso":"GRC","city_id":3420,"log_pop":0.8594494642,"log_mass":4.1338198293},{"country_iso":"GRC","city_id":3420,"log_pop":3.8552336554,"log_mass":6.27589246},{"country_iso":"GRC","city_id":3420,"log_pop":2.6561475543,"log_mass":5.6637590691},{"country_iso":"GRC","city_id":3420,"log_pop":4.2868228487,"log_mass":6.6893463199},{"country_iso":"GRC","city_id":3420,"log_pop":2.555967771,"log_mass":5.3088472356},{"country_iso":"GRC","city_id":3420,"log_pop":3.8813013819,"log_mass":6.2292268249},{"country_iso":"GRC","city_id":3420,"log_pop":4.0127972728,"log_mass":6.6106237575},{"country_iso":"GRC","city_id":3420,"log_pop":3.9390321986,"log_mass":6.257252439},{"country_iso":"GRC","city_id":3420,"log_pop":4.3826181083,"log_mass":6.6963924526},{"country_iso":"GRC","city_id":3420,"log_pop":3.7196280314,"log_mass":6.3850300742},{"country_iso":"GRC","city_id":3420,"log_pop":4.5474176766,"log_mass":6.8345826371},{"country_iso":"GRC","city_id":3420,"log_pop":4.0718976819,"log_mass":6.3839641423},{"country_iso":"GRC","city_id":3420,"log_pop":3.7587939699,"log_mass":6.4115552446},{"country_iso":"GRC","city_id":3420,"log_pop":4.4052428884,"log_mass":6.8288843696},{"country_iso":"GRC","city_id":3420,"log_pop":0.7143401479,"log_mass":3.9708090418},{"country_iso":"GRC","city_id":3420,"log_pop":3.4679338226,"log_mass":6.0950668296},{"country_iso":"GRC","city_id":3420,"log_pop":3.9303565782,"log_mass":6.4557354364},{"country_iso":"GRC","city_id":3420,"log_pop":2.1329170207,"log_mass":5.4662401562},{"country_iso":"GRC","city_id":3420,"log_pop":4.9304281992,"log_mass":7.0492054146},{"country_iso":"GRC","city_id":3420,"log_pop":4.9695574528,"log_mass":7.2281349105},{"country_iso":"GRC","city_id":3420,"log_pop":4.70620111,"log_mass":6.9058388965},{"country_iso":"GRC","city_id":3420,"log_pop":4.9797423166,"log_mass":7.1748747183},{"country_iso":"GRC","city_id":3420,"log_pop":4.8645944363,"log_mass":6.9175620947},{"country_iso":"GRC","city_id":3420,"log_pop":4.8778493272,"log_mass":7.0550436256},{"country_iso":"GRC","city_id":3420,"log_pop":4.7718313836,"log_mass":6.8655273882},{"country_iso":"GRC","city_id":3420,"log_pop":4.7424174874,"log_mass":6.8776092386},{"country_iso":"GRC","city_id":3420,"log_pop":3.5735440914,"log_mass":5.7268871358},{"country_iso":"GRC","city_id":3420,"log_pop":4.7238475027,"log_mass":6.8474535762},{"country_iso":"GRC","city_id":3420,"log_pop":3.0840578713,"log_mass":5.4119539181},{"country_iso":"GRC","city_id":3420,"log_pop":4.7579043755,"log_mass":6.9878358792},{"country_iso":"GRC","city_id":3420,"log_pop":4.6568425435,"log_mass":6.8549284558},{"country_iso":"GRC","city_id":3420,"log_pop":4.8903691821,"log_mass":7.1330604081},{"country_iso":"GRC","city_id":3420,"log_pop":4.9683357688,"log_mass":6.92173799},{"country_iso":"GRC","city_id":3420,"log_pop":4.5081701424,"log_mass":6.9446385029},{"country_iso":"GRC","city_id":3420,"log_pop":4.538793611,"log_mass":6.7874193824},{"country_iso":"GRC","city_id":3420,"log_pop":4.753736183,"log_mass":6.8764015278},{"country_iso":"GRC","city_id":3420,"log_pop":4.5105493015,"log_mass":6.5925867738},{"country_iso":"GRC","city_id":3420,"log_pop":4.9085146233,"log_mass":6.9062128817},{"country_iso":"GRC","city_id":3420,"log_pop":4.6531498716,"log_mass":6.7926353377},{"country_iso":"GRC","city_id":3420,"log_pop":4.9750457694,"log_mass":7.1718850493},{"country_iso":"GRC","city_id":3420,"log_pop":4.850240778,"log_mass":6.9953193648},{"country_iso":"GRC","city_id":3420,"log_pop":4.5495481069,"log_mass":6.9346881392},{"country_iso":"GRC","city_id":3420,"log_pop":4.6870220792,"log_mass":6.957249492},{"country_iso":"GRC","city_id":3420,"log_pop":4.913503363,"log_mass":7.1764799098},{"country_iso":"GRC","city_id":3420,"log_pop":4.9720079273,"log_mass":7.1268662534},{"country_iso":"GRC","city_id":3420,"log_pop":4.772212691,"log_mass":7.0068170015},{"country_iso":"GRC","city_id":3420,"log_pop":3.8626210924,"log_mass":6.3555205008},{"country_iso":"GRC","city_id":3420,"log_pop":4.3900649443,"log_mass":6.7325199576},{"country_iso":"GRC","city_id":3420,"log_pop":4.5933438607,"log_mass":6.7183082007},{"country_iso":"GRC","city_id":3420,"log_pop":4.6988871352,"log_mass":6.8089121115},{"country_iso":"GRC","city_id":3420,"log_pop":3.527917275,"log_mass":6.0404311284},{"country_iso":"GRC","city_id":3420,"log_pop":4.2869160822,"log_mass":6.6918053449},{"country_iso":"GRC","city_id":3420,"log_pop":4.7921260628,"log_mass":6.9451954733},{"country_iso":"GRC","city_id":3420,"log_pop":4.5266613087,"log_mass":6.8892686889},{"country_iso":"GRC","city_id":3420,"log_pop":4.906347778,"log_mass":7.0095032511},{"country_iso":"GRC","city_id":3420,"log_pop":4.4398967921,"log_mass":6.8155156878},{"country_iso":"GRC","city_id":3420,"log_pop":4.5079456175,"log_mass":6.8381789286},{"country_iso":"GRC","city_id":3420,"log_pop":4.637240477,"log_mass":6.8449639829},{"country_iso":"GRC","city_id":3420,"log_pop":4.6864546239,"log_mass":6.8952541533},{"country_iso":"GRC","city_id":3420,"log_pop":2.8874940562,"log_mass":5.4971546988},{"country_iso":"GRC","city_id":3420,"log_pop":4.1713250047,"log_mass":6.5314888851},{"country_iso":"GRC","city_id":3420,"log_pop":4.0558096973,"log_mass":6.4651067117},{"country_iso":"GRC","city_id":3384,"log_pop":2.1905188167,"log_mass":5.2272211885},{"country_iso":"GRC","city_id":3384,"log_pop":3.4183910292,"log_mass":6.1729665201},{"country_iso":"GRC","city_id":3384,"log_pop":3.6224738955,"log_mass":6.4397941232},{"country_iso":"GRC","city_id":3384,"log_pop":4.3607776667,"log_mass":6.6811384659},{"country_iso":"GRC","city_id":3384,"log_pop":3.8861480709,"log_mass":6.474388934},{"country_iso":"GRC","city_id":3384,"log_pop":1.4896387103,"log_mass":4.5842975122},{"country_iso":"GRC","city_id":3384,"log_pop":4.8754795357,"log_mass":6.8565364941},{"country_iso":"GRC","city_id":3384,"log_pop":4.1179045881,"log_mass":6.3793647026},{"country_iso":"GRC","city_id":3384,"log_pop":3.8750900006,"log_mass":6.5662811102},{"country_iso":"GRC","city_id":3384,"log_pop":4.5676309835,"log_mass":6.7919641095},{"country_iso":"GRC","city_id":3384,"log_pop":2.8887366253,"log_mass":6.1496163421},{"country_iso":"GRC","city_id":3384,"log_pop":2.3648501266,"log_mass":5.8580876805},{"country_iso":"GRC","city_id":3384,"log_pop":3.7359803721,"log_mass":6.4107943121},{"country_iso":"GRC","city_id":3384,"log_pop":4.804250339,"log_mass":6.8469961302},{"country_iso":"GRC","city_id":3384,"log_pop":2.1354240308,"log_mass":4.8321520861},{"country_iso":"GRC","city_id":3384,"log_pop":4.1269314831,"log_mass":6.6860003163},{"country_iso":"GRC","city_id":3384,"log_pop":4.7811906249,"log_mass":6.8222512513},{"country_iso":"GRC","city_id":3384,"log_pop":3.2736467731,"log_mass":6.632504836},{"country_iso":"GRC","city_id":3384,"log_pop":2.8355363439,"log_mass":5.5686948237},{"country_iso":"GRC","city_id":3384,"log_pop":2.4066401149,"log_mass":5.4344765002},{"country_iso":"GRC","city_id":3384,"log_pop":3.9463336197,"log_mass":6.1691283663},{"country_iso":"GRC","city_id":3384,"log_pop":0.7577749787,"log_mass":4.9936742272},{"country_iso":"GRC","city_id":3384,"log_pop":3.6867977881,"log_mass":6.3522377177},{"country_iso":"GRC","city_id":3384,"log_pop":-0.5620479453,"log_mass":3.1140453428},{"country_iso":"GRC","city_id":3384,"log_pop":2.6036596687,"log_mass":5.4118268314},{"country_iso":"GRC","city_id":3384,"log_pop":4.6920129078,"log_mass":6.836400892},{"country_iso":"GRC","city_id":3384,"log_pop":3.0292908676,"log_mass":5.8036428475},{"country_iso":"GRC","city_id":3384,"log_pop":3.5229881629,"log_mass":5.9596876299},{"country_iso":"GRC","city_id":3384,"log_pop":4.8617459517,"log_mass":6.9073938911},{"country_iso":"GRC","city_id":3384,"log_pop":3.0893695039,"log_mass":5.7048648705},{"country_iso":"GRC","city_id":3384,"log_pop":4.836096166,"log_mass":6.9170543971},{"country_iso":"GRC","city_id":3384,"log_pop":4.4400413021,"log_mass":6.8141411912},{"country_iso":"GRC","city_id":3384,"log_pop":4.8609761432,"log_mass":6.9730144174},{"country_iso":"GRC","city_id":3384,"log_pop":2.5437639197,"log_mass":5.3150723689},{"country_iso":"GRC","city_id":3384,"log_pop":3.9165548306,"log_mass":6.1991376801},{"country_iso":"GRC","city_id":3384,"log_pop":2.465819204,"log_mass":5.1792656447},{"country_iso":"GRC","city_id":3384,"log_pop":4.3239281038,"log_mass":6.4310343306},{"country_iso":"GRC","city_id":3369,"log_pop":2.6536907339,"log_mass":5.2414241318},{"country_iso":"GRC","city_id":3369,"log_pop":3.5414665798,"log_mass":6.1029332167},{"country_iso":"GRC","city_id":3369,"log_pop":3.6176463745,"log_mass":6.1249132985},{"country_iso":"GRC","city_id":3369,"log_pop":3.8826461336,"log_mass":6.2043429716},{"country_iso":"GRC","city_id":3369,"log_pop":3.4864998004,"log_mass":6.0889100547},{"country_iso":"GRC","city_id":3369,"log_pop":3.5418180222,"log_mass":6.090836908},{"country_iso":"GRC","city_id":3369,"log_pop":2.7953866957,"log_mass":5.5771652201},{"country_iso":"GRC","city_id":3369,"log_pop":4.1796015507,"log_mass":6.4490218652},{"country_iso":"GRC","city_id":3369,"log_pop":2.1187988965,"log_mass":4.5332900441},{"country_iso":"GRC","city_id":3369,"log_pop":3.2507602957,"log_mass":5.6261278078},{"country_iso":"GRC","city_id":3369,"log_pop":0.9659842021,"log_mass":3.3920581918},{"country_iso":"GRC","city_id":3369,"log_pop":3.5584005052,"log_mass":6.0274369284},{"country_iso":"GRC","city_id":3369,"log_pop":4.2363646678,"log_mass":6.5005134164},{"country_iso":"GRC","city_id":3369,"log_pop":3.1004844402,"log_mass":5.7726597729},{"country_iso":"GRC","city_id":3369,"log_pop":4.1876613482,"log_mass":6.676369438},{"country_iso":"GRC","city_id":3369,"log_pop":1.0980888059,"log_mass":3.7192103571},{"country_iso":"GRC","city_id":3369,"log_pop":4.6855793184,"log_mass":6.9416316702},{"country_iso":"GRC","city_id":3477,"log_pop":2.0696008616,"log_mass":4.6872041575},{"country_iso":"GRC","city_id":3477,"log_pop":3.3169220377,"log_mass":5.707304062},{"country_iso":"GRC","city_id":3477,"log_pop":3.0357040078,"log_mass":5.7607215371},{"country_iso":"GRC","city_id":3477,"log_pop":3.8514032832,"log_mass":6.3196297276},{"country_iso":"GRC","city_id":3477,"log_pop":2.3979019439,"log_mass":5.5549764129},{"country_iso":"GRC","city_id":3477,"log_pop":4.5372927789,"log_mass":6.7035438646},{"country_iso":"GRC","city_id":3477,"log_pop":2.9183628521,"log_mass":5.4356892677},{"country_iso":"GRC","city_id":3477,"log_pop":3.7072205728,"log_mass":6.140326472},{"country_iso":"GRC","city_id":3477,"log_pop":3.4686404611,"log_mass":5.9212089781},{"country_iso":"GRC","city_id":3477,"log_pop":4.200779486,"log_mass":6.3134644141},{"country_iso":"GRC","city_id":3477,"log_pop":3.9177239429,"log_mass":6.360110984},{"country_iso":"GRC","city_id":3477,"log_pop":4.5926753013,"log_mass":6.7457611173},{"country_iso":"GRC","city_id":3477,"log_pop":1.095922943,"log_mass":3.8153272795},{"country_iso":"GRC","city_id":3477,"log_pop":0.0152728406,"log_mass":3.4957423607},{"country_iso":"GRC","city_id":3477,"log_pop":3.4782899994,"log_mass":5.9658790722},{"country_iso":"GRC","city_id":3393,"log_pop":1.2703970705,"log_mass":4.1603119369},{"country_iso":"GRC","city_id":3393,"log_pop":0.786138451,"log_mass":4.5599365746},{"country_iso":"GRC","city_id":3393,"log_pop":1.6276333254,"log_mass":5.0325366236},{"country_iso":"GRC","city_id":3393,"log_pop":2.7424788541,"log_mass":5.3093081922},{"country_iso":"GRC","city_id":3393,"log_pop":2.2758262944,"log_mass":5.0360225955},{"country_iso":"GRC","city_id":3393,"log_pop":-0.4370885389,"log_mass":4.0701549342},{"country_iso":"GRC","city_id":3393,"log_pop":3.0196096866,"log_mass":6.2834067423},{"country_iso":"GRC","city_id":3393,"log_pop":4.4707884868,"log_mass":6.684903578},{"country_iso":"GRC","city_id":3393,"log_pop":3.7280306084,"log_mass":6.0672327824},{"country_iso":"GRC","city_id":3393,"log_pop":4.2577060746,"log_mass":6.5186644951},{"country_iso":"GRC","city_id":3393,"log_pop":4.4665164504,"log_mass":6.6765979108},{"country_iso":"GRC","city_id":3393,"log_pop":2.4604589572,"log_mass":5.0342146273},{"country_iso":"GRC","city_id":3393,"log_pop":1.8457732392,"log_mass":4.9442251221},{"country_iso":"GRC","city_id":3393,"log_pop":3.7110487644,"log_mass":6.2763219179},{"country_iso":"GRC","city_id":3377,"log_pop":1.9248366439,"log_mass":4.6234811746},{"country_iso":"GRC","city_id":3377,"log_pop":2.2071395242,"log_mass":4.936259297},{"country_iso":"GRC","city_id":3377,"log_pop":2.9987709822,"log_mass":5.6130584001},{"country_iso":"GRC","city_id":3377,"log_pop":3.4819132463,"log_mass":5.7473793314},{"country_iso":"GRC","city_id":3377,"log_pop":4.1884245804,"log_mass":6.3462333346},{"country_iso":"GRC","city_id":3377,"log_pop":3.8156876568,"log_mass":6.1311997091},{"country_iso":"GRC","city_id":3377,"log_pop":2.4733729314,"log_mass":5.024389023},{"country_iso":"GRC","city_id":3377,"log_pop":4.4364391345,"log_mass":6.6180320356},{"country_iso":"GRC","city_id":3377,"log_pop":2.7817092527,"log_mass":5.4194467297},{"country_iso":"GRC","city_id":3377,"log_pop":3.3814630422,"log_mass":5.8330208656},{"country_iso":"GRC","city_id":3377,"log_pop":3.4563339647,"log_mass":5.9498223067},{"country_iso":"GRC","city_id":3377,"log_pop":4.5099306269,"log_mass":6.7453167801},{"country_iso":"GRC","city_id":3447,"log_pop":3.1951010267,"log_mass":5.8651753198},{"country_iso":"GRC","city_id":3447,"log_pop":0.6219848096,"log_mass":3.6304390311},{"country_iso":"GRC","city_id":3447,"log_pop":0.7168828425,"log_mass":3.807272448},{"country_iso":"GRC","city_id":3447,"log_pop":2.8405932388,"log_mass":5.6278752179},{"country_iso":"GRC","city_id":3447,"log_pop":4.4020697283,"log_mass":6.5275854309},{"country_iso":"GRC","city_id":3447,"log_pop":3.0213768002,"log_mass":5.4803208897},{"country_iso":"GRC","city_id":3447,"log_pop":3.963158388,"log_mass":6.295010248},{"country_iso":"GRC","city_id":3447,"log_pop":3.5529039181,"log_mass":6.0897240914},{"country_iso":"GRC","city_id":3447,"log_pop":1.9315729862,"log_mass":4.7089963099},{"country_iso":"GRC","city_id":3447,"log_pop":3.6207831575,"log_mass":5.9808080949},{"country_iso":"GRC","city_id":3447,"log_pop":1.6674002651,"log_mass":4.2879712141},{"country_iso":"GRC","city_id":3447,"log_pop":3.1697820013,"log_mass":5.6802202429},{"country_iso":"GRC","city_id":3416,"log_pop":3.9626990497,"log_mass":6.2024119209},{"country_iso":"GRC","city_id":3416,"log_pop":1.7971814143,"log_mass":5.800954239},{"country_iso":"GRC","city_id":3416,"log_pop":1.3957851326,"log_mass":4.3328722733},{"country_iso":"GRC","city_id":3416,"log_pop":3.3348472205,"log_mass":5.9447012823},{"country_iso":"GRC","city_id":3416,"log_pop":4.2850253771,"log_mass":6.5434994625},{"country_iso":"GRC","city_id":3416,"log_pop":3.7215479085,"log_mass":6.1603034067},{"country_iso":"GRC","city_id":3416,"log_pop":-0.4481599238,"log_mass":2.410724072},{"country_iso":"GRC","city_id":3416,"log_pop":0.9767722341,"log_mass":3.7639375277},{"country_iso":"GRC","city_id":3416,"log_pop":3.2471754587,"log_mass":5.5492918809},{"country_iso":"GRC","city_id":3416,"log_pop":3.1582266289,"log_mass":5.7594969358},{"country_iso":"GRC","city_id":3331,"log_pop":0.9985786061,"log_mass":4.1197081351},{"country_iso":"GRC","city_id":3331,"log_pop":2.121150062,"log_mass":4.9524683861},{"country_iso":"GRC","city_id":3331,"log_pop":3.6545718536,"log_mass":6.0006829564},{"country_iso":"GRC","city_id":3331,"log_pop":3.0815474778,"log_mass":5.4964179144},{"country_iso":"GRC","city_id":3331,"log_pop":2.8269696466,"log_mass":5.2448430688},{"country_iso":"GRC","city_id":3331,"log_pop":4.1881453776,"log_mass":6.1893888835},{"country_iso":"GRC","city_id":3331,"log_pop":4.1063623921,"log_mass":6.2685213805},{"country_iso":"GRC","city_id":3331,"log_pop":3.8281789376,"log_mass":6.1160329966},{"country_iso":"GRC","city_id":3331,"log_pop":3.8684794457,"log_mass":6.0199811877},{"country_iso":"GRC","city_id":3439,"log_pop":4.4158139302,"log_mass":6.6970575101},{"country_iso":"GRC","city_id":3439,"log_pop":3.3303381076,"log_mass":6.0462553562},{"country_iso":"GRC","city_id":3439,"log_pop":3.0035505373,"log_mass":5.2405732033},{"country_iso":"GRC","city_id":3439,"log_pop":2.0186469579,"log_mass":4.7152541148},{"country_iso":"GRC","city_id":3439,"log_pop":2.7994637473,"log_mass":5.1390071483},{"country_iso":"GRC","city_id":3439,"log_pop":3.6653287183,"log_mass":6.008563549},{"country_iso":"GRC","city_id":3439,"log_pop":3.1909306979,"log_mass":5.5784916488}]