[{"country_iso":"ESH","city_id":1486,"log_pop":3.6169640185,"log_mass":5.8001463664},{"country_iso":"ESH","city_id":1486,"log_pop":2.8037269141,"log_mass":5.2076876745},{"country_iso":"ESH","city_id":1486,"log_pop":3.3427618205,"log_mass":5.5152441165},{"country_iso":"ESH","city_id":1486,"log_pop":3.0503626328,"log_mass":5.3960938179},{"country_iso":"ESH","city_id":1486,"log_pop":-0.9737021862,"log_mass":2.9559124939},{"country_iso":"ESH","city_id":1486,"log_pop":3.4732891647,"log_mass":5.6147814119},{"country_iso":"ESH","city_id":1486,"log_pop":4.1389543521,"log_mass":6.3408509179},{"country_iso":"ESH","city_id":1486,"log_pop":3.3794177434,"log_mass":5.6029564325},{"country_iso":"ESH","city_id":1503,"log_pop":2.1551667532,"log_mass":4.9762670844},{"country_iso":"ESH","city_id":1503,"log_pop":2.3604501973,"log_mass":5.0328543717}]