[{"country_iso":"PRY","city_id":1074,"log_pop":4.0083797491,"log_mass":6.246028515},{"country_iso":"PRY","city_id":1074,"log_pop":4.1094612344,"log_mass":6.4173930935},{"country_iso":"PRY","city_id":1074,"log_pop":4.0680540299,"log_mass":6.3684922261},{"country_iso":"PRY","city_id":1074,"log_pop":3.5838792941,"log_mass":5.8730370542},{"country_iso":"PRY","city_id":1074,"log_pop":4.3699800687,"log_mass":6.4424209052},{"country_iso":"PRY","city_id":1074,"log_pop":4.3346979065,"log_mass":6.5210352728},{"country_iso":"PRY","city_id":1074,"log_pop":4.2287376893,"log_mass":6.3504497463},{"country_iso":"PRY","city_id":1074,"log_pop":3.6506350328,"log_mass":5.9196754113},{"country_iso":"PRY","city_id":1074,"log_pop":2.1381143051,"log_mass":4.3094434053},{"country_iso":"PRY","city_id":1074,"log_pop":4.0988569627,"log_mass":6.3201128211},{"country_iso":"PRY","city_id":1074,"log_pop":3.6239254733,"log_mass":5.9784551566},{"country_iso":"PRY","city_id":1074,"log_pop":4.0487035135,"log_mass":6.3417362313},{"country_iso":"PRY","city_id":1074,"log_pop":3.8921446591,"log_mass":6.2282374713},{"country_iso":"PRY","city_id":1074,"log_pop":3.9444315252,"log_mass":6.2426550109},{"country_iso":"PRY","city_id":1074,"log_pop":3.6523744992,"log_mass":5.8481956226},{"country_iso":"PRY","city_id":1074,"log_pop":4.211589247,"log_mass":6.4677595335},{"country_iso":"PRY","city_id":1074,"log_pop":2.1960468176,"log_mass":4.2865157177},{"country_iso":"PRY","city_id":1074,"log_pop":3.5582388067,"log_mass":5.7334837178},{"country_iso":"PRY","city_id":1074,"log_pop":3.092508133,"log_mass":5.2767747373},{"country_iso":"PRY","city_id":1074,"log_pop":3.956378952,"log_mass":6.1454935581},{"country_iso":"PRY","city_id":1074,"log_pop":3.3533087317,"log_mass":5.7209247243},{"country_iso":"PRY","city_id":1074,"log_pop":3.998192613,"log_mass":6.296453829},{"country_iso":"PRY","city_id":1074,"log_pop":2.7945642982,"log_mass":5.1585528927},{"country_iso":"PRY","city_id":1074,"log_pop":3.3356231349,"log_mass":5.6595402104},{"country_iso":"PRY","city_id":1074,"log_pop":3.9707036375,"log_mass":6.2081121513},{"country_iso":"PRY","city_id":1074,"log_pop":3.7129904685,"log_mass":6.0573617612},{"country_iso":"PRY","city_id":1074,"log_pop":3.6967709848,"log_mass":5.8970018921},{"country_iso":"PRY","city_id":1074,"log_pop":4.522287937,"log_mass":6.5941552884},{"country_iso":"PRY","city_id":1074,"log_pop":4.4890203273,"log_mass":6.6214944431},{"country_iso":"PRY","city_id":1074,"log_pop":4.2762578159,"log_mass":6.4158720824},{"country_iso":"PRY","city_id":1074,"log_pop":4.4958110793,"log_mass":6.5848681532},{"country_iso":"PRY","city_id":1074,"log_pop":4.3470607525,"log_mass":6.4853455701},{"country_iso":"PRY","city_id":1074,"log_pop":4.4362957181,"log_mass":6.613048038},{"country_iso":"PRY","city_id":1074,"log_pop":4.0777428627,"log_mass":6.3281988113},{"country_iso":"PRY","city_id":1074,"log_pop":4.3543157147,"log_mass":6.5890332117},{"country_iso":"PRY","city_id":1074,"log_pop":4.1375579495,"log_mass":6.4480416349},{"country_iso":"PRY","city_id":1074,"log_pop":4.2717432008,"log_mass":6.5913357519},{"country_iso":"PRY","city_id":1074,"log_pop":4.2208688942,"log_mass":6.5686614107},{"country_iso":"PRY","city_id":1074,"log_pop":4.4233357274,"log_mass":6.6251873089},{"country_iso":"PRY","city_id":1074,"log_pop":4.4051022615,"log_mass":6.6551688646},{"country_iso":"PRY","city_id":1074,"log_pop":4.4284237871,"log_mass":6.6298990543},{"country_iso":"PRY","city_id":1074,"log_pop":4.1016390616,"log_mass":6.3318883729},{"country_iso":"PRY","city_id":1074,"log_pop":4.145102398,"log_mass":6.3375965001},{"country_iso":"PRY","city_id":1074,"log_pop":2.6496321066,"log_mass":4.9187862479},{"country_iso":"PRY","city_id":1074,"log_pop":3.935323833,"log_mass":6.1476303193},{"country_iso":"PRY","city_id":1074,"log_pop":4.2253927602,"log_mass":6.4575876138},{"country_iso":"PRY","city_id":1074,"log_pop":4.1815229446,"log_mass":6.4170844442},{"country_iso":"PRY","city_id":1074,"log_pop":3.8950627538,"log_mass":6.0991183834},{"country_iso":"PRY","city_id":1074,"log_pop":2.8349345809,"log_mass":5.3402970749},{"country_iso":"PRY","city_id":1074,"log_pop":1.7566938405,"log_mass":4.0847496637},{"country_iso":"PRY","city_id":1074,"log_pop":3.1066610795,"log_mass":5.3337975279},{"country_iso":"PRY","city_id":1074,"log_pop":2.0143368287,"log_mass":4.401787345},{"country_iso":"PRY","city_id":1074,"log_pop":3.3483323534,"log_mass":5.6372075077},{"country_iso":"PRY","city_id":1074,"log_pop":2.3154872992,"log_mass":4.756381685},{"country_iso":"PRY","city_id":1074,"log_pop":2.6801104439,"log_mass":5.2219988695},{"country_iso":"PRY","city_id":1074,"log_pop":3.5865758175,"log_mass":5.7456694332},{"country_iso":"PRY","city_id":1074,"log_pop":3.3752151675,"log_mass":5.648556918},{"country_iso":"PRY","city_id":1074,"log_pop":3.8203323084,"log_mass":6.0428562005},{"country_iso":"PRY","city_id":1074,"log_pop":4.0867381394,"log_mass":6.3476674915},{"country_iso":"PRY","city_id":1074,"log_pop":3.4426253913,"log_mass":5.7293993571},{"country_iso":"PRY","city_id":1074,"log_pop":2.7088679643,"log_mass":5.0299057178},{"country_iso":"PRY","city_id":1074,"log_pop":3.333147848,"log_mass":5.5468509203},{"country_iso":"PRY","city_id":1074,"log_pop":3.7281261804,"log_mass":6.0206438491},{"country_iso":"PRY","city_id":1074,"log_pop":0.8998243655,"log_mass":3.8246126099},{"country_iso":"PRY","city_id":1074,"log_pop":3.582130339,"log_mass":5.8474932376},{"country_iso":"PRY","city_id":1074,"log_pop":3.7524969308,"log_mass":5.97631428},{"country_iso":"PRY","city_id":1074,"log_pop":3.789142189,"log_mass":6.1633782598},{"country_iso":"PRY","city_id":1074,"log_pop":3.3447561944,"log_mass":5.5254536958},{"country_iso":"PRY","city_id":1074,"log_pop":3.9477683538,"log_mass":6.1296898641},{"country_iso":"PRY","city_id":1074,"log_pop":3.2305891218,"log_mass":5.7674967015},{"country_iso":"PRY","city_id":1074,"log_pop":3.3250300055,"log_mass":5.8304151965},{"country_iso":"PRY","city_id":1074,"log_pop":2.7599740489,"log_mass":5.1937016883},{"country_iso":"PRY","city_id":1074,"log_pop":3.8950390363,"log_mass":6.1968365024},{"country_iso":"PRY","city_id":1074,"log_pop":4.0636441225,"log_mass":6.3737121887},{"country_iso":"PRY","city_id":1074,"log_pop":4.2435306273,"log_mass":6.3704793472},{"country_iso":"PRY","city_id":1074,"log_pop":4.2066078265,"log_mass":6.4629103141},{"country_iso":"PRY","city_id":1074,"log_pop":3.4167579497,"log_mass":5.7542090102},{"country_iso":"PRY","city_id":1074,"log_pop":3.5998066279,"log_mass":5.8806680789},{"country_iso":"PRY","city_id":1074,"log_pop":4.0173050115,"log_mass":6.2859172632},{"country_iso":"PRY","city_id":1074,"log_pop":3.0363733279,"log_mass":5.2873440066},{"country_iso":"PRY","city_id":1074,"log_pop":3.7410964453,"log_mass":5.9667791605},{"country_iso":"PRY","city_id":1074,"log_pop":4.1481757763,"log_mass":6.3223068219},{"country_iso":"PRY","city_id":1074,"log_pop":4.170039716,"log_mass":6.2848954869},{"country_iso":"PRY","city_id":1074,"log_pop":4.2289180968,"log_mass":6.3690228345},{"country_iso":"PRY","city_id":1074,"log_pop":4.2552562403,"log_mass":6.4560603633},{"country_iso":"PRY","city_id":1074,"log_pop":4.0212269314,"log_mass":6.0846168255},{"country_iso":"PRY","city_id":1074,"log_pop":4.0288741572,"log_mass":6.0622116043},{"country_iso":"PRY","city_id":1074,"log_pop":4.021071542,"log_mass":6.255383809},{"country_iso":"PRY","city_id":1074,"log_pop":0.6531825264,"log_mass":3.7049303401},{"country_iso":"PRY","city_id":1074,"log_pop":3.1826206704,"log_mass":5.5762874582},{"country_iso":"PRY","city_id":1074,"log_pop":2.473649721,"log_mass":5.0205606631},{"country_iso":"PRY","city_id":1074,"log_pop":3.3254524237,"log_mass":5.687512348},{"country_iso":"PRY","city_id":1074,"log_pop":3.0002549275,"log_mass":5.4095493741},{"country_iso":"PRY","city_id":1074,"log_pop":2.3646027421,"log_mass":5.0654808937},{"country_iso":"PRY","city_id":1074,"log_pop":3.1435613747,"log_mass":5.4963312034},{"country_iso":"PRY","city_id":1074,"log_pop":2.8755868033,"log_mass":5.276978672},{"country_iso":"PRY","city_id":1074,"log_pop":2.6947700137,"log_mass":5.2913660593},{"country_iso":"PRY","city_id":1074,"log_pop":4.4276404993,"log_mass":6.5103691142},{"country_iso":"PRY","city_id":1074,"log_pop":4.3010377903,"log_mass":6.5484427052},{"country_iso":"PRY","city_id":1074,"log_pop":4.4480487938,"log_mass":6.6145916688},{"country_iso":"PRY","city_id":1074,"log_pop":4.4726006235,"log_mass":6.6317128203},{"country_iso":"PRY","city_id":1074,"log_pop":4.4122495032,"log_mass":6.566453104},{"country_iso":"PRY","city_id":1074,"log_pop":4.2235082619,"log_mass":6.4096568751},{"country_iso":"PRY","city_id":1074,"log_pop":4.3862050192,"log_mass":6.5947448832},{"country_iso":"PRY","city_id":1074,"log_pop":4.3737808571,"log_mass":6.6837880731},{"country_iso":"PRY","city_id":1074,"log_pop":3.4237270333,"log_mass":5.7299091207},{"country_iso":"PRY","city_id":1074,"log_pop":4.24983853,"log_mass":6.6732209854},{"country_iso":"PRY","city_id":1074,"log_pop":3.5861253421,"log_mass":5.8427232334},{"country_iso":"PRY","city_id":1074,"log_pop":4.045807032,"log_mass":6.2901430429},{"country_iso":"PRY","city_id":1074,"log_pop":3.7437373012,"log_mass":6.0235112986},{"country_iso":"PRY","city_id":1074,"log_pop":4.428395229,"log_mass":6.678280285},{"country_iso":"PRY","city_id":1074,"log_pop":3.9399404145,"log_mass":6.1804936281},{"country_iso":"PRY","city_id":1074,"log_pop":3.7378014307,"log_mass":6.0446244167},{"country_iso":"PRY","city_id":1074,"log_pop":1.0114072644,"log_mass":3.3243319153},{"country_iso":"PRY","city_id":1074,"log_pop":2.2278770321,"log_mass":4.7136182494},{"country_iso":"PRY","city_id":1074,"log_pop":3.6638338937,"log_mass":5.808613777},{"country_iso":"PRY","city_id":1074,"log_pop":3.4355566909,"log_mass":5.5976278507},{"country_iso":"PRY","city_id":1074,"log_pop":3.5409962561,"log_mass":5.7770808766},{"country_iso":"PRY","city_id":1074,"log_pop":3.7451973335,"log_mass":5.9357558976},{"country_iso":"PRY","city_id":1074,"log_pop":3.5291340708,"log_mass":5.6889769402},{"country_iso":"PRY","city_id":1074,"log_pop":4.0969711578,"log_mass":6.2914838222},{"country_iso":"PRY","city_id":1074,"log_pop":3.9597070802,"log_mass":6.1780163022},{"country_iso":"PRY","city_id":1074,"log_pop":4.1779332756,"log_mass":6.3969437566},{"country_iso":"PRY","city_id":1074,"log_pop":3.313824582,"log_mass":5.5799218136},{"country_iso":"PRY","city_id":1074,"log_pop":4.0133722518,"log_mass":6.2194486935},{"country_iso":"PRY","city_id":1074,"log_pop":3.3785839913,"log_mass":5.6229665347},{"country_iso":"PRY","city_id":1118,"log_pop":1.8704264755,"log_mass":3.7036018353},{"country_iso":"PRY","city_id":1118,"log_pop":2.2792646647,"log_mass":4.6102807193},{"country_iso":"PRY","city_id":1118,"log_pop":3.9429342332,"log_mass":6.1837420603},{"country_iso":"PRY","city_id":1118,"log_pop":2.9550212242,"log_mass":5.3141396494},{"country_iso":"PRY","city_id":1118,"log_pop":4.0976257953,"log_mass":6.29415506},{"country_iso":"PRY","city_id":1118,"log_pop":3.3445566018,"log_mass":5.6039704047},{"country_iso":"PRY","city_id":1118,"log_pop":2.0653041705,"log_mass":4.3111342255},{"country_iso":"PRY","city_id":1118,"log_pop":2.6649838229,"log_mass":4.8992599403},{"country_iso":"PRY","city_id":1118,"log_pop":2.8458633464,"log_mass":5.5988778356},{"country_iso":"PRY","city_id":1118,"log_pop":4.0880875754,"log_mass":6.2675152711},{"country_iso":"PRY","city_id":1118,"log_pop":3.6369698877,"log_mass":5.9789623079},{"country_iso":"PRY","city_id":1118,"log_pop":3.3160019456,"log_mass":5.4656883162},{"country_iso":"PRY","city_id":1118,"log_pop":2.124175384,"log_mass":4.8521525392},{"country_iso":"PRY","city_id":1118,"log_pop":3.374033346,"log_mass":6.0378330413},{"country_iso":"PRY","city_id":1118,"log_pop":2.9195506035,"log_mass":5.607921352},{"country_iso":"PRY","city_id":1118,"log_pop":4.226239727,"log_mass":6.437522935},{"country_iso":"PRY","city_id":1118,"log_pop":4.2423779457,"log_mass":6.4013203182},{"country_iso":"PRY","city_id":1118,"log_pop":4.0468044223,"log_mass":6.4385277578},{"country_iso":"PRY","city_id":1118,"log_pop":3.945796313,"log_mass":6.1570869354},{"country_iso":"PRY","city_id":1118,"log_pop":4.1531691486,"log_mass":6.3796663433},{"country_iso":"PRY","city_id":1118,"log_pop":4.2323322966,"log_mass":6.4055609446},{"country_iso":"PRY","city_id":1118,"log_pop":4.1912867775,"log_mass":6.4293864831},{"country_iso":"PRY","city_id":1118,"log_pop":2.8969214424,"log_mass":5.2323876571},{"country_iso":"PRY","city_id":1118,"log_pop":1.516866021,"log_mass":4.194486657},{"country_iso":"PRY","city_id":1118,"log_pop":3.2485043291,"log_mass":5.3530257131},{"country_iso":"PRY","city_id":1118,"log_pop":2.2871165639,"log_mass":4.8160441033},{"country_iso":"PRY","city_id":1118,"log_pop":2.7280115921,"log_mass":5.0925771568},{"country_iso":"PRY","city_id":1118,"log_pop":3.7221080888,"log_mass":6.0609487742},{"country_iso":"PRY","city_id":1118,"log_pop":3.3189320385,"log_mass":5.6586178085},{"country_iso":"PRY","city_id":1118,"log_pop":1.9749509006,"log_mass":4.6992932496},{"country_iso":"PRY","city_id":1118,"log_pop":-0.4367388169,"log_mass":3.7645593137},{"country_iso":"PRY","city_id":1118,"log_pop":2.8819359569,"log_mass":5.2965137092},{"country_iso":"PRY","city_id":1118,"log_pop":4.22278122,"log_mass":6.4800993437},{"country_iso":"PRY","city_id":1118,"log_pop":4.1290701968,"log_mass":6.3404476185},{"country_iso":"PRY","city_id":1118,"log_pop":3.2331161783,"log_mass":5.7261459588},{"country_iso":"PRY","city_id":1118,"log_pop":3.6314287974,"log_mass":6.2370294449},{"country_iso":"PRY","city_id":1118,"log_pop":3.0513327313,"log_mass":5.5509502165},{"country_iso":"PRY","city_id":1118,"log_pop":3.9143670895,"log_mass":6.3523382668},{"country_iso":"PRY","city_id":1118,"log_pop":3.9578179227,"log_mass":6.2602185072},{"country_iso":"PRY","city_id":1118,"log_pop":3.8762437801,"log_mass":6.332988728},{"country_iso":"PRY","city_id":1118,"log_pop":3.7672321188,"log_mass":6.3348976777},{"country_iso":"PRY","city_id":1118,"log_pop":3.9953986153,"log_mass":6.3708206954},{"country_iso":"PRY","city_id":1118,"log_pop":2.4949477968,"log_mass":5.289244971},{"country_iso":"PRY","city_id":1118,"log_pop":3.6848300683,"log_mass":6.0263315978},{"country_iso":"PRY","city_id":1118,"log_pop":0.2240371983,"log_mass":3.5628978706},{"country_iso":"PRY","city_id":1118,"log_pop":4.0181368432,"log_mass":6.2118856237},{"country_iso":"PRY","city_id":1118,"log_pop":0.3102150575,"log_mass":4.4153349064},{"country_iso":"PRY","city_id":1118,"log_pop":4.2119589689,"log_mass":6.4243950878},{"country_iso":"PRY","city_id":1118,"log_pop":3.4920081808,"log_mass":5.8004231978},{"country_iso":"PRY","city_id":1118,"log_pop":3.3008418346,"log_mass":5.3550500819},{"country_iso":"PRY","city_id":1118,"log_pop":3.7513051979,"log_mass":6.0317153525},{"country_iso":"PRY","city_id":1118,"log_pop":4.0792541043,"log_mass":6.4144545446},{"country_iso":"PRY","city_id":1118,"log_pop":4.1322515078,"log_mass":6.5416239563},{"country_iso":"PRY","city_id":1118,"log_pop":4.0519917867,"log_mass":6.3474560049},{"country_iso":"PRY","city_id":1118,"log_pop":3.4548184119,"log_mass":5.6108843599},{"country_iso":"PRY","city_id":1118,"log_pop":3.8042717264,"log_mass":6.2065304824},{"country_iso":"PRY","city_id":1118,"log_pop":4.1110559312,"log_mass":6.287183846},{"country_iso":"PRY","city_id":1079,"log_pop":2.303802472,"log_mass":4.8721025674},{"country_iso":"PRY","city_id":1079,"log_pop":2.2816374732,"log_mass":4.7192505851},{"country_iso":"PRY","city_id":1079,"log_pop":3.3960601582,"log_mass":5.7334839851},{"country_iso":"PRY","city_id":1079,"log_pop":3.3975102096,"log_mass":5.7968881946},{"country_iso":"PRY","city_id":1079,"log_pop":3.0022579092,"log_mass":5.3462588541},{"country_iso":"PRY","city_id":1079,"log_pop":1.3201824273,"log_mass":4.052188301},{"country_iso":"PRY","city_id":1079,"log_pop":0.1517342477,"log_mass":2.7207349196},{"country_iso":"PRY","city_id":1079,"log_pop":2.3492675697,"log_mass":4.7935213871},{"country_iso":"PRY","city_id":1079,"log_pop":3.7528212248,"log_mass":6.1029533674},{"country_iso":"PRY","city_id":1090,"log_pop":2.3841614143,"log_mass":4.8526155982},{"country_iso":"PRY","city_id":1090,"log_pop":2.6187853814,"log_mass":5.0846997407},{"country_iso":"PRY","city_id":1090,"log_pop":3.8907900461,"log_mass":6.33330443},{"country_iso":"PRY","city_id":1090,"log_pop":2.0717082069,"log_mass":4.6186306878},{"country_iso":"PRY","city_id":1090,"log_pop":2.369404623,"log_mass":4.9228488195},{"country_iso":"PRY","city_id":1090,"log_pop":3.7893840259,"log_mass":6.1585011625},{"country_iso":"PRY","city_id":1090,"log_pop":0.6791365205,"log_mass":3.7101208565},{"country_iso":"PRY","city_id":1090,"log_pop":2.080012068,"log_mass":4.8878858341},{"country_iso":"PRY","city_id":1090,"log_pop":3.6695966376,"log_mass":6.0123118487},{"country_iso":"PRY","city_id":1108,"log_pop":2.4265527467,"log_mass":4.7779691091},{"country_iso":"PRY","city_id":1108,"log_pop":2.7822829867,"log_mass":5.1162224697},{"country_iso":"PRY","city_id":1108,"log_pop":0.9639248427,"log_mass":3.1967703775},{"country_iso":"PRY","city_id":1108,"log_pop":3.7133777055,"log_mass":6.1396763966},{"country_iso":"PRY","city_id":1108,"log_pop":3.5830968183,"log_mass":6.0489058139},{"country_iso":"PRY","city_id":1108,"log_pop":3.8232730005,"log_mass":6.3087141619},{"country_iso":"PRY","city_id":1108,"log_pop":3.7316228408,"log_mass":6.2115724187},{"country_iso":"PRY","city_id":1108,"log_pop":2.9863626083,"log_mass":5.3376296216},{"country_iso":"PRY","city_id":1086,"log_pop":3.2446775057,"log_mass":5.5622994114},{"country_iso":"PRY","city_id":1086,"log_pop":1.7655286376,"log_mass":4.8510827865},{"country_iso":"PRY","city_id":1086,"log_pop":2.1528780766,"log_mass":4.6185209065},{"country_iso":"PRY","city_id":1086,"log_pop":3.9350973535,"log_mass":6.3429651602},{"country_iso":"PRY","city_id":1086,"log_pop":3.097005171,"log_mass":5.632971321},{"country_iso":"PRY","city_id":1086,"log_pop":2.3757522686,"log_mass":4.9090584349},{"country_iso":"PRY","city_id":1086,"log_pop":2.7935045692,"log_mass":5.2369523943},{"country_iso":"PRY","city_id":1086,"log_pop":3.7770647102,"log_mass":6.1771691743},{"country_iso":"PRY","city_id":1088,"log_pop":2.7328543681,"log_mass":5.250309992},{"country_iso":"PRY","city_id":1088,"log_pop":0.7143337844,"log_mass":3.5631120348},{"country_iso":"PRY","city_id":1088,"log_pop":3.3510639947,"log_mass":5.6101421657},{"country_iso":"PRY","city_id":1088,"log_pop":3.9685338605,"log_mass":6.2565746713},{"country_iso":"PRY","city_id":1088,"log_pop":0.5571120067,"log_mass":2.9988173279},{"country_iso":"PRY","city_id":1088,"log_pop":3.773847107,"log_mass":6.1443051634},{"country_iso":"PRY","city_id":1088,"log_pop":2.6194451783,"log_mass":5.0335639267},{"country_iso":"PRY","city_id":1072,"log_pop":3.5168205097,"log_mass":5.9608330182},{"country_iso":"PRY","city_id":1072,"log_pop":2.6827284958,"log_mass":5.1123207716},{"country_iso":"PRY","city_id":1072,"log_pop":3.3891971816,"log_mass":5.6645265793},{"country_iso":"PRY","city_id":1072,"log_pop":3.70135507,"log_mass":6.0457452541},{"country_iso":"PRY","city_id":1072,"log_pop":2.2606648913,"log_mass":4.5051229883},{"country_iso":"PRY","city_id":1075,"log_pop":3.4983262519,"log_mass":5.7964936806},{"country_iso":"PRY","city_id":1075,"log_pop":2.3476952916,"log_mass":4.6804165236},{"country_iso":"PRY","city_id":1075,"log_pop":1.5366633507,"log_mass":4.0799245611}]