[{"country_iso":"BEN","city_id":2078,"log_pop":3.6816877251,"log_mass":6.0029230766},{"country_iso":"BEN","city_id":2078,"log_pop":3.4323152627,"log_mass":5.8575654936},{"country_iso":"BEN","city_id":2078,"log_pop":4.164933321,"log_mass":6.3545118594},{"country_iso":"BEN","city_id":2078,"log_pop":3.9636122473,"log_mass":6.29803469},{"country_iso":"BEN","city_id":2078,"log_pop":1.5865402105,"log_mass":4.2533388267},{"country_iso":"BEN","city_id":2078,"log_pop":3.8673879121,"log_mass":6.1695129841},{"country_iso":"BEN","city_id":2078,"log_pop":3.3649647192,"log_mass":5.6675466257},{"country_iso":"BEN","city_id":2078,"log_pop":3.1469553258,"log_mass":5.4037466717},{"country_iso":"BEN","city_id":2078,"log_pop":3.6195864896,"log_mass":5.9852124189},{"country_iso":"BEN","city_id":2078,"log_pop":3.6731976904,"log_mass":6.0803301924},{"country_iso":"BEN","city_id":2078,"log_pop":3.899365587,"log_mass":6.2325673315},{"country_iso":"BEN","city_id":2078,"log_pop":3.5701574159,"log_mass":5.3568064651},{"country_iso":"BEN","city_id":2078,"log_pop":1.1472264482,"log_mass":4.3405846551},{"country_iso":"BEN","city_id":2078,"log_pop":4.8172120585,"log_mass":6.4717846928},{"country_iso":"BEN","city_id":2078,"log_pop":4.5888061921,"log_mass":6.3138317257},{"country_iso":"BEN","city_id":2078,"log_pop":4.101784924,"log_mass":5.7845118627},{"country_iso":"BEN","city_id":2078,"log_pop":1.4758811681,"log_mass":4.1003782445},{"country_iso":"BEN","city_id":2078,"log_pop":1.9054472429,"log_mass":4.4800168108},{"country_iso":"BEN","city_id":2078,"log_pop":3.3542074053,"log_mass":5.8328608872},{"country_iso":"BEN","city_id":2078,"log_pop":3.3298046315,"log_mass":5.6557030276},{"country_iso":"BEN","city_id":2078,"log_pop":3.576264967,"log_mass":5.8337393352},{"country_iso":"BEN","city_id":2078,"log_pop":2.5270980938,"log_mass":4.7804536385},{"country_iso":"BEN","city_id":2078,"log_pop":4.3403692764,"log_mass":6.3336422997},{"country_iso":"BEN","city_id":2078,"log_pop":4.3117453177,"log_mass":6.3926284451},{"country_iso":"BEN","city_id":2078,"log_pop":2.910118066,"log_mass":5.1084869271},{"country_iso":"BEN","city_id":2078,"log_pop":3.2929687108,"log_mass":5.6625579165},{"country_iso":"BEN","city_id":2078,"log_pop":3.2820351283,"log_mass":5.6772372949},{"country_iso":"BEN","city_id":2078,"log_pop":3.6399181144,"log_mass":5.9415181685},{"country_iso":"BEN","city_id":2078,"log_pop":2.409733943,"log_mass":4.7452320452},{"country_iso":"BEN","city_id":2078,"log_pop":1.8391847166,"log_mass":4.0730794574},{"country_iso":"BEN","city_id":2078,"log_pop":3.0189370439,"log_mass":5.5486061544},{"country_iso":"BEN","city_id":2078,"log_pop":0.6620915866,"log_mass":3.344877059},{"country_iso":"BEN","city_id":2078,"log_pop":3.5312705325,"log_mass":5.8447475974},{"country_iso":"BEN","city_id":2078,"log_pop":3.5719018256,"log_mass":5.9063197039},{"country_iso":"BEN","city_id":2078,"log_pop":3.0873823054,"log_mass":5.5640250275},{"country_iso":"BEN","city_id":2078,"log_pop":2.6096312267,"log_mass":5.0090957588},{"country_iso":"BEN","city_id":2078,"log_pop":3.4707963226,"log_mass":5.8065049206},{"country_iso":"BEN","city_id":2078,"log_pop":3.8656390797,"log_mass":6.1695879346},{"country_iso":"BEN","city_id":2078,"log_pop":3.2580439101,"log_mass":5.4136123518},{"country_iso":"BEN","city_id":2078,"log_pop":3.4957857406,"log_mass":5.8057688966},{"country_iso":"BEN","city_id":2078,"log_pop":3.2975249733,"log_mass":5.5402039979},{"country_iso":"BEN","city_id":2078,"log_pop":3.0737530446,"log_mass":5.5278647958},{"country_iso":"BEN","city_id":2078,"log_pop":3.5467408135,"log_mass":5.8694617083},{"country_iso":"BEN","city_id":2078,"log_pop":1.9032734119,"log_mass":4.6562159774},{"country_iso":"BEN","city_id":2078,"log_pop":2.7982939111,"log_mass":5.1090299526},{"country_iso":"BEN","city_id":2078,"log_pop":2.9558490192,"log_mass":5.3899971806},{"country_iso":"BEN","city_id":2078,"log_pop":1.8330329214,"log_mass":4.7800695492},{"country_iso":"BEN","city_id":2078,"log_pop":2.4413228064,"log_mass":5.185130079},{"country_iso":"BEN","city_id":2078,"log_pop":1.1010192327,"log_mass":3.79562358},{"country_iso":"BEN","city_id":2078,"log_pop":3.7449312675,"log_mass":6.0744662331},{"country_iso":"BEN","city_id":2078,"log_pop":3.9087720117,"log_mass":6.1907210685},{"country_iso":"BEN","city_id":2078,"log_pop":0.9975702008,"log_mass":4.1455667764},{"country_iso":"BEN","city_id":2078,"log_pop":0.8984736648,"log_mass":3.6856146368},{"country_iso":"BEN","city_id":2078,"log_pop":3.3524092485,"log_mass":5.9464278351},{"country_iso":"BEN","city_id":2078,"log_pop":2.2433217797,"log_mass":4.8440522886},{"country_iso":"BEN","city_id":2078,"log_pop":3.3423418079,"log_mass":5.6609358671},{"country_iso":"BEN","city_id":2078,"log_pop":3.6726842319,"log_mass":5.9831613149},{"country_iso":"BEN","city_id":2078,"log_pop":2.1039576755,"log_mass":5.164856153},{"country_iso":"BEN","city_id":2078,"log_pop":2.2099969222,"log_mass":4.8865426725},{"country_iso":"BEN","city_id":2078,"log_pop":1.4225296048,"log_mass":4.603213632},{"country_iso":"BEN","city_id":2078,"log_pop":2.3133099014,"log_mass":4.8759476209},{"country_iso":"BEN","city_id":2078,"log_pop":4.2246491425,"log_mass":6.3619614874},{"country_iso":"BEN","city_id":2078,"log_pop":4.5821538723,"log_mass":6.3660852312},{"country_iso":"BEN","city_id":2078,"log_pop":3.9674920811,"log_mass":6.2333488661},{"country_iso":"BEN","city_id":2078,"log_pop":4.3418977545,"log_mass":6.111626618},{"country_iso":"BEN","city_id":2078,"log_pop":3.9874973679,"log_mass":6.1027001045},{"country_iso":"BEN","city_id":2078,"log_pop":3.7372111013,"log_mass":5.829288496},{"country_iso":"BEN","city_id":2078,"log_pop":4.2588397994,"log_mass":6.4200754221},{"country_iso":"BEN","city_id":2078,"log_pop":4.8342669766,"log_mass":6.4857166285},{"country_iso":"BEN","city_id":2078,"log_pop":4.7869867422,"log_mass":6.3605728183},{"country_iso":"BEN","city_id":2078,"log_pop":4.6028680911,"log_mass":6.1381900203},{"country_iso":"BEN","city_id":2078,"log_pop":4.6242047198,"log_mass":6.3704620271},{"country_iso":"BEN","city_id":2078,"log_pop":4.5659705081,"log_mass":6.2834601016},{"country_iso":"BEN","city_id":2078,"log_pop":4.5275787744,"log_mass":6.4076034804},{"country_iso":"BEN","city_id":2078,"log_pop":4.5862159237,"log_mass":6.2183090455},{"country_iso":"BEN","city_id":2078,"log_pop":2.2664194781,"log_mass":4.9006406321},{"country_iso":"BEN","city_id":2078,"log_pop":3.5143374189,"log_mass":5.8676760856},{"country_iso":"BEN","city_id":2078,"log_pop":3.1878750668,"log_mass":5.591805435},{"country_iso":"BEN","city_id":2078,"log_pop":3.6799199188,"log_mass":5.9930477697},{"country_iso":"BEN","city_id":2078,"log_pop":4.0751482831,"log_mass":5.9931559134},{"country_iso":"BEN","city_id":2078,"log_pop":4.3803931747,"log_mass":6.0904623002},{"country_iso":"BEN","city_id":2078,"log_pop":3.9773200783,"log_mass":6.3543644855},{"country_iso":"BEN","city_id":2078,"log_pop":2.3579952208,"log_mass":4.5197570414},{"country_iso":"BEN","city_id":2078,"log_pop":3.8920746123,"log_mass":6.1913387059},{"country_iso":"BEN","city_id":2078,"log_pop":2.9114421493,"log_mass":5.1986654027},{"country_iso":"BEN","city_id":2078,"log_pop":3.980530056,"log_mass":6.323698475},{"country_iso":"BEN","city_id":2078,"log_pop":4.1582322356,"log_mass":6.3958395956},{"country_iso":"BEN","city_id":2078,"log_pop":3.8380466358,"log_mass":6.2257471001},{"country_iso":"BEN","city_id":2078,"log_pop":3.5906016707,"log_mass":5.6889230131},{"country_iso":"BEN","city_id":2078,"log_pop":3.2273893634,"log_mass":5.3367104701},{"country_iso":"BEN","city_id":2078,"log_pop":3.9113967046,"log_mass":6.1439827282},{"country_iso":"BEN","city_id":2078,"log_pop":3.9994345514,"log_mass":6.1137018695},{"country_iso":"BEN","city_id":2078,"log_pop":3.8797014995,"log_mass":6.0574544959},{"country_iso":"BEN","city_id":2078,"log_pop":4.1408984715,"log_mass":6.3275139261},{"country_iso":"BEN","city_id":2078,"log_pop":3.3678205517,"log_mass":5.8708530264},{"country_iso":"BEN","city_id":2078,"log_pop":3.8587984269,"log_mass":6.1543947047},{"country_iso":"BEN","city_id":2078,"log_pop":3.6006620602,"log_mass":5.9007511978},{"country_iso":"BEN","city_id":2078,"log_pop":1.4790855416,"log_mass":4.30255278},{"country_iso":"BEN","city_id":2078,"log_pop":3.5056119293,"log_mass":5.9736701509},{"country_iso":"BEN","city_id":2078,"log_pop":3.0009263995,"log_mass":5.5479199908},{"country_iso":"BEN","city_id":2078,"log_pop":3.7917365435,"log_mass":6.2148289302},{"country_iso":"BEN","city_id":2078,"log_pop":1.1739648825,"log_mass":3.7192096274},{"country_iso":"BEN","city_id":2078,"log_pop":3.2438797802,"log_mass":5.7982603345},{"country_iso":"BEN","city_id":2078,"log_pop":1.0377761652,"log_mass":3.8611708142},{"country_iso":"BEN","city_id":2078,"log_pop":3.4295737273,"log_mass":5.8629553726},{"country_iso":"BEN","city_id":2101,"log_pop":4.2896059864,"log_mass":6.2852975825},{"country_iso":"BEN","city_id":2101,"log_pop":4.6524811256,"log_mass":6.4680112389},{"country_iso":"BEN","city_id":2101,"log_pop":3.3231453379,"log_mass":5.1419224815},{"country_iso":"BEN","city_id":2101,"log_pop":4.2736602845,"log_mass":6.1224842568},{"country_iso":"BEN","city_id":2101,"log_pop":4.0438064186,"log_mass":6.3365436798},{"country_iso":"BEN","city_id":2101,"log_pop":4.2445821962,"log_mass":6.4331957731},{"country_iso":"BEN","city_id":2101,"log_pop":3.4567899014,"log_mass":5.6249423013},{"country_iso":"BEN","city_id":2101,"log_pop":2.9859138305,"log_mass":5.5872738634},{"country_iso":"BEN","city_id":2101,"log_pop":3.2429428977,"log_mass":5.7871625028},{"country_iso":"BEN","city_id":2101,"log_pop":2.3212138762,"log_mass":5.104358231},{"country_iso":"BEN","city_id":2101,"log_pop":3.8601666678,"log_mass":6.1728634928},{"country_iso":"BEN","city_id":2101,"log_pop":2.5209478073,"log_mass":4.870544978},{"country_iso":"BEN","city_id":2101,"log_pop":3.0326647005,"log_mass":5.48718029},{"country_iso":"BEN","city_id":2101,"log_pop":2.349735073,"log_mass":5.0910148697},{"country_iso":"BEN","city_id":2101,"log_pop":2.2482628968,"log_mass":5.3397878174},{"country_iso":"BEN","city_id":2101,"log_pop":3.5866429735,"log_mass":5.5771569142},{"country_iso":"BEN","city_id":2101,"log_pop":1.0805325696,"log_mass":4.7737708271},{"country_iso":"BEN","city_id":2101,"log_pop":4.2940919431,"log_mass":6.303549748},{"country_iso":"BEN","city_id":2101,"log_pop":3.0424200676,"log_mass":5.552841779},{"country_iso":"BEN","city_id":2101,"log_pop":4.3852311178,"log_mass":6.2545012845},{"country_iso":"BEN","city_id":2101,"log_pop":3.2444247247,"log_mass":5.6675877081},{"country_iso":"BEN","city_id":2101,"log_pop":3.7324902582,"log_mass":6.0686981779},{"country_iso":"BEN","city_id":2101,"log_pop":3.327334575,"log_mass":5.9609616618},{"country_iso":"BEN","city_id":2101,"log_pop":4.4071295555,"log_mass":6.4528803971},{"country_iso":"BEN","city_id":2101,"log_pop":3.956122752,"log_mass":6.2084884869},{"country_iso":"BEN","city_id":2101,"log_pop":2.9134724086,"log_mass":5.7815385536},{"country_iso":"BEN","city_id":2101,"log_pop":2.9366495467,"log_mass":5.5728998503},{"country_iso":"BEN","city_id":2101,"log_pop":4.0271259257,"log_mass":6.3719088499},{"country_iso":"BEN","city_id":2101,"log_pop":2.7276022362,"log_mass":5.2708059087},{"country_iso":"BEN","city_id":2101,"log_pop":1.8632051515,"log_mass":4.795261356},{"country_iso":"BEN","city_id":2064,"log_pop":0.2917956577,"log_mass":3.10377324},{"country_iso":"BEN","city_id":2064,"log_pop":2.6352569103,"log_mass":5.3111067574},{"country_iso":"BEN","city_id":2064,"log_pop":0.2450834253,"log_mass":3.3303279196},{"country_iso":"BEN","city_id":2064,"log_pop":2.2771866637,"log_mass":4.5670744048},{"country_iso":"BEN","city_id":2064,"log_pop":1.3844983539,"log_mass":4.9052350501},{"country_iso":"BEN","city_id":2064,"log_pop":2.2801788592,"log_mass":4.7115570288},{"country_iso":"BEN","city_id":2064,"log_pop":3.0386601999,"log_mass":5.4080125512},{"country_iso":"BEN","city_id":2064,"log_pop":3.1007517075,"log_mass":5.5797075332},{"country_iso":"BEN","city_id":2064,"log_pop":3.9591244023,"log_mass":6.2696022886},{"country_iso":"BEN","city_id":2064,"log_pop":3.3158209077,"log_mass":5.7167718262},{"country_iso":"BEN","city_id":2064,"log_pop":2.7810761038,"log_mass":5.4312843284},{"country_iso":"BEN","city_id":2064,"log_pop":3.909099685,"log_mass":6.2251273654},{"country_iso":"BEN","city_id":2064,"log_pop":3.7479154356,"log_mass":6.2762187629},{"country_iso":"BEN","city_id":2064,"log_pop":3.3581528234,"log_mass":5.8696082606},{"country_iso":"BEN","city_id":2064,"log_pop":2.6096983432,"log_mass":5.1943190423},{"country_iso":"BEN","city_id":2064,"log_pop":2.3743617202,"log_mass":4.8911623148},{"country_iso":"BEN","city_id":2064,"log_pop":3.3717382527,"log_mass":5.9862454511},{"country_iso":"BEN","city_id":2064,"log_pop":3.3371769583,"log_mass":5.9518609637},{"country_iso":"BEN","city_id":2064,"log_pop":3.2270362666,"log_mass":5.7604566841},{"country_iso":"BEN","city_id":2064,"log_pop":2.9434599243,"log_mass":5.284970365},{"country_iso":"BEN","city_id":2064,"log_pop":3.5709121635,"log_mass":5.8747613404},{"country_iso":"BEN","city_id":2064,"log_pop":0.585902481,"log_mass":3.3859872903},{"country_iso":"BEN","city_id":2064,"log_pop":2.0832872492,"log_mass":4.9576041959},{"country_iso":"BEN","city_id":2064,"log_pop":3.2976072195,"log_mass":5.7927931978},{"country_iso":"BEN","city_id":2064,"log_pop":3.9175038648,"log_mass":6.2505513319},{"country_iso":"BEN","city_id":2064,"log_pop":0.8522166118,"log_mass":3.2787342782},{"country_iso":"BEN","city_id":2100,"log_pop":3.8022742845,"log_mass":6.2016838004},{"country_iso":"BEN","city_id":2100,"log_pop":2.6263509509,"log_mass":5.230564982},{"country_iso":"BEN","city_id":2100,"log_pop":3.5903122885,"log_mass":5.9909802867},{"country_iso":"BEN","city_id":2100,"log_pop":3.5266663759,"log_mass":5.9205724753},{"country_iso":"BEN","city_id":2100,"log_pop":2.2758766425,"log_mass":4.8857764113},{"country_iso":"BEN","city_id":2100,"log_pop":1.675422254,"log_mass":4.4947196134},{"country_iso":"BEN","city_id":2100,"log_pop":3.4748080273,"log_mass":5.9183089132},{"country_iso":"BEN","city_id":2100,"log_pop":3.7261881791,"log_mass":6.1616280562},{"country_iso":"BEN","city_id":2100,"log_pop":2.567304738,"log_mass":5.0749343795},{"country_iso":"BEN","city_id":2100,"log_pop":3.2562932401,"log_mass":5.6840343226},{"country_iso":"BEN","city_id":2100,"log_pop":2.3332470817,"log_mass":5.1207226886},{"country_iso":"BEN","city_id":2100,"log_pop":2.4518861526,"log_mass":5.0411231791},{"country_iso":"BEN","city_id":2100,"log_pop":3.7125380666,"log_mass":6.1777378208},{"country_iso":"BEN","city_id":2100,"log_pop":1.5186132022,"log_mass":4.558903695},{"country_iso":"BEN","city_id":2100,"log_pop":3.5776504649,"log_mass":6.0719433689},{"country_iso":"BEN","city_id":2100,"log_pop":3.2625323304,"log_mass":5.8726602665},{"country_iso":"BEN","city_id":2100,"log_pop":3.8555956885,"log_mass":6.2912510494},{"country_iso":"BEN","city_id":2100,"log_pop":2.857308955,"log_mass":5.4795964903},{"country_iso":"BEN","city_id":2100,"log_pop":3.8456179254,"log_mass":6.2960591074},{"country_iso":"BEN","city_id":2100,"log_pop":2.2619866039,"log_mass":4.7687319886},{"country_iso":"BEN","city_id":2100,"log_pop":1.0647559956,"log_mass":3.8027900239},{"country_iso":"BEN","city_id":2100,"log_pop":2.9362759738,"log_mass":5.339905437},{"country_iso":"BEN","city_id":2100,"log_pop":3.4546790081,"log_mass":5.8611390729},{"country_iso":"BEN","city_id":2073,"log_pop":2.3149872481,"log_mass":4.8132271888},{"country_iso":"BEN","city_id":2073,"log_pop":1.8631683367,"log_mass":4.3874419819},{"country_iso":"BEN","city_id":2073,"log_pop":2.7849861315,"log_mass":5.3933311884},{"country_iso":"BEN","city_id":2073,"log_pop":2.0697983385,"log_mass":4.8087598586},{"country_iso":"BEN","city_id":2073,"log_pop":2.9230209634,"log_mass":5.6393765776},{"country_iso":"BEN","city_id":2073,"log_pop":1.8365236449,"log_mass":4.5996854373},{"country_iso":"BEN","city_id":2073,"log_pop":2.0403403475,"log_mass":4.7306156023},{"country_iso":"BEN","city_id":2073,"log_pop":0.2623292249,"log_mass":3.2212679717},{"country_iso":"BEN","city_id":2073,"log_pop":2.7084917501,"log_mass":5.1676087843},{"country_iso":"BEN","city_id":2070,"log_pop":2.9466325316,"log_mass":5.4383072436},{"country_iso":"BEN","city_id":2070,"log_pop":3.5571231491,"log_mass":5.8918655249},{"country_iso":"BEN","city_id":2070,"log_pop":3.6071950383,"log_mass":5.9620800125},{"country_iso":"BEN","city_id":2070,"log_pop":2.0961956982,"log_mass":4.4314707623},{"country_iso":"BEN","city_id":2070,"log_pop":2.3993886206,"log_mass":4.6589159222},{"country_iso":"BEN","city_id":2070,"log_pop":0.4845186829,"log_mass":3.6734271103},{"country_iso":"BEN","city_id":2070,"log_pop":1.5580498752,"log_mass":4.6685144202},{"country_iso":"BEN","city_id":2070,"log_pop":2.876272032,"log_mass":5.1849010325},{"country_iso":"BEN","city_id":2070,"log_pop":1.3866819364,"log_mass":3.8854228879},{"country_iso":"BEN","city_id":2041,"log_pop":0.0912402774,"log_mass":3.6620020642},{"country_iso":"BEN","city_id":2041,"log_pop":3.1880649394,"log_mass":6.0773533147},{"country_iso":"BEN","city_id":2041,"log_pop":1.833259374,"log_mass":4.5671256661},{"country_iso":"BEN","city_id":2041,"log_pop":2.8460314489,"log_mass":5.6288769735},{"country_iso":"BEN","city_id":2041,"log_pop":1.1001642004,"log_mass":4.8833658786},{"country_iso":"BEN","city_id":2041,"log_pop":1.4479551936,"log_mass":4.3305658022},{"country_iso":"BEN","city_id":2041,"log_pop":2.4477343458,"log_mass":5.4374669447},{"country_iso":"BEN","city_id":2041,"log_pop":2.3263278579,"log_mass":5.1775653721},{"country_iso":"BEN","city_id":2056,"log_pop":1.9383995608,"log_mass":4.6117682796},{"country_iso":"BEN","city_id":2056,"log_pop":3.5203306241,"log_mass":5.8939745181},{"country_iso":"BEN","city_id":2056,"log_pop":0.9545413673,"log_mass":4.3713443022},{"country_iso":"BEN","city_id":2056,"log_pop":3.1019303609,"log_mass":5.4987232055},{"country_iso":"BEN","city_id":2056,"log_pop":2.9215457708,"log_mass":5.3471283781},{"country_iso":"BEN","city_id":2056,"log_pop":2.592065911,"log_mass":5.1268632345},{"country_iso":"BEN","city_id":2056,"log_pop":1.1195892738,"log_mass":3.7194473204},{"country_iso":"BEN","city_id":2063,"log_pop":1.4113381191,"log_mass":4.6945436135},{"country_iso":"BEN","city_id":2063,"log_pop":1.3871314127,"log_mass":4.674224513},{"country_iso":"BEN","city_id":2063,"log_pop":2.4280278957,"log_mass":5.4321084527},{"country_iso":"BEN","city_id":2063,"log_pop":2.6719569798,"log_mass":5.6873806583},{"country_iso":"BEN","city_id":2063,"log_pop":1.1337519117,"log_mass":4.4245715306},{"country_iso":"BEN","city_id":2063,"log_pop":1.5163139878,"log_mass":4.8104026026},{"country_iso":"BEN","city_id":2063,"log_pop":1.6692570131,"log_mass":4.7234124761},{"country_iso":"BEN","city_id":2077,"log_pop":1.2473005365,"log_mass":4.3201510703},{"country_iso":"BEN","city_id":2077,"log_pop":0.6044974987,"log_mass":3.9089263665},{"country_iso":"BEN","city_id":2077,"log_pop":2.8910339104,"log_mass":5.9324791289},{"country_iso":"BEN","city_id":2077,"log_pop":1.6444605161,"log_mass":4.9778426757},{"country_iso":"BEN","city_id":2077,"log_pop":1.5698334951,"log_mass":4.5151676953},{"country_iso":"BEN","city_id":2077,"log_pop":1.4417099912,"log_mass":4.3783056709},{"country_iso":"BEN","city_id":2077,"log_pop":2.1492658962,"log_mass":5.1293182227},{"country_iso":"BEN","city_id":2052,"log_pop":2.7077349612,"log_mass":5.5709081959},{"country_iso":"BEN","city_id":2052,"log_pop":3.1499033178,"log_mass":5.9785555468},{"country_iso":"BEN","city_id":2052,"log_pop":2.3729578714,"log_mass":5.1338641657},{"country_iso":"BEN","city_id":2052,"log_pop":1.4104021311,"log_mass":4.7152394921},{"country_iso":"BEN","city_id":2052,"log_pop":2.8108456964,"log_mass":5.7015126411},{"country_iso":"BEN","city_id":2052,"log_pop":3.4146495198,"log_mass":6.2601470337},{"country_iso":"BEN","city_id":2052,"log_pop":2.7596757409,"log_mass":5.6368677009},{"country_iso":"BEN","city_id":2102,"log_pop":0.4336761757,"log_mass":3.3979412907},{"country_iso":"BEN","city_id":2102,"log_pop":2.3503358185,"log_mass":5.2628450893},{"country_iso":"BEN","city_id":2102,"log_pop":2.7184586516,"log_mass":5.635949347},{"country_iso":"BEN","city_id":2102,"log_pop":2.8677731775,"log_mass":5.8660911009},{"country_iso":"BEN","city_id":2102,"log_pop":1.2999451121,"log_mass":4.3647793203},{"country_iso":"BEN","city_id":2102,"log_pop":2.8951995794,"log_mass":5.9350372257},{"country_iso":"BEN","city_id":2121,"log_pop":1.5046438668,"log_mass":4.5912873996},{"country_iso":"BEN","city_id":2121,"log_pop":1.3310062015,"log_mass":4.7408638452},{"country_iso":"BEN","city_id":2121,"log_pop":1.6857948252,"log_mass":4.8613754926},{"country_iso":"BEN","city_id":2121,"log_pop":1.9346125851,"log_mass":4.7241582549},{"country_iso":"BEN","city_id":2121,"log_pop":3.2814312087,"log_mass":6.1054423001},{"country_iso":"BEN","city_id":2150,"log_pop":3.1230347826,"log_mass":5.7732111599},{"country_iso":"BEN","city_id":2150,"log_pop":2.7080507509,"log_mass":5.4467493678},{"country_iso":"BEN","city_id":2150,"log_pop":1.4102450389,"log_mass":3.951968988},{"country_iso":"BEN","city_id":2150,"log_pop":2.110009038,"log_mass":4.8248749654},{"country_iso":"BEN","city_id":2150,"log_pop":3.1894031743,"log_mass":5.8532426125},{"country_iso":"BEN","city_id":2107,"log_pop":3.0184524497,"log_mass":5.566317618},{"country_iso":"BEN","city_id":2107,"log_pop":0.3779476539,"log_mass":4.2365362805},{"country_iso":"BEN","city_id":2107,"log_pop":3.5471903357,"log_mass":6.0689279275},{"country_iso":"BEN","city_id":2107,"log_pop":2.2894861884,"log_mass":5.1874366625},{"country_iso":"BEN","city_id":2107,"log_pop":2.2924230328,"log_mass":4.778328277},{"country_iso":"BEN","city_id":2091,"log_pop":2.6333862934,"log_mass":5.7955031249},{"country_iso":"BEN","city_id":2091,"log_pop":0.6078108255,"log_mass":3.9828025578},{"country_iso":"BEN","city_id":2091,"log_pop":2.3583278455,"log_mass":5.492646345},{"country_iso":"BEN","city_id":2091,"log_pop":-0.8443436196,"log_mass":3.338570461},{"country_iso":"BEN","city_id":2091,"log_pop":1.7556857915,"log_mass":5.0528845892},{"country_iso":"BEN","city_id":2074,"log_pop":2.2075690373,"log_mass":5.0718713855},{"country_iso":"BEN","city_id":2074,"log_pop":0.6562930227,"log_mass":3.6485979935},{"country_iso":"BEN","city_id":2074,"log_pop":3.1571105016,"log_mass":5.628024147},{"country_iso":"BEN","city_id":2074,"log_pop":1.3688527237,"log_mass":4.0442678161},{"country_iso":"BEN","city_id":2134,"log_pop":2.5376089199,"log_mass":5.6902873842},{"country_iso":"BEN","city_id":2134,"log_pop":2.1701783906,"log_mass":5.3641139941},{"country_iso":"BEN","city_id":2134,"log_pop":1.6332242883,"log_mass":4.9150655346},{"country_iso":"BEN","city_id":2103,"log_pop":1.6752886429,"log_mass":4.9306590533},{"country_iso":"BEN","city_id":2103,"log_pop":2.8288430266,"log_mass":5.5064876469},{"country_iso":"BEN","city_id":2103,"log_pop":2.4572793095,"log_mass":5.056405726},{"country_iso":"BEN","city_id":2090,"log_pop":1.2925065853,"log_mass":4.7740753044},{"country_iso":"BEN","city_id":2090,"log_pop":1.9692149416,"log_mass":5.0552389064},{"country_iso":"BEN","city_id":2034,"log_pop":0.5056538958,"log_mass":3.9133621584},{"country_iso":"BEN","city_id":2034,"log_pop":1.9984311491,"log_mass":5.2513052079},{"country_iso":"BEN","city_id":2016,"log_pop":1.2015411658,"log_mass":4.1381039067}]