[{"country_iso":"ECU","city_id":467,"log_pop":1.1729333647,"log_mass":3.8184293814},{"country_iso":"ECU","city_id":467,"log_pop":4.1264260753,"log_mass":6.334832015},{"country_iso":"ECU","city_id":467,"log_pop":3.7573882224,"log_mass":5.8906983386},{"country_iso":"ECU","city_id":467,"log_pop":3.2545354938,"log_mass":5.6185074141},{"country_iso":"ECU","city_id":467,"log_pop":3.4318107001,"log_mass":5.8419373948},{"country_iso":"ECU","city_id":467,"log_pop":2.9010337367,"log_mass":5.3526741479},{"country_iso":"ECU","city_id":467,"log_pop":3.6574537244,"log_mass":5.9460251495},{"country_iso":"ECU","city_id":467,"log_pop":3.9293168539,"log_mass":6.2586307459},{"country_iso":"ECU","city_id":467,"log_pop":1.8562631231,"log_mass":4.7229466654},{"country_iso":"ECU","city_id":467,"log_pop":4.1166973062,"log_mass":6.1258395702},{"country_iso":"ECU","city_id":467,"log_pop":3.2162908421,"log_mass":5.5693913219},{"country_iso":"ECU","city_id":467,"log_pop":2.185124602,"log_mass":4.6901214521},{"country_iso":"ECU","city_id":467,"log_pop":3.8941727251,"log_mass":6.3121705771},{"country_iso":"ECU","city_id":467,"log_pop":3.5370649866,"log_mass":5.8201292408},{"country_iso":"ECU","city_id":467,"log_pop":1.5674259836,"log_mass":4.6575958611},{"country_iso":"ECU","city_id":467,"log_pop":3.770574188,"log_mass":6.1982024263},{"country_iso":"ECU","city_id":467,"log_pop":4.4740955203,"log_mass":6.4629615555},{"country_iso":"ECU","city_id":467,"log_pop":3.9225265502,"log_mass":5.8956198122},{"country_iso":"ECU","city_id":467,"log_pop":3.2899897584,"log_mass":5.5175516978},{"country_iso":"ECU","city_id":467,"log_pop":3.9990236667,"log_mass":5.9992500298},{"country_iso":"ECU","city_id":467,"log_pop":4.5178492543,"log_mass":6.5435226859},{"country_iso":"ECU","city_id":467,"log_pop":4.099051056,"log_mass":6.031016211},{"country_iso":"ECU","city_id":467,"log_pop":4.0505595617,"log_mass":6.0575344722},{"country_iso":"ECU","city_id":467,"log_pop":2.5344913407,"log_mass":4.8930941361},{"country_iso":"ECU","city_id":467,"log_pop":0.8438129658,"log_mass":4.7321909224},{"country_iso":"ECU","city_id":467,"log_pop":2.3107412682,"log_mass":5.178921853},{"country_iso":"ECU","city_id":467,"log_pop":4.5377396552,"log_mass":6.5125161196},{"country_iso":"ECU","city_id":467,"log_pop":3.152112798,"log_mass":5.700285277},{"country_iso":"ECU","city_id":467,"log_pop":4.5506225414,"log_mass":6.5424144058},{"country_iso":"ECU","city_id":467,"log_pop":4.3319465931,"log_mass":6.2896199516},{"country_iso":"ECU","city_id":467,"log_pop":4.6559809335,"log_mass":6.6749782508},{"country_iso":"ECU","city_id":467,"log_pop":4.1129650813,"log_mass":6.1888609493},{"country_iso":"ECU","city_id":467,"log_pop":4.5966480506,"log_mass":6.6082136085},{"country_iso":"ECU","city_id":467,"log_pop":2.3552184075,"log_mass":5.12730568},{"country_iso":"ECU","city_id":467,"log_pop":3.4635990134,"log_mass":5.8039157342},{"country_iso":"ECU","city_id":467,"log_pop":2.1794796237,"log_mass":4.1108118841},{"country_iso":"ECU","city_id":467,"log_pop":2.5752155053,"log_mass":5.0176004732},{"country_iso":"ECU","city_id":467,"log_pop":3.5710446223,"log_mass":5.9494530051},{"country_iso":"ECU","city_id":467,"log_pop":3.6205326005,"log_mass":6.0046074151},{"country_iso":"ECU","city_id":467,"log_pop":2.3107142538,"log_mass":5.4281323341},{"country_iso":"ECU","city_id":467,"log_pop":3.079356618,"log_mass":5.2347460508},{"country_iso":"ECU","city_id":467,"log_pop":4.3280205177,"log_mass":6.325980748},{"country_iso":"ECU","city_id":467,"log_pop":4.1119837127,"log_mass":6.0979774091},{"country_iso":"ECU","city_id":467,"log_pop":3.5256235114,"log_mass":5.9448151355},{"country_iso":"ECU","city_id":467,"log_pop":2.0535398343,"log_mass":4.1648100467},{"country_iso":"ECU","city_id":467,"log_pop":3.1261561365,"log_mass":5.5315115266},{"country_iso":"ECU","city_id":467,"log_pop":2.9744764052,"log_mass":5.3127484283},{"country_iso":"ECU","city_id":467,"log_pop":3.7294162503,"log_mass":6.042117962},{"country_iso":"ECU","city_id":467,"log_pop":4.2559246916,"log_mass":6.5234894107},{"country_iso":"ECU","city_id":467,"log_pop":3.7543646329,"log_mass":6.0506412259},{"country_iso":"ECU","city_id":467,"log_pop":4.4895139766,"log_mass":6.522151349},{"country_iso":"ECU","city_id":467,"log_pop":3.9641424904,"log_mass":6.1612112975},{"country_iso":"ECU","city_id":467,"log_pop":4.221864038,"log_mass":6.4469616232},{"country_iso":"ECU","city_id":467,"log_pop":4.2549510106,"log_mass":6.5228768639},{"country_iso":"ECU","city_id":467,"log_pop":4.4549520899,"log_mass":6.5113061551},{"country_iso":"ECU","city_id":467,"log_pop":2.8789441025,"log_mass":5.4411757418},{"country_iso":"ECU","city_id":467,"log_pop":2.9086898794,"log_mass":5.612432487},{"country_iso":"ECU","city_id":467,"log_pop":3.3879035197,"log_mass":5.7029678386},{"country_iso":"ECU","city_id":467,"log_pop":3.195402794,"log_mass":5.6572089915},{"country_iso":"ECU","city_id":467,"log_pop":3.7024424522,"log_mass":5.9576818968},{"country_iso":"ECU","city_id":467,"log_pop":4.2244873237,"log_mass":6.4760989435},{"country_iso":"ECU","city_id":467,"log_pop":3.859475658,"log_mass":5.8804350009},{"country_iso":"ECU","city_id":467,"log_pop":2.9527398961,"log_mass":4.9405298696},{"country_iso":"ECU","city_id":467,"log_pop":4.5438199105,"log_mass":6.6217972098},{"country_iso":"ECU","city_id":467,"log_pop":4.2076541249,"log_mass":6.13153194},{"country_iso":"ECU","city_id":467,"log_pop":4.4848944689,"log_mass":6.5861169429},{"country_iso":"ECU","city_id":467,"log_pop":4.4809119254,"log_mass":6.4914125326},{"country_iso":"ECU","city_id":467,"log_pop":4.6142958536,"log_mass":6.6699091697},{"country_iso":"ECU","city_id":467,"log_pop":4.2982692353,"log_mass":6.4657802231},{"country_iso":"ECU","city_id":467,"log_pop":4.0155754898,"log_mass":6.050727749},{"country_iso":"ECU","city_id":467,"log_pop":4.1215739615,"log_mass":6.1564949693},{"country_iso":"ECU","city_id":467,"log_pop":2.8409252859,"log_mass":4.8315203607},{"country_iso":"ECU","city_id":467,"log_pop":4.3584756572,"log_mass":6.391854822},{"country_iso":"ECU","city_id":467,"log_pop":4.5843950593,"log_mass":6.674995725},{"country_iso":"ECU","city_id":467,"log_pop":2.9364507621,"log_mass":4.9542845289},{"country_iso":"ECU","city_id":467,"log_pop":4.1066108263,"log_mass":6.1158352927},{"country_iso":"ECU","city_id":467,"log_pop":4.3053904017,"log_mass":6.2897166978},{"country_iso":"ECU","city_id":467,"log_pop":4.4533100873,"log_mass":6.5262411539},{"country_iso":"ECU","city_id":467,"log_pop":3.7187724964,"log_mass":5.7296706463},{"country_iso":"ECU","city_id":467,"log_pop":4.6063717387,"log_mass":6.6396488359},{"country_iso":"ECU","city_id":467,"log_pop":4.4686843524,"log_mass":6.5080866617},{"country_iso":"ECU","city_id":467,"log_pop":4.3900278798,"log_mass":6.5014297208},{"country_iso":"ECU","city_id":467,"log_pop":4.6116224221,"log_mass":6.7029000077},{"country_iso":"ECU","city_id":467,"log_pop":4.1085375765,"log_mass":6.1017916505},{"country_iso":"ECU","city_id":467,"log_pop":4.5473234771,"log_mass":6.5703517594},{"country_iso":"ECU","city_id":427,"log_pop":2.7519295693,"log_mass":4.617350435},{"country_iso":"ECU","city_id":427,"log_pop":4.072135685,"log_mass":5.9668944845},{"country_iso":"ECU","city_id":427,"log_pop":4.1853367861,"log_mass":6.0740880318},{"country_iso":"ECU","city_id":427,"log_pop":4.1662522627,"log_mass":6.1519368712},{"country_iso":"ECU","city_id":427,"log_pop":4.1241696145,"log_mass":6.0341745151},{"country_iso":"ECU","city_id":427,"log_pop":2.1943835153,"log_mass":4.2505047855},{"country_iso":"ECU","city_id":427,"log_pop":3.3179896143,"log_mass":5.3303145035},{"country_iso":"ECU","city_id":427,"log_pop":4.1803155171,"log_mass":6.2294855744},{"country_iso":"ECU","city_id":427,"log_pop":1.9378986814,"log_mass":4.1030305525},{"country_iso":"ECU","city_id":427,"log_pop":4.2522451692,"log_mass":6.1461464721},{"country_iso":"ECU","city_id":427,"log_pop":3.7744733034,"log_mass":5.7430238011},{"country_iso":"ECU","city_id":427,"log_pop":3.9082707648,"log_mass":5.7110344767},{"country_iso":"ECU","city_id":427,"log_pop":3.2366314993,"log_mass":5.3973573094},{"country_iso":"ECU","city_id":427,"log_pop":3.6956493904,"log_mass":6.0112381129},{"country_iso":"ECU","city_id":427,"log_pop":4.641619604,"log_mass":6.7104771507},{"country_iso":"ECU","city_id":427,"log_pop":3.9889230784,"log_mass":6.0414226733},{"country_iso":"ECU","city_id":427,"log_pop":3.9823193562,"log_mass":5.8631524157},{"country_iso":"ECU","city_id":427,"log_pop":3.8048322987,"log_mass":5.9458392255},{"country_iso":"ECU","city_id":427,"log_pop":4.5476476091,"log_mass":6.6173471745},{"country_iso":"ECU","city_id":427,"log_pop":4.1184032244,"log_mass":6.1886669314},{"country_iso":"ECU","city_id":427,"log_pop":4.381286298,"log_mass":6.439000034},{"country_iso":"ECU","city_id":427,"log_pop":2.8250896541,"log_mass":5.0067841584},{"country_iso":"ECU","city_id":427,"log_pop":3.465380625,"log_mass":5.6576184449},{"country_iso":"ECU","city_id":427,"log_pop":4.6324019367,"log_mass":6.7178823435},{"country_iso":"ECU","city_id":427,"log_pop":4.4039048975,"log_mass":6.3828166337},{"country_iso":"ECU","city_id":427,"log_pop":4.4063104608,"log_mass":6.4129407405},{"country_iso":"ECU","city_id":427,"log_pop":4.5979409477,"log_mass":6.6350252556},{"country_iso":"ECU","city_id":427,"log_pop":4.6888614357,"log_mass":6.7086036586},{"country_iso":"ECU","city_id":427,"log_pop":4.2283509455,"log_mass":6.2086596931},{"country_iso":"ECU","city_id":427,"log_pop":4.6135289876,"log_mass":6.6286644954},{"country_iso":"ECU","city_id":427,"log_pop":4.2651824384,"log_mass":6.2505917828},{"country_iso":"ECU","city_id":427,"log_pop":3.5504418404,"log_mass":5.9400695982},{"country_iso":"ECU","city_id":427,"log_pop":3.015267118,"log_mass":5.375907498},{"country_iso":"ECU","city_id":427,"log_pop":4.3944128863,"log_mass":6.5885678148},{"country_iso":"ECU","city_id":427,"log_pop":1.5261387973,"log_mass":5.6143922081},{"country_iso":"ECU","city_id":427,"log_pop":4.1265582853,"log_mass":6.0174120461},{"country_iso":"ECU","city_id":427,"log_pop":3.7448378099,"log_mass":5.7538820747},{"country_iso":"ECU","city_id":427,"log_pop":4.049899382,"log_mass":5.9155744485},{"country_iso":"ECU","city_id":427,"log_pop":3.9581680003,"log_mass":5.9643295667},{"country_iso":"ECU","city_id":427,"log_pop":4.5517057467,"log_mass":6.5293348057},{"country_iso":"ECU","city_id":427,"log_pop":1.532434755,"log_mass":5.2214621303},{"country_iso":"ECU","city_id":427,"log_pop":4.6226199633,"log_mass":6.7454796115},{"country_iso":"ECU","city_id":427,"log_pop":4.6139810939,"log_mass":6.5536395242},{"country_iso":"ECU","city_id":427,"log_pop":4.3057917368,"log_mass":6.3321668405},{"country_iso":"ECU","city_id":427,"log_pop":4.4970187392,"log_mass":6.45160168},{"country_iso":"ECU","city_id":427,"log_pop":4.5264925476,"log_mass":6.5870919852},{"country_iso":"ECU","city_id":427,"log_pop":4.6682715514,"log_mass":6.7668169618},{"country_iso":"ECU","city_id":427,"log_pop":4.3398633638,"log_mass":6.3636737085},{"country_iso":"ECU","city_id":427,"log_pop":2.0288828579,"log_mass":4.8401551661},{"country_iso":"ECU","city_id":427,"log_pop":1.6264402799,"log_mass":4.8177091619},{"country_iso":"ECU","city_id":427,"log_pop":4.4142426309,"log_mass":6.4053569771},{"country_iso":"ECU","city_id":427,"log_pop":3.9640846916,"log_mass":6.195405309},{"country_iso":"ECU","city_id":427,"log_pop":3.9303865942,"log_mass":5.7972147325},{"country_iso":"ECU","city_id":427,"log_pop":4.1887718098,"log_mass":6.507382515},{"country_iso":"ECU","city_id":427,"log_pop":3.9828967346,"log_mass":6.1949465053},{"country_iso":"ECU","city_id":427,"log_pop":3.5742073186,"log_mass":5.9570787013},{"country_iso":"ECU","city_id":427,"log_pop":4.2493471908,"log_mass":6.5204593298},{"country_iso":"ECU","city_id":427,"log_pop":1.2239116183,"log_mass":4.1097632584},{"country_iso":"ECU","city_id":427,"log_pop":2.7519498242,"log_mass":5.1908002139},{"country_iso":"ECU","city_id":427,"log_pop":3.3394120873,"log_mass":6.0557205742},{"country_iso":"ECU","city_id":427,"log_pop":4.5549127771,"log_mass":6.5277765021},{"country_iso":"ECU","city_id":427,"log_pop":4.6333002407,"log_mass":6.5163802503},{"country_iso":"ECU","city_id":427,"log_pop":4.6193311038,"log_mass":6.6312424007},{"country_iso":"ECU","city_id":427,"log_pop":4.6581357627,"log_mass":6.5338733916},{"country_iso":"ECU","city_id":427,"log_pop":4.6394242695,"log_mass":6.6656135729},{"country_iso":"ECU","city_id":427,"log_pop":4.4694409848,"log_mass":6.4682863134},{"country_iso":"ECU","city_id":427,"log_pop":4.5351509149,"log_mass":6.4567695752},{"country_iso":"ECU","city_id":427,"log_pop":3.7117048034,"log_mass":5.6198120383},{"country_iso":"ECU","city_id":427,"log_pop":2.928765693,"log_mass":5.0585754638},{"country_iso":"ECU","city_id":427,"log_pop":3.5734551103,"log_mass":5.4218031851},{"country_iso":"ECU","city_id":416,"log_pop":-0.1820171826,"log_mass":2.5911537654},{"country_iso":"ECU","city_id":416,"log_pop":2.8737372556,"log_mass":5.1372186585},{"country_iso":"ECU","city_id":416,"log_pop":3.6993856516,"log_mass":5.898786978},{"country_iso":"ECU","city_id":416,"log_pop":2.9210710237,"log_mass":5.3102157305},{"country_iso":"ECU","city_id":416,"log_pop":3.9218644163,"log_mass":6.1314696904},{"country_iso":"ECU","city_id":416,"log_pop":-0.1282336395,"log_mass":3.0446691486},{"country_iso":"ECU","city_id":416,"log_pop":2.2183100045,"log_mass":4.3755553171},{"country_iso":"ECU","city_id":416,"log_pop":3.8214698698,"log_mass":6.0304402948},{"country_iso":"ECU","city_id":416,"log_pop":2.0699624045,"log_mass":4.2095682232},{"country_iso":"ECU","city_id":416,"log_pop":3.7781711746,"log_mass":5.9552143512},{"country_iso":"ECU","city_id":416,"log_pop":3.47854951,"log_mass":5.6286678705},{"country_iso":"ECU","city_id":416,"log_pop":3.8969883915,"log_mass":6.1069353794},{"country_iso":"ECU","city_id":416,"log_pop":4.0238896537,"log_mass":6.2997050347},{"country_iso":"ECU","city_id":416,"log_pop":4.2717626193,"log_mass":6.532879663},{"country_iso":"ECU","city_id":416,"log_pop":4.348989485,"log_mass":6.6311462042},{"country_iso":"ECU","city_id":416,"log_pop":3.8725465819,"log_mass":6.0989765891},{"country_iso":"ECU","city_id":416,"log_pop":1.3080750671,"log_mass":4.1773968796},{"country_iso":"ECU","city_id":416,"log_pop":3.5037996909,"log_mass":6.0387042198},{"country_iso":"ECU","city_id":416,"log_pop":1.9487224153,"log_mass":4.5072818679},{"country_iso":"ECU","city_id":416,"log_pop":-0.0425259016,"log_mass":2.5731286432},{"country_iso":"ECU","city_id":456,"log_pop":2.9930731224,"log_mass":5.3363955366},{"country_iso":"ECU","city_id":456,"log_pop":3.0921649766,"log_mass":5.5962587687},{"country_iso":"ECU","city_id":456,"log_pop":1.700234462,"log_mass":4.2446789638},{"country_iso":"ECU","city_id":456,"log_pop":3.3482987325,"log_mass":5.3167489169},{"country_iso":"ECU","city_id":456,"log_pop":3.375730747,"log_mass":5.7008583356},{"country_iso":"ECU","city_id":456,"log_pop":4.1629774681,"log_mass":6.2631365875},{"country_iso":"ECU","city_id":456,"log_pop":4.2469705397,"log_mass":6.3666247219},{"country_iso":"ECU","city_id":456,"log_pop":4.2900706717,"log_mass":6.4539919212},{"country_iso":"ECU","city_id":456,"log_pop":3.6062562891,"log_mass":5.5818764182},{"country_iso":"ECU","city_id":456,"log_pop":4.445360357,"log_mass":6.5636492719},{"country_iso":"ECU","city_id":456,"log_pop":0.5542799028,"log_mass":3.3574955961},{"country_iso":"ECU","city_id":456,"log_pop":2.4846420081,"log_mass":4.491710503},{"country_iso":"ECU","city_id":456,"log_pop":1.4177098635,"log_mass":4.3607123288},{"country_iso":"ECU","city_id":456,"log_pop":4.0308364493,"log_mass":6.1733463047},{"country_iso":"ECU","city_id":456,"log_pop":3.8960905464,"log_mass":6.0437748004},{"country_iso":"ECU","city_id":456,"log_pop":2.5938425448,"log_mass":4.8712119323},{"country_iso":"ECU","city_id":456,"log_pop":3.4845719985,"log_mass":5.4479206158},{"country_iso":"ECU","city_id":456,"log_pop":3.6588521801,"log_mass":5.672099378},{"country_iso":"ECU","city_id":456,"log_pop":4.4484157873,"log_mass":6.5475369041},{"country_iso":"ECU","city_id":456,"log_pop":1.9059093101,"log_mass":4.4589563102},{"country_iso":"ECU","city_id":414,"log_pop":2.7615263696,"log_mass":5.316468958},{"country_iso":"ECU","city_id":414,"log_pop":3.3705622946,"log_mass":5.88094732},{"country_iso":"ECU","city_id":414,"log_pop":2.8028159714,"log_mass":5.4276612047},{"country_iso":"ECU","city_id":414,"log_pop":3.3723683976,"log_mass":5.9550709144},{"country_iso":"ECU","city_id":414,"log_pop":3.5507249935,"log_mass":6.2166080223},{"country_iso":"ECU","city_id":414,"log_pop":3.4902755411,"log_mass":6.0469340067},{"country_iso":"ECU","city_id":414,"log_pop":1.6080603587,"log_mass":4.4377934553},{"country_iso":"ECU","city_id":414,"log_pop":4.4859814887,"log_mass":6.5791641731},{"country_iso":"ECU","city_id":414,"log_pop":3.4573777863,"log_mass":5.4956552303},{"country_iso":"ECU","city_id":414,"log_pop":4.0929130702,"log_mass":6.3196575911},{"country_iso":"ECU","city_id":414,"log_pop":3.4680727895,"log_mass":5.6128154328},{"country_iso":"ECU","city_id":414,"log_pop":3.8830090492,"log_mass":6.0622695715},{"country_iso":"ECU","city_id":414,"log_pop":4.0673035883,"log_mass":6.0858369186},{"country_iso":"ECU","city_id":414,"log_pop":4.1538542991,"log_mass":6.3786645804},{"country_iso":"ECU","city_id":414,"log_pop":3.8204152837,"log_mass":6.2892068154},{"country_iso":"ECU","city_id":414,"log_pop":3.6805803132,"log_mass":6.1162199502},{"country_iso":"ECU","city_id":420,"log_pop":3.0922556983,"log_mass":5.1765285286},{"country_iso":"ECU","city_id":420,"log_pop":3.0343503027,"log_mass":5.28999091},{"country_iso":"ECU","city_id":420,"log_pop":3.9796563678,"log_mass":6.1834316418},{"country_iso":"ECU","city_id":420,"log_pop":3.3924807988,"log_mass":5.5970682605},{"country_iso":"ECU","city_id":420,"log_pop":3.1642346408,"log_mass":5.5304554112},{"country_iso":"ECU","city_id":420,"log_pop":4.0325769055,"log_mass":6.2030722748},{"country_iso":"ECU","city_id":420,"log_pop":3.9858962571,"log_mass":6.2634633838},{"country_iso":"ECU","city_id":420,"log_pop":3.7831872571,"log_mass":5.9905875197},{"country_iso":"ECU","city_id":420,"log_pop":0.8852584891,"log_mass":3.3925185168},{"country_iso":"ECU","city_id":420,"log_pop":3.3064599314,"log_mass":5.5772297854},{"country_iso":"ECU","city_id":420,"log_pop":2.4560266025,"log_mass":4.7283817799},{"country_iso":"ECU","city_id":420,"log_pop":2.686917274,"log_mass":4.9971796668},{"country_iso":"ECU","city_id":464,"log_pop":3.1881242468,"log_mass":5.3727825961},{"country_iso":"ECU","city_id":464,"log_pop":3.0133748595,"log_mass":5.3392670056},{"country_iso":"ECU","city_id":464,"log_pop":2.0396386729,"log_mass":4.774227689},{"country_iso":"ECU","city_id":464,"log_pop":4.4109737897,"log_mass":6.5222453412},{"country_iso":"ECU","city_id":464,"log_pop":3.9833934559,"log_mass":6.1081695192},{"country_iso":"ECU","city_id":464,"log_pop":3.3607088998,"log_mass":5.5283097038},{"country_iso":"ECU","city_id":464,"log_pop":4.2713646824,"log_mass":6.4243310745},{"country_iso":"ECU","city_id":464,"log_pop":3.8081043588,"log_mass":5.9786805866},{"country_iso":"ECU","city_id":464,"log_pop":3.656919685,"log_mass":5.7269834618},{"country_iso":"ECU","city_id":464,"log_pop":3.6655140659,"log_mass":5.7702598645},{"country_iso":"ECU","city_id":464,"log_pop":3.5605285051,"log_mass":5.6474427031},{"country_iso":"ECU","city_id":464,"log_pop":0.229170895,"log_mass":4.3617573228},{"country_iso":"ECU","city_id":472,"log_pop":2.0534202068,"log_mass":4.5248406084},{"country_iso":"ECU","city_id":472,"log_pop":3.5137318154,"log_mass":6.0069726623},{"country_iso":"ECU","city_id":472,"log_pop":1.9336791611,"log_mass":4.6552034352},{"country_iso":"ECU","city_id":472,"log_pop":3.4858164993,"log_mass":6.004335166},{"country_iso":"ECU","city_id":472,"log_pop":2.6019859994,"log_mass":5.3450628782},{"country_iso":"ECU","city_id":472,"log_pop":3.5835548891,"log_mass":6.1164044734},{"country_iso":"ECU","city_id":472,"log_pop":3.3830763071,"log_mass":5.9866668766},{"country_iso":"ECU","city_id":472,"log_pop":3.1034700377,"log_mass":5.3749131409},{"country_iso":"ECU","city_id":472,"log_pop":2.0803772332,"log_mass":5.052406221},{"country_iso":"ECU","city_id":472,"log_pop":2.8991979541,"log_mass":5.2967780421},{"country_iso":"ECU","city_id":455,"log_pop":3.8246459714,"log_mass":6.0052821296},{"country_iso":"ECU","city_id":455,"log_pop":3.4212052469,"log_mass":5.6325667091},{"country_iso":"ECU","city_id":455,"log_pop":3.0219575371,"log_mass":5.1280087699},{"country_iso":"ECU","city_id":455,"log_pop":3.7517663659,"log_mass":5.8469065791},{"country_iso":"ECU","city_id":455,"log_pop":3.9106625345,"log_mass":6.1476989408},{"country_iso":"ECU","city_id":455,"log_pop":2.3979068336,"log_mass":4.5197810395},{"country_iso":"ECU","city_id":455,"log_pop":2.7640287153,"log_mass":4.744748594},{"country_iso":"ECU","city_id":455,"log_pop":0.4257099563,"log_mass":2.9414953397},{"country_iso":"ECU","city_id":455,"log_pop":3.8551429552,"log_mass":6.0071520795},{"country_iso":"ECU","city_id":455,"log_pop":2.4961741508,"log_mass":4.9254384091},{"country_iso":"ECU","city_id":430,"log_pop":3.0862248768,"log_mass":5.3396855023},{"country_iso":"ECU","city_id":430,"log_pop":4.2982586306,"log_mass":6.5656913488},{"country_iso":"ECU","city_id":430,"log_pop":3.3391981246,"log_mass":5.696331657},{"country_iso":"ECU","city_id":430,"log_pop":3.5337972709,"log_mass":5.7022437407},{"country_iso":"ECU","city_id":430,"log_pop":3.9340007997,"log_mass":6.1384339486},{"country_iso":"ECU","city_id":430,"log_pop":3.9456938103,"log_mass":6.1503006229},{"country_iso":"ECU","city_id":430,"log_pop":2.7204267277,"log_mass":5.0013181879},{"country_iso":"ECU","city_id":430,"log_pop":3.1202785935,"log_mass":5.3523215926},{"country_iso":"ECU","city_id":430,"log_pop":4.0371734271,"log_mass":6.1268738681},{"country_iso":"ECU","city_id":430,"log_pop":3.2113323815,"log_mass":5.3720104051},{"country_iso":"ECU","city_id":465,"log_pop":2.0998953507,"log_mass":4.8539183276},{"country_iso":"ECU","city_id":465,"log_pop":3.6133179867,"log_mass":6.0198008722},{"country_iso":"ECU","city_id":465,"log_pop":1.1805149299,"log_mass":3.6006033045},{"country_iso":"ECU","city_id":465,"log_pop":1.3260992378,"log_mass":3.9012081975},{"country_iso":"ECU","city_id":465,"log_pop":3.9784608733,"log_mass":6.4883802116},{"country_iso":"ECU","city_id":465,"log_pop":2.9917964482,"log_mass":5.4918179701},{"country_iso":"ECU","city_id":465,"log_pop":2.7899295836,"log_mass":5.4089837942},{"country_iso":"ECU","city_id":465,"log_pop":2.9326459201,"log_mass":5.4545549158},{"country_iso":"ECU","city_id":465,"log_pop":3.6485509575,"log_mass":6.1067593791},{"country_iso":"ECU","city_id":463,"log_pop":2.6660028246,"log_mass":5.4181275966},{"country_iso":"ECU","city_id":463,"log_pop":3.7187129739,"log_mass":5.8573684325},{"country_iso":"ECU","city_id":463,"log_pop":3.5325313222,"log_mass":5.697260907},{"country_iso":"ECU","city_id":463,"log_pop":3.2611524594,"log_mass":5.4059071278},{"country_iso":"ECU","city_id":463,"log_pop":3.4637376748,"log_mass":5.6479458051},{"country_iso":"ECU","city_id":463,"log_pop":2.0474384377,"log_mass":4.9042126152},{"country_iso":"ECU","city_id":463,"log_pop":3.3743499832,"log_mass":5.6867131072},{"country_iso":"ECU","city_id":463,"log_pop":3.6423771962,"log_mass":5.7651731333},{"country_iso":"ECU","city_id":463,"log_pop":3.4436235845,"log_mass":5.5283818715},{"country_iso":"ECU","city_id":479,"log_pop":2.6215896265,"log_mass":5.104126314},{"country_iso":"ECU","city_id":479,"log_pop":4.2069364333,"log_mass":6.4489545403},{"country_iso":"ECU","city_id":479,"log_pop":1.8574545535,"log_mass":4.4332260346},{"country_iso":"ECU","city_id":479,"log_pop":3.9541605508,"log_mass":6.2168729079},{"country_iso":"ECU","city_id":479,"log_pop":3.7683074109,"log_mass":5.9758976133},{"country_iso":"ECU","city_id":479,"log_pop":3.7328080565,"log_mass":6.010725774},{"country_iso":"ECU","city_id":479,"log_pop":0.5368757728,"log_mass":3.1604396658},{"country_iso":"ECU","city_id":479,"log_pop":4.0547949309,"log_mass":6.3300698115},{"country_iso":"ECU","city_id":479,"log_pop":2.4111076247,"log_mass":4.6827106887},{"country_iso":"ECU","city_id":424,"log_pop":2.9600686167,"log_mass":5.2298143646},{"country_iso":"ECU","city_id":424,"log_pop":3.3402904972,"log_mass":5.627075594},{"country_iso":"ECU","city_id":424,"log_pop":3.7986997381,"log_mass":6.0496493347},{"country_iso":"ECU","city_id":424,"log_pop":3.2378299353,"log_mass":5.5405951579},{"country_iso":"ECU","city_id":424,"log_pop":3.9322875722,"log_mass":6.2507344357},{"country_iso":"ECU","city_id":424,"log_pop":3.4218123746,"log_mass":5.7222362027},{"country_iso":"ECU","city_id":424,"log_pop":3.7658945973,"log_mass":6.1068502952},{"country_iso":"ECU","city_id":485,"log_pop":3.7867703005,"log_mass":6.1282236616},{"country_iso":"ECU","city_id":485,"log_pop":3.2417801962,"log_mass":5.5494119363},{"country_iso":"ECU","city_id":485,"log_pop":3.4505104046,"log_mass":5.8494725807},{"country_iso":"ECU","city_id":485,"log_pop":3.4558291529,"log_mass":5.9173811473},{"country_iso":"ECU","city_id":485,"log_pop":-0.1461588267,"log_mass":3.6691737905},{"country_iso":"ECU","city_id":485,"log_pop":3.0498859777,"log_mass":5.2641352003},{"country_iso":"ECU","city_id":496,"log_pop":0.9023368896,"log_mass":3.5202037112},{"country_iso":"ECU","city_id":496,"log_pop":3.4172417922,"log_mass":5.9842596293},{"country_iso":"ECU","city_id":496,"log_pop":2.8611903036,"log_mass":5.5992742366},{"country_iso":"ECU","city_id":496,"log_pop":2.4545816646,"log_mass":4.9255686555},{"country_iso":"ECU","city_id":496,"log_pop":3.4495869735,"log_mass":6.1250384607},{"country_iso":"ECU","city_id":496,"log_pop":3.6180534989,"log_mass":6.2633488217},{"country_iso":"ECU","city_id":429,"log_pop":1.4017927201,"log_mass":3.821088022},{"country_iso":"ECU","city_id":429,"log_pop":1.7405776458,"log_mass":3.9656795278},{"country_iso":"ECU","city_id":429,"log_pop":3.6966004223,"log_mass":5.9037379888},{"country_iso":"ECU","city_id":429,"log_pop":3.5642622743,"log_mass":5.7219063135},{"country_iso":"ECU","city_id":429,"log_pop":3.2740009273,"log_mass":5.4227719538},{"country_iso":"ECU","city_id":475,"log_pop":1.7517464473,"log_mass":4.1989023932},{"country_iso":"ECU","city_id":475,"log_pop":3.3945933984,"log_mass":5.6619928707},{"country_iso":"ECU","city_id":475,"log_pop":3.509237261,"log_mass":5.7074273972},{"country_iso":"ECU","city_id":475,"log_pop":3.1781069307,"log_mass":5.3969910393},{"country_iso":"ECU","city_id":475,"log_pop":3.7748531267,"log_mass":5.9687693551},{"country_iso":"ECU","city_id":426,"log_pop":2.9993597255,"log_mass":5.3768962091},{"country_iso":"ECU","city_id":426,"log_pop":2.8237436902,"log_mass":5.0396071993},{"country_iso":"ECU","city_id":426,"log_pop":2.7455783353,"log_mass":5.3330735438},{"country_iso":"ECU","city_id":426,"log_pop":3.7595247483,"log_mass":6.0278429552},{"country_iso":"ECU","city_id":459,"log_pop":2.2913835139,"log_mass":4.61283097},{"country_iso":"ECU","city_id":459,"log_pop":3.4537781894,"log_mass":5.7316407917},{"country_iso":"ECU","city_id":459,"log_pop":3.1600476846,"log_mass":5.4297666396},{"country_iso":"ECU","city_id":459,"log_pop":3.2637692585,"log_mass":5.5807673244},{"country_iso":"ECU","city_id":431,"log_pop":2.8932818748,"log_mass":5.5230592734},{"country_iso":"ECU","city_id":431,"log_pop":2.7100356222,"log_mass":5.2108310453},{"country_iso":"ECU","city_id":431,"log_pop":2.9000540862,"log_mass":5.5319298345},{"country_iso":"ECU","city_id":437,"log_pop":3.1950974047,"log_mass":5.5603999674},{"country_iso":"ECU","city_id":437,"log_pop":3.8028117628,"log_mass":5.9951617039},{"country_iso":"ECU","city_id":437,"log_pop":3.6331717555,"log_mass":5.8183641665},{"country_iso":"ECU","city_id":435,"log_pop":1.9187553626,"log_mass":4.4895408629},{"country_iso":"ECU","city_id":435,"log_pop":1.7898824068,"log_mass":5.2813931319},{"country_iso":"ECU","city_id":435,"log_pop":2.8454336258,"log_mass":5.5400721517},{"country_iso":"ECU","city_id":438,"log_pop":1.7433595627,"log_mass":4.3167142451},{"country_iso":"ECU","city_id":438,"log_pop":3.1469930559,"log_mass":5.6769968985},{"country_iso":"ECU","city_id":440,"log_pop":2.4756034609,"log_mass":5.5792720261},{"country_iso":"ECU","city_id":440,"log_pop":2.0208963958,"log_mass":5.7043074576},{"country_iso":"ECU","city_id":434,"log_pop":3.5501309455,"log_mass":6.0629301171},{"country_iso":"ECU","city_id":434,"log_pop":2.3734541234,"log_mass":4.9040158228}]