[{"country_iso":"KGZ","city_id":6130,"log_pop":1.6822212069,"log_mass":5.0778892499},{"country_iso":"KGZ","city_id":6130,"log_pop":2.9256542368,"log_mass":6.2557323188},{"country_iso":"KGZ","city_id":6130,"log_pop":4.1404549423,"log_mass":6.8171268922},{"country_iso":"KGZ","city_id":6130,"log_pop":0.2422246494,"log_mass":3.7804606895},{"country_iso":"KGZ","city_id":6130,"log_pop":3.2306102844,"log_mass":6.5935972678},{"country_iso":"KGZ","city_id":6130,"log_pop":3.0931016102,"log_mass":6.5981451863},{"country_iso":"KGZ","city_id":6130,"log_pop":3.237976996,"log_mass":6.6593479192},{"country_iso":"KGZ","city_id":6130,"log_pop":4.9805294786,"log_mass":6.8275930999},{"country_iso":"KGZ","city_id":6130,"log_pop":5.0185801664,"log_mass":6.9251690411},{"country_iso":"KGZ","city_id":6130,"log_pop":4.4917810914,"log_mass":6.5025490713},{"country_iso":"KGZ","city_id":6130,"log_pop":4.8461324367,"log_mass":6.8166970369},{"country_iso":"KGZ","city_id":6130,"log_pop":4.9803067844,"log_mass":6.8598701407},{"country_iso":"KGZ","city_id":6130,"log_pop":4.9457906035,"log_mass":6.9012481566},{"country_iso":"KGZ","city_id":6130,"log_pop":4.736896171,"log_mass":6.7901114347},{"country_iso":"KGZ","city_id":6130,"log_pop":1.6118059221,"log_mass":4.8879111813},{"country_iso":"KGZ","city_id":6130,"log_pop":3.2257373408,"log_mass":6.6060589566},{"country_iso":"KGZ","city_id":6130,"log_pop":2.8803297132,"log_mass":6.3337922915},{"country_iso":"KGZ","city_id":6130,"log_pop":2.102736001,"log_mass":5.6663117858},{"country_iso":"KGZ","city_id":6130,"log_pop":2.4110564069,"log_mass":5.7844230829},{"country_iso":"KGZ","city_id":6130,"log_pop":2.9521699751,"log_mass":6.4128714948},{"country_iso":"KGZ","city_id":6130,"log_pop":4.0103287368,"log_mass":6.6796432885},{"country_iso":"KGZ","city_id":6130,"log_pop":4.7141053971,"log_mass":6.7312700208},{"country_iso":"KGZ","city_id":6130,"log_pop":0.8750224854,"log_mass":4.4119249664},{"country_iso":"KGZ","city_id":6130,"log_pop":1.9627461019,"log_mass":5.4518994341},{"country_iso":"KGZ","city_id":6130,"log_pop":1.5046981566,"log_mass":4.8675964387},{"country_iso":"KGZ","city_id":6130,"log_pop":3.3680005642,"log_mass":6.7158291369},{"country_iso":"KGZ","city_id":6130,"log_pop":3.2362838193,"log_mass":6.5880784319},{"country_iso":"KGZ","city_id":6130,"log_pop":1.7205502302,"log_mass":5.0492199133},{"country_iso":"KGZ","city_id":6130,"log_pop":2.4589445426,"log_mass":5.9214919329},{"country_iso":"KGZ","city_id":6130,"log_pop":4.1881980194,"log_mass":6.8447666166},{"country_iso":"KGZ","city_id":6130,"log_pop":3.1454062948,"log_mass":6.408010371},{"country_iso":"KGZ","city_id":6130,"log_pop":4.1770894334,"log_mass":6.7394158373},{"country_iso":"KGZ","city_id":6130,"log_pop":2.8136775307,"log_mass":6.1217866047},{"country_iso":"KGZ","city_id":6130,"log_pop":1.4147774999,"log_mass":4.9078865741},{"country_iso":"KGZ","city_id":6130,"log_pop":2.8228242147,"log_mass":6.092302074},{"country_iso":"KGZ","city_id":6130,"log_pop":3.2282121456,"log_mass":6.6134331945},{"country_iso":"KGZ","city_id":6130,"log_pop":4.7366101239,"log_mass":6.7237487718},{"country_iso":"KGZ","city_id":6130,"log_pop":2.9492834908,"log_mass":6.3222254311},{"country_iso":"KGZ","city_id":6130,"log_pop":3.2992127262,"log_mass":6.6622723913},{"country_iso":"KGZ","city_id":6130,"log_pop":2.9939704057,"log_mass":6.4054668712},{"country_iso":"KGZ","city_id":6130,"log_pop":4.419756975,"log_mass":6.692231796},{"country_iso":"KGZ","city_id":6130,"log_pop":2.4031194627,"log_mass":5.8020490561},{"country_iso":"KGZ","city_id":6130,"log_pop":2.7948259225,"log_mass":6.1595193176},{"country_iso":"KGZ","city_id":6129,"log_pop":2.3445219657,"log_mass":5.4927125707},{"country_iso":"KGZ","city_id":6129,"log_pop":4.270440963,"log_mass":6.4876971042},{"country_iso":"KGZ","city_id":6129,"log_pop":2.8017411518,"log_mass":5.6756122446},{"country_iso":"KGZ","city_id":6129,"log_pop":4.2105265511,"log_mass":6.5920187077},{"country_iso":"KGZ","city_id":6129,"log_pop":2.873092596,"log_mass":6.0169032942},{"country_iso":"KGZ","city_id":6129,"log_pop":1.6570118612,"log_mass":4.6842492568},{"country_iso":"KGZ","city_id":6129,"log_pop":0.6660641122,"log_mass":3.9895856676},{"country_iso":"KGZ","city_id":6129,"log_pop":2.6861574597,"log_mass":5.8451502462},{"country_iso":"KGZ","city_id":6129,"log_pop":2.2778048028,"log_mass":5.3688288546},{"country_iso":"KGZ","city_id":6129,"log_pop":3.2078358717,"log_mass":5.672536982},{"country_iso":"KGZ","city_id":6129,"log_pop":3.9559862478,"log_mass":6.3003937982},{"country_iso":"KGZ","city_id":6129,"log_pop":2.4426557418,"log_mass":5.3939091889},{"country_iso":"KGZ","city_id":6129,"log_pop":4.1668682339,"log_mass":6.3219799461},{"country_iso":"KGZ","city_id":6129,"log_pop":4.7501974512,"log_mass":6.7774700082},{"country_iso":"KGZ","city_id":6129,"log_pop":3.551771095,"log_mass":6.5699069266},{"country_iso":"KGZ","city_id":6129,"log_pop":4.2608288494,"log_mass":6.4000934968},{"country_iso":"KGZ","city_id":6129,"log_pop":2.9814149731,"log_mass":6.0095113353},{"country_iso":"KGZ","city_id":6129,"log_pop":3.2835998959,"log_mass":6.199993121},{"country_iso":"KGZ","city_id":6129,"log_pop":3.5050376255,"log_mass":6.5535780186},{"country_iso":"KGZ","city_id":6129,"log_pop":4.6282237832,"log_mass":6.7899557932},{"country_iso":"KGZ","city_id":6129,"log_pop":2.9055792458,"log_mass":5.8978421749},{"country_iso":"KGZ","city_id":6126,"log_pop":-0.0569383903,"log_mass":4.2759007384},{"country_iso":"KGZ","city_id":6126,"log_pop":1.5649991017,"log_mass":4.2658197255},{"country_iso":"KGZ","city_id":6126,"log_pop":2.5914512,"log_mass":5.7800374093},{"country_iso":"KGZ","city_id":6126,"log_pop":2.3292249717,"log_mass":5.6019898394},{"country_iso":"KGZ","city_id":6126,"log_pop":1.061516617,"log_mass":4.9391549057},{"country_iso":"KGZ","city_id":6126,"log_pop":2.3017984647,"log_mass":5.4238493503},{"country_iso":"KGZ","city_id":6126,"log_pop":3.452129665,"log_mass":6.4732458224},{"country_iso":"KGZ","city_id":6126,"log_pop":2.4069143028,"log_mass":5.3878054276},{"country_iso":"KGZ","city_id":6126,"log_pop":0.8903178881,"log_mass":4.8519304208},{"country_iso":"KGZ","city_id":6126,"log_pop":2.0297182352,"log_mass":5.2717119965},{"country_iso":"KGZ","city_id":6126,"log_pop":1.2138703508,"log_mass":4.9649469599},{"country_iso":"KGZ","city_id":6110,"log_pop":2.6304134382,"log_mass":6.3986843078},{"country_iso":"KGZ","city_id":6110,"log_pop":2.3601023216,"log_mass":5.7001389329},{"country_iso":"KGZ","city_id":6110,"log_pop":1.9203452833,"log_mass":5.8730235961},{"country_iso":"KGZ","city_id":6110,"log_pop":2.654810041,"log_mass":6.1927487993},{"country_iso":"KGZ","city_id":6110,"log_pop":1.4692126564,"log_mass":4.8123958411},{"country_iso":"KGZ","city_id":6110,"log_pop":0.1093385548,"log_mass":4.4808344694},{"country_iso":"KGZ","city_id":6110,"log_pop":2.8966059462,"log_mass":6.5984167203},{"country_iso":"KGZ","city_id":6110,"log_pop":0.8864357641,"log_mass":4.1634597698},{"country_iso":"KGZ","city_id":6110,"log_pop":2.4258096879,"log_mass":5.7301078519},{"country_iso":"KGZ","city_id":6125,"log_pop":2.8595420563,"log_mass":5.5394030597},{"country_iso":"KGZ","city_id":6125,"log_pop":3.2679235678,"log_mass":6.1524806976},{"country_iso":"KGZ","city_id":6125,"log_pop":2.8358984798,"log_mass":5.7348572408},{"country_iso":"KGZ","city_id":6125,"log_pop":3.6679712049,"log_mass":6.2773137665},{"country_iso":"KGZ","city_id":6125,"log_pop":3.4241442447,"log_mass":6.1332505022},{"country_iso":"KGZ","city_id":6125,"log_pop":2.7401983993,"log_mass":5.6200426882},{"country_iso":"KGZ","city_id":6125,"log_pop":4.0028062514,"log_mass":6.6268883978},{"country_iso":"KGZ","city_id":6125,"log_pop":4.0270148241,"log_mass":6.6691944022},{"country_iso":"KGZ","city_id":6125,"log_pop":3.0802783978,"log_mass":5.947766136},{"country_iso":"KGZ","city_id":6136,"log_pop":1.0024783924,"log_mass":4.0451363591},{"country_iso":"KGZ","city_id":6136,"log_pop":2.2540391987,"log_mass":5.408057759},{"country_iso":"KGZ","city_id":6136,"log_pop":3.6833783511,"log_mass":6.5971053214},{"country_iso":"KGZ","city_id":6136,"log_pop":2.2299561585,"log_mass":4.9592963379},{"country_iso":"KGZ","city_id":6136,"log_pop":2.6053469228,"log_mass":5.5844511648},{"country_iso":"KGZ","city_id":6136,"log_pop":-0.1545874954,"log_mass":3.784232792},{"country_iso":"KGZ","city_id":6136,"log_pop":2.1529677257,"log_mass":5.204631107},{"country_iso":"KGZ","city_id":6136,"log_pop":3.1607619856,"log_mass":6.2189984534},{"country_iso":"KGZ","city_id":6123,"log_pop":0.5350675492,"log_mass":3.6554861592},{"country_iso":"KGZ","city_id":6123,"log_pop":3.3029167344,"log_mass":6.3221319673},{"country_iso":"KGZ","city_id":6123,"log_pop":2.450226383,"log_mass":5.5927542328},{"country_iso":"KGZ","city_id":6123,"log_pop":2.3164146859,"log_mass":5.353941146},{"country_iso":"KGZ","city_id":6123,"log_pop":2.8942505711,"log_mass":5.8352669015},{"country_iso":"KGZ","city_id":6123,"log_pop":2.3188592609,"log_mass":5.1623817881},{"country_iso":"KGZ","city_id":6123,"log_pop":3.3372653958,"log_mass":6.2205728437},{"country_iso":"KGZ","city_id":6071,"log_pop":0.6952176253,"log_mass":4.5402415658}]