[{"country_iso":"NOR","city_id":2493,"log_pop":2.790508003,"log_mass":5.7753481764},{"country_iso":"NOR","city_id":2493,"log_pop":2.1971194259,"log_mass":5.3017084259},{"country_iso":"NOR","city_id":2493,"log_pop":3.254136189,"log_mass":6.1699804977},{"country_iso":"NOR","city_id":2493,"log_pop":3.1368155487,"log_mass":6.0166995703},{"country_iso":"NOR","city_id":2493,"log_pop":3.1837985892,"log_mass":6.0077349332},{"country_iso":"NOR","city_id":2493,"log_pop":2.9322216467,"log_mass":5.7606808852},{"country_iso":"NOR","city_id":2493,"log_pop":3.193151122,"log_mass":6.1669311098},{"country_iso":"NOR","city_id":2493,"log_pop":3.1607233958,"log_mass":6.1185347134},{"country_iso":"NOR","city_id":2493,"log_pop":0.7899668086,"log_mass":3.9586495695},{"country_iso":"NOR","city_id":2493,"log_pop":2.6488446573,"log_mass":5.5768473726},{"country_iso":"NOR","city_id":2493,"log_pop":3.0948572583,"log_mass":6.1598487506},{"country_iso":"NOR","city_id":2493,"log_pop":2.824215255,"log_mass":5.8306460138},{"country_iso":"NOR","city_id":2493,"log_pop":3.450233583,"log_mass":6.3184824055},{"country_iso":"NOR","city_id":2493,"log_pop":3.5372725731,"log_mass":6.3779808964},{"country_iso":"NOR","city_id":2493,"log_pop":3.0741350417,"log_mass":6.1379541078},{"country_iso":"NOR","city_id":2493,"log_pop":3.5069028248,"log_mass":6.5099751638},{"country_iso":"NOR","city_id":2493,"log_pop":3.3071989026,"log_mass":6.1795488338},{"country_iso":"NOR","city_id":2493,"log_pop":3.3138931684,"log_mass":6.1869628602},{"country_iso":"NOR","city_id":2493,"log_pop":2.3917477564,"log_mass":5.4542542305},{"country_iso":"NOR","city_id":2493,"log_pop":-0.2517047554,"log_mass":2.8193298023},{"country_iso":"NOR","city_id":2493,"log_pop":2.8437706672,"log_mass":5.8192184384},{"country_iso":"NOR","city_id":2493,"log_pop":2.4334535574,"log_mass":5.5102487337},{"country_iso":"NOR","city_id":2493,"log_pop":1.1335131449,"log_mass":4.3441380444},{"country_iso":"NOR","city_id":2493,"log_pop":1.0092090375,"log_mass":4.1719732426},{"country_iso":"NOR","city_id":2493,"log_pop":1.3608268994,"log_mass":4.5895189654},{"country_iso":"NOR","city_id":2493,"log_pop":3.2396430679,"log_mass":6.2757241955},{"country_iso":"NOR","city_id":2493,"log_pop":2.4721748383,"log_mass":5.4565015935},{"country_iso":"NOR","city_id":2493,"log_pop":1.9559347378,"log_mass":4.9560491153},{"country_iso":"NOR","city_id":2493,"log_pop":3.6966805615,"log_mass":6.1753172575},{"country_iso":"NOR","city_id":2493,"log_pop":1.8243723061,"log_mass":4.2660970593},{"country_iso":"NOR","city_id":2493,"log_pop":3.287069838,"log_mass":6.0423267455},{"country_iso":"NOR","city_id":2493,"log_pop":3.9535413707,"log_mass":6.4911159721},{"country_iso":"NOR","city_id":2493,"log_pop":3.4217164899,"log_mass":5.9273726779},{"country_iso":"NOR","city_id":2493,"log_pop":3.855790271,"log_mass":6.343902902},{"country_iso":"NOR","city_id":2493,"log_pop":3.2626924134,"log_mass":6.0972113828},{"country_iso":"NOR","city_id":2493,"log_pop":3.394756103,"log_mass":6.2475803623},{"country_iso":"NOR","city_id":2493,"log_pop":3.4620346381,"log_mass":6.3463414626},{"country_iso":"NOR","city_id":2493,"log_pop":3.1349516266,"log_mass":5.6448105468},{"country_iso":"NOR","city_id":2493,"log_pop":1.8593012885,"log_mass":4.7741711831},{"country_iso":"NOR","city_id":2493,"log_pop":4.0638230242,"log_mass":6.8855837525},{"country_iso":"NOR","city_id":2493,"log_pop":4.0150200749,"log_mass":6.7407298049},{"country_iso":"NOR","city_id":2493,"log_pop":4.0327019011,"log_mass":6.8042827548},{"country_iso":"NOR","city_id":2493,"log_pop":4.0455145445,"log_mass":6.6928089086},{"country_iso":"NOR","city_id":2493,"log_pop":4.0146403794,"log_mass":6.8825845541},{"country_iso":"NOR","city_id":2493,"log_pop":3.975029003,"log_mass":6.5507526813},{"country_iso":"NOR","city_id":2493,"log_pop":3.9780707611,"log_mass":6.9518847002},{"country_iso":"NOR","city_id":2493,"log_pop":3.8134247253,"log_mass":6.3035508985},{"country_iso":"NOR","city_id":2493,"log_pop":3.386543008,"log_mass":5.8637546075},{"country_iso":"NOR","city_id":2493,"log_pop":3.6925738682,"log_mass":6.1835845476},{"country_iso":"NOR","city_id":2493,"log_pop":3.7825005609,"log_mass":6.276165754},{"country_iso":"NOR","city_id":2493,"log_pop":3.8270810385,"log_mass":6.3832237193},{"country_iso":"NOR","city_id":2493,"log_pop":3.9690575587,"log_mass":6.5336642174},{"country_iso":"NOR","city_id":2493,"log_pop":3.9607455731,"log_mass":6.4779732982},{"country_iso":"NOR","city_id":2493,"log_pop":3.8302829195,"log_mass":6.3371550196},{"country_iso":"NOR","city_id":2493,"log_pop":2.8381051403,"log_mass":5.8619786881},{"country_iso":"NOR","city_id":2493,"log_pop":3.6675941467,"log_mass":6.3991495653},{"country_iso":"NOR","city_id":2493,"log_pop":3.2570322952,"log_mass":5.9157217362},{"country_iso":"NOR","city_id":2493,"log_pop":3.9349054326,"log_mass":6.4855279804},{"country_iso":"NOR","city_id":2493,"log_pop":3.98127745,"log_mass":6.5788667064},{"country_iso":"NOR","city_id":2493,"log_pop":2.1374645533,"log_mass":4.5501355991},{"country_iso":"NOR","city_id":2493,"log_pop":2.5348665473,"log_mass":5.1674290418},{"country_iso":"NOR","city_id":2493,"log_pop":4.0272751513,"log_mass":6.7056651121},{"country_iso":"NOR","city_id":2493,"log_pop":4.061661833,"log_mass":6.7061531524},{"country_iso":"NOR","city_id":2493,"log_pop":3.9217423713,"log_mass":6.4046979147},{"country_iso":"NOR","city_id":2493,"log_pop":3.8447665357,"log_mass":6.3728203112},{"country_iso":"NOR","city_id":2493,"log_pop":3.7829301299,"log_mass":6.1986198483},{"country_iso":"NOR","city_id":2493,"log_pop":3.8735603502,"log_mass":6.5083005793},{"country_iso":"NOR","city_id":2493,"log_pop":3.9462745508,"log_mass":6.3981914002},{"country_iso":"NOR","city_id":2493,"log_pop":3.5007957738,"log_mass":6.2588831666},{"country_iso":"NOR","city_id":2493,"log_pop":3.5630212202,"log_mass":6.1070149439},{"country_iso":"NOR","city_id":2493,"log_pop":3.8778909769,"log_mass":6.5176678356},{"country_iso":"NOR","city_id":2493,"log_pop":2.8569571017,"log_mass":5.499719254},{"country_iso":"NOR","city_id":2493,"log_pop":3.7785380467,"log_mass":6.1973993703},{"country_iso":"NOR","city_id":2493,"log_pop":2.6647298026,"log_mass":5.3673278041},{"country_iso":"NOR","city_id":2493,"log_pop":1.5612577645,"log_mass":4.3108963549},{"country_iso":"NOR","city_id":2493,"log_pop":3.5730750158,"log_mass":6.0879062542},{"country_iso":"NOR","city_id":2493,"log_pop":3.1528700499,"log_mass":5.7526921326},{"country_iso":"NOR","city_id":2493,"log_pop":3.727177537,"log_mass":6.4925903421},{"country_iso":"NOR","city_id":2493,"log_pop":2.2662865933,"log_mass":5.0510168148},{"country_iso":"NOR","city_id":2493,"log_pop":2.9394507696,"log_mass":6.0863545596},{"country_iso":"NOR","city_id":2493,"log_pop":2.888141885,"log_mass":5.7030019456},{"country_iso":"NOR","city_id":2493,"log_pop":2.329949181,"log_mass":5.3058483972},{"country_iso":"NOR","city_id":2493,"log_pop":2.4281395897,"log_mass":5.5368529425},{"country_iso":"NOR","city_id":2493,"log_pop":0.860449516,"log_mass":3.4717440164},{"country_iso":"NOR","city_id":2493,"log_pop":3.7439951377,"log_mass":6.2819091839},{"country_iso":"NOR","city_id":2493,"log_pop":3.75256315,"log_mass":6.2972536227},{"country_iso":"NOR","city_id":2493,"log_pop":3.5591448974,"log_mass":6.1056937469},{"country_iso":"NOR","city_id":2493,"log_pop":3.3445292,"log_mass":5.9333608681},{"country_iso":"NOR","city_id":2493,"log_pop":3.0264086215,"log_mass":5.5987276626},{"country_iso":"NOR","city_id":2493,"log_pop":3.7106428835,"log_mass":6.2820925892},{"country_iso":"NOR","city_id":2493,"log_pop":3.7048427459,"log_mass":6.3571275841},{"country_iso":"NOR","city_id":2493,"log_pop":3.7288714965,"log_mass":6.2075090891},{"country_iso":"NOR","city_id":2493,"log_pop":3.565209621,"log_mass":6.0089780829},{"country_iso":"NOR","city_id":2493,"log_pop":2.8052417703,"log_mass":5.8839333664},{"country_iso":"NOR","city_id":2493,"log_pop":3.0464525161,"log_mass":5.567025607},{"country_iso":"NOR","city_id":2493,"log_pop":3.0516458589,"log_mass":5.9531650551},{"country_iso":"NOR","city_id":2493,"log_pop":3.456365806,"log_mass":6.2382901524},{"country_iso":"NOR","city_id":2493,"log_pop":2.7508704269,"log_mass":5.7003935248},{"country_iso":"NOR","city_id":2154,"log_pop":3.3696684929,"log_mass":6.6403020462},{"country_iso":"NOR","city_id":2154,"log_pop":2.5506642256,"log_mass":5.7990246425},{"country_iso":"NOR","city_id":2154,"log_pop":3.5444584091,"log_mass":6.6370424255},{"country_iso":"NOR","city_id":2154,"log_pop":2.1571284321,"log_mass":5.1041197923},{"country_iso":"NOR","city_id":2154,"log_pop":2.8938089572,"log_mass":5.9762486128},{"country_iso":"NOR","city_id":2154,"log_pop":2.3234368415,"log_mass":5.5528287421},{"country_iso":"NOR","city_id":2154,"log_pop":3.1740740494,"log_mass":6.1695603093},{"country_iso":"NOR","city_id":2154,"log_pop":3.5001802648,"log_mass":6.3285448377},{"country_iso":"NOR","city_id":2154,"log_pop":3.5560955822,"log_mass":6.4581547734},{"country_iso":"NOR","city_id":2154,"log_pop":3.1898086777,"log_mass":6.2017932085},{"country_iso":"NOR","city_id":2154,"log_pop":1.5512553802,"log_mass":4.2616382715},{"country_iso":"NOR","city_id":2154,"log_pop":3.0696997471,"log_mass":5.8913191609},{"country_iso":"NOR","city_id":2154,"log_pop":3.0928090749,"log_mass":5.9681997983},{"country_iso":"NOR","city_id":2154,"log_pop":3.3724117363,"log_mass":6.2044896555},{"country_iso":"NOR","city_id":2154,"log_pop":2.1031893062,"log_mass":5.0873893024},{"country_iso":"NOR","city_id":2154,"log_pop":2.012300626,"log_mass":5.2497245856},{"country_iso":"NOR","city_id":2154,"log_pop":2.1169243255,"log_mass":5.1937282968},{"country_iso":"NOR","city_id":2154,"log_pop":2.8789916541,"log_mass":5.8420890332},{"country_iso":"NOR","city_id":2154,"log_pop":3.3828585427,"log_mass":6.2164173192},{"country_iso":"NOR","city_id":2154,"log_pop":3.1234921423,"log_mass":5.9476065473},{"country_iso":"NOR","city_id":2154,"log_pop":2.4008361972,"log_mass":5.32601871},{"country_iso":"NOR","city_id":2154,"log_pop":3.3709172914,"log_mass":6.238832917},{"country_iso":"NOR","city_id":2154,"log_pop":3.5922498825,"log_mass":6.4569351928},{"country_iso":"NOR","city_id":2154,"log_pop":2.7196229219,"log_mass":5.7812614777},{"country_iso":"NOR","city_id":2154,"log_pop":2.7537745779,"log_mass":5.7143257157},{"country_iso":"NOR","city_id":2154,"log_pop":2.0374848021,"log_mass":5.0403413702},{"country_iso":"NOR","city_id":2154,"log_pop":3.2481023968,"log_mass":6.1313174488},{"country_iso":"NOR","city_id":2154,"log_pop":3.4524398221,"log_mass":6.3351414174},{"country_iso":"NOR","city_id":2154,"log_pop":3.4496863737,"log_mass":6.3018497755},{"country_iso":"NOR","city_id":2154,"log_pop":3.5206986941,"log_mass":6.386353484},{"country_iso":"NOR","city_id":2154,"log_pop":3.178617306,"log_mass":6.0971862362},{"country_iso":"NOR","city_id":2154,"log_pop":1.3719082191,"log_mass":4.4055840718},{"country_iso":"NOR","city_id":2154,"log_pop":2.9995991835,"log_mass":5.9008061117},{"country_iso":"NOR","city_id":2154,"log_pop":3.5226599614,"log_mass":6.4538217002},{"country_iso":"NOR","city_id":2154,"log_pop":2.8779604011,"log_mass":5.9153521985},{"country_iso":"NOR","city_id":2154,"log_pop":2.6614959667,"log_mass":5.5091155993},{"country_iso":"NOR","city_id":2185,"log_pop":1.8152832265,"log_mass":4.781007788},{"country_iso":"NOR","city_id":2185,"log_pop":3.289544256,"log_mass":6.3417044082},{"country_iso":"NOR","city_id":2185,"log_pop":3.6138288851,"log_mass":6.5282844765},{"country_iso":"NOR","city_id":2185,"log_pop":3.3827022642,"log_mass":6.4498756172},{"country_iso":"NOR","city_id":2185,"log_pop":2.6517852582,"log_mass":5.6430409651},{"country_iso":"NOR","city_id":2185,"log_pop":3.1974156715,"log_mass":6.4068214575},{"country_iso":"NOR","city_id":2185,"log_pop":2.9476621329,"log_mass":5.9122057777},{"country_iso":"NOR","city_id":2185,"log_pop":2.5574021381,"log_mass":5.4597419123},{"country_iso":"NOR","city_id":2185,"log_pop":2.4151996487,"log_mass":5.239085495},{"country_iso":"NOR","city_id":2185,"log_pop":1.6406388129,"log_mass":4.7338748276},{"country_iso":"NOR","city_id":2185,"log_pop":2.4001010862,"log_mass":5.3586807206},{"country_iso":"NOR","city_id":2185,"log_pop":3.246709842,"log_mass":6.2551925961},{"country_iso":"NOR","city_id":2185,"log_pop":3.3945391177,"log_mass":6.4060749249},{"country_iso":"NOR","city_id":2185,"log_pop":0.9857724911,"log_mass":4.2283485635},{"country_iso":"NOR","city_id":2185,"log_pop":2.1135630956,"log_mass":5.1396084851},{"country_iso":"NOR","city_id":2185,"log_pop":2.7721989835,"log_mass":5.8663693741},{"country_iso":"NOR","city_id":2185,"log_pop":3.6142205278,"log_mass":6.2891921539},{"country_iso":"NOR","city_id":2185,"log_pop":3.4445528388,"log_mass":6.1442573575},{"country_iso":"NOR","city_id":2185,"log_pop":3.6775474543,"log_mass":6.3289191387},{"country_iso":"NOR","city_id":2185,"log_pop":3.5543910086,"log_mass":6.2195045292},{"country_iso":"NOR","city_id":2185,"log_pop":2.4300667136,"log_mass":5.4864521813},{"country_iso":"NOR","city_id":2185,"log_pop":2.9145681202,"log_mass":5.6781108105},{"country_iso":"NOR","city_id":2185,"log_pop":3.2291090035,"log_mass":5.9204483237},{"country_iso":"NOR","city_id":2185,"log_pop":3.2939187966,"log_mass":6.092025318},{"country_iso":"NOR","city_id":2185,"log_pop":3.5643693699,"log_mass":6.2571674696},{"country_iso":"NOR","city_id":2185,"log_pop":1.6894319592,"log_mass":4.539447243},{"country_iso":"NOR","city_id":2185,"log_pop":3.8514198382,"log_mass":6.514547177},{"country_iso":"NOR","city_id":2185,"log_pop":3.5244469511,"log_mass":6.260151809},{"country_iso":"NOR","city_id":2185,"log_pop":3.7607544149,"log_mass":6.4871288897},{"country_iso":"NOR","city_id":2185,"log_pop":0.7608102088,"log_mass":4.0118786107},{"country_iso":"NOR","city_id":2185,"log_pop":2.1508383466,"log_mass":4.9586991196},{"country_iso":"NOR","city_id":2185,"log_pop":2.3394324797,"log_mass":4.9044507215},{"country_iso":"NOR","city_id":2185,"log_pop":3.5038615782,"log_mass":6.2440085892},{"country_iso":"NOR","city_id":2185,"log_pop":3.6386796116,"log_mass":6.3234707139},{"country_iso":"NOR","city_id":2185,"log_pop":3.7344533691,"log_mass":6.3858176634},{"country_iso":"NOR","city_id":2185,"log_pop":2.2957011042,"log_mass":5.7649419084},{"country_iso":"NOR","city_id":2429,"log_pop":3.2082864638,"log_mass":6.1934642849},{"country_iso":"NOR","city_id":2429,"log_pop":2.7475063274,"log_mass":5.6494985354},{"country_iso":"NOR","city_id":2429,"log_pop":2.2898916032,"log_mass":5.2645038023},{"country_iso":"NOR","city_id":2429,"log_pop":1.7375208139,"log_mass":4.5037578343},{"country_iso":"NOR","city_id":2429,"log_pop":1.9476530598,"log_mass":5.0747029948},{"country_iso":"NOR","city_id":2429,"log_pop":2.8093861579,"log_mass":5.7256944759},{"country_iso":"NOR","city_id":2429,"log_pop":3.18715162,"log_mass":6.2417055625},{"country_iso":"NOR","city_id":2429,"log_pop":2.4813174545,"log_mass":5.3717656454},{"country_iso":"NOR","city_id":2429,"log_pop":2.9428928183,"log_mass":5.7982387805},{"country_iso":"NOR","city_id":2429,"log_pop":3.3143633807,"log_mass":6.2130424588},{"country_iso":"NOR","city_id":2429,"log_pop":3.4697627948,"log_mass":6.3421466807},{"country_iso":"NOR","city_id":2429,"log_pop":1.3673832121,"log_mass":4.305971515},{"country_iso":"NOR","city_id":2429,"log_pop":1.5940724364,"log_mass":4.5147516093},{"country_iso":"NOR","city_id":2429,"log_pop":2.8776113656,"log_mass":5.9057007463},{"country_iso":"NOR","city_id":2429,"log_pop":1.5976239925,"log_mass":4.4577210518},{"country_iso":"NOR","city_id":2429,"log_pop":3.2424721079,"log_mass":6.2371162086},{"country_iso":"NOR","city_id":2429,"log_pop":2.8318968837,"log_mass":5.8125213549},{"country_iso":"NOR","city_id":2429,"log_pop":1.2737079921,"log_mass":4.2145421872},{"country_iso":"NOR","city_id":2429,"log_pop":1.1968052566,"log_mass":3.914539644},{"country_iso":"NOR","city_id":2429,"log_pop":2.4389399832,"log_mass":5.506590316},{"country_iso":"NOR","city_id":2429,"log_pop":2.3729753963,"log_mass":5.2474254169},{"country_iso":"NOR","city_id":2429,"log_pop":3.0202790057,"log_mass":5.9858695571},{"country_iso":"NOR","city_id":2429,"log_pop":2.9442840041,"log_mass":5.8451748711},{"country_iso":"NOR","city_id":2429,"log_pop":3.2158676916,"log_mass":6.2318212878},{"country_iso":"NOR","city_id":2429,"log_pop":1.5819393486,"log_mass":4.5740288941},{"country_iso":"NOR","city_id":2429,"log_pop":3.5359619231,"log_mass":6.6205624464},{"country_iso":"NOR","city_id":2429,"log_pop":3.1055466498,"log_mass":6.3169714244},{"country_iso":"NOR","city_id":2429,"log_pop":3.4327803277,"log_mass":6.3617645087},{"country_iso":"NOR","city_id":2429,"log_pop":3.412453643,"log_mass":6.4252317261},{"country_iso":"NOR","city_id":2429,"log_pop":3.2284511992,"log_mass":6.4090186147},{"country_iso":"NOR","city_id":2429,"log_pop":2.7241680444,"log_mass":6.0785855398},{"country_iso":"NOR","city_id":2429,"log_pop":3.4775880168,"log_mass":6.5302580501}]