[{"country_iso":"ERI","city_id":5065,"log_pop":0.1858704098,"log_mass":3.1772781899},{"country_iso":"ERI","city_id":5065,"log_pop":1.896392644,"log_mass":4.2102042265},{"country_iso":"ERI","city_id":5065,"log_pop":3.560326577,"log_mass":5.9394817786},{"country_iso":"ERI","city_id":5065,"log_pop":2.3814323296,"log_mass":4.908405076},{"country_iso":"ERI","city_id":5065,"log_pop":1.2699447975,"log_mass":3.9047264937},{"country_iso":"ERI","city_id":5065,"log_pop":3.8922475358,"log_mass":6.0172145025},{"country_iso":"ERI","city_id":5065,"log_pop":3.8793465586,"log_mass":5.9395514966},{"country_iso":"ERI","city_id":5065,"log_pop":3.0133399384,"log_mass":4.9570663382},{"country_iso":"ERI","city_id":5065,"log_pop":1.7593651695,"log_mass":3.6424196513},{"country_iso":"ERI","city_id":5065,"log_pop":2.051753296,"log_mass":4.1904578606},{"country_iso":"ERI","city_id":5065,"log_pop":2.5794245393,"log_mass":5.1248009048},{"country_iso":"ERI","city_id":5065,"log_pop":3.0647628954,"log_mass":5.6244913736},{"country_iso":"ERI","city_id":5065,"log_pop":1.8654016349,"log_mass":3.9755849021},{"country_iso":"ERI","city_id":5112,"log_pop":0.9585657586,"log_mass":3.9320716232},{"country_iso":"ERI","city_id":5184,"log_pop":1.5182006852,"log_mass":4.3011430762},{"country_iso":"ERI","city_id":5172,"log_pop":1.5420203928,"log_mass":4.2597610921},{"country_iso":"ERI","city_id":5069,"log_pop":2.4820727049,"log_mass":4.7468953502}]