[{"country_iso":"URY","city_id":1138,"log_pop":3.68097054,"log_mass":5.9869200883},{"country_iso":"URY","city_id":1138,"log_pop":3.3005203863,"log_mass":5.8136438961},{"country_iso":"URY","city_id":1138,"log_pop":3.8578898719,"log_mass":6.108481554},{"country_iso":"URY","city_id":1138,"log_pop":3.0770782717,"log_mass":5.5476298609},{"country_iso":"URY","city_id":1138,"log_pop":4.1375085973,"log_mass":6.3829982853},{"country_iso":"URY","city_id":1138,"log_pop":2.6827759212,"log_mass":4.9986178197},{"country_iso":"URY","city_id":1138,"log_pop":4.1408377129,"log_mass":6.301630036},{"country_iso":"URY","city_id":1138,"log_pop":2.9243389892,"log_mass":5.5626801729},{"country_iso":"URY","city_id":1138,"log_pop":3.6837859034,"log_mass":5.7464087627},{"country_iso":"URY","city_id":1138,"log_pop":4.2754363129,"log_mass":6.3198116927},{"country_iso":"URY","city_id":1138,"log_pop":4.0767763032,"log_mass":6.3757850392},{"country_iso":"URY","city_id":1138,"log_pop":4.1590526112,"log_mass":6.3150332137},{"country_iso":"URY","city_id":1138,"log_pop":4.2613969348,"log_mass":6.5060235215},{"country_iso":"URY","city_id":1138,"log_pop":4.4049371929,"log_mass":6.5379804408},{"country_iso":"URY","city_id":1138,"log_pop":-1.1026706336,"log_mass":4.719823512},{"country_iso":"URY","city_id":1138,"log_pop":4.1660985532,"log_mass":6.3116565337},{"country_iso":"URY","city_id":1138,"log_pop":3.5269578695,"log_mass":6.0606306655},{"country_iso":"URY","city_id":1138,"log_pop":3.6240948072,"log_mass":6.107686568},{"country_iso":"URY","city_id":1138,"log_pop":3.7966406335,"log_mass":6.2468527532},{"country_iso":"URY","city_id":1138,"log_pop":1.772808207,"log_mass":4.8269939527},{"country_iso":"URY","city_id":1138,"log_pop":3.8950012521,"log_mass":6.1775511277},{"country_iso":"URY","city_id":1138,"log_pop":2.5511287272,"log_mass":5.001407139},{"country_iso":"URY","city_id":1138,"log_pop":4.2586690914,"log_mass":6.4395007241},{"country_iso":"URY","city_id":1138,"log_pop":-0.8272159097,"log_mass":3.7187640613},{"country_iso":"URY","city_id":1138,"log_pop":0.9342444804,"log_mass":4.4552835929},{"country_iso":"URY","city_id":1138,"log_pop":2.2236274591,"log_mass":5.3086250059},{"country_iso":"URY","city_id":1138,"log_pop":1.4447340298,"log_mass":5.4244080069},{"country_iso":"URY","city_id":1138,"log_pop":3.7502787005,"log_mass":5.9371177064},{"country_iso":"URY","city_id":1138,"log_pop":3.0518053223,"log_mass":5.3391577972},{"country_iso":"URY","city_id":1138,"log_pop":3.7401409314,"log_mass":6.284120728},{"country_iso":"URY","city_id":1138,"log_pop":3.8057683062,"log_mass":6.1147609665},{"country_iso":"URY","city_id":1138,"log_pop":3.6899896504,"log_mass":5.9962490998},{"country_iso":"URY","city_id":1138,"log_pop":3.2859216742,"log_mass":5.9159766255},{"country_iso":"URY","city_id":1138,"log_pop":3.9693730716,"log_mass":6.4513466618},{"country_iso":"URY","city_id":1138,"log_pop":2.4755526222,"log_mass":5.0623796213},{"country_iso":"URY","city_id":1138,"log_pop":3.540971645,"log_mass":6.0183936767},{"country_iso":"URY","city_id":1138,"log_pop":3.740910322,"log_mass":6.2826919826},{"country_iso":"URY","city_id":1138,"log_pop":4.2782804473,"log_mass":6.4518863293},{"country_iso":"URY","city_id":1138,"log_pop":4.1687980689,"log_mass":6.2961232227},{"country_iso":"URY","city_id":1138,"log_pop":4.1414027637,"log_mass":6.3505596194},{"country_iso":"URY","city_id":1138,"log_pop":4.1836501978,"log_mass":6.354518919},{"country_iso":"URY","city_id":1138,"log_pop":4.3190826601,"log_mass":6.5497000429},{"country_iso":"URY","city_id":1138,"log_pop":4.3864230442,"log_mass":6.4412881091},{"country_iso":"URY","city_id":1138,"log_pop":4.2107422678,"log_mass":6.4593626945},{"country_iso":"URY","city_id":1138,"log_pop":2.1192482448,"log_mass":4.7662185737},{"country_iso":"URY","city_id":1138,"log_pop":1.4159078022,"log_mass":5.1144064198},{"country_iso":"URY","city_id":1138,"log_pop":2.8150060406,"log_mass":5.3535451667},{"country_iso":"URY","city_id":1138,"log_pop":3.9618052403,"log_mass":6.1728004325},{"country_iso":"URY","city_id":1138,"log_pop":2.5992159521,"log_mass":4.9788758997},{"country_iso":"URY","city_id":1138,"log_pop":3.606656905,"log_mass":5.7354598794},{"country_iso":"URY","city_id":1138,"log_pop":2.1364955117,"log_mass":4.3813163377},{"country_iso":"URY","city_id":1138,"log_pop":3.078914887,"log_mass":5.43555489},{"country_iso":"URY","city_id":1138,"log_pop":3.585445444,"log_mass":5.8921180115},{"country_iso":"URY","city_id":1138,"log_pop":1.3783068066,"log_mass":4.5178076073},{"country_iso":"URY","city_id":1138,"log_pop":3.4754168514,"log_mass":5.8726520926},{"country_iso":"URY","city_id":1138,"log_pop":3.6305833927,"log_mass":5.9863026509},{"country_iso":"URY","city_id":1138,"log_pop":3.2890232956,"log_mass":5.7145524889},{"country_iso":"URY","city_id":1138,"log_pop":4.4407663986,"log_mass":6.6353786008},{"country_iso":"URY","city_id":1138,"log_pop":4.4027202283,"log_mass":6.5508741851},{"country_iso":"URY","city_id":1138,"log_pop":4.4310750127,"log_mass":6.6417049666},{"country_iso":"URY","city_id":1138,"log_pop":4.421753823,"log_mass":6.5601750161},{"country_iso":"URY","city_id":1138,"log_pop":4.5537519595,"log_mass":6.7032880065},{"country_iso":"URY","city_id":1138,"log_pop":4.5448810418,"log_mass":6.6735557523},{"country_iso":"URY","city_id":1138,"log_pop":4.5272233288,"log_mass":6.6776637823},{"country_iso":"URY","city_id":1138,"log_pop":4.2611438242,"log_mass":6.4895436909},{"country_iso":"URY","city_id":1138,"log_pop":4.2744853992,"log_mass":6.4169870847},{"country_iso":"URY","city_id":1138,"log_pop":3.9137938762,"log_mass":6.1881987495},{"country_iso":"URY","city_id":1138,"log_pop":3.9181541376,"log_mass":6.2167813034},{"country_iso":"URY","city_id":1138,"log_pop":4.2921099545,"log_mass":6.455044021},{"country_iso":"URY","city_id":1138,"log_pop":4.1228881552,"log_mass":6.4140057889},{"country_iso":"URY","city_id":1138,"log_pop":4.1907230557,"log_mass":6.3508204568},{"country_iso":"URY","city_id":1138,"log_pop":4.2026781857,"log_mass":6.3863689944},{"country_iso":"URY","city_id":1138,"log_pop":4.3174655202,"log_mass":6.538014794},{"country_iso":"URY","city_id":1138,"log_pop":2.9278015727,"log_mass":5.9122797426},{"country_iso":"URY","city_id":1138,"log_pop":2.9105772455,"log_mass":5.447851024},{"country_iso":"URY","city_id":1138,"log_pop":4.3531094147,"log_mass":6.5352054197},{"country_iso":"URY","city_id":1138,"log_pop":4.4632271489,"log_mass":6.5091741958},{"country_iso":"URY","city_id":1138,"log_pop":4.0323540768,"log_mass":6.4256227137},{"country_iso":"URY","city_id":1138,"log_pop":4.5424404026,"log_mass":6.5975203667},{"country_iso":"URY","city_id":1138,"log_pop":3.9858816142,"log_mass":6.5162792388},{"country_iso":"URY","city_id":1138,"log_pop":4.763073499,"log_mass":6.7917481891},{"country_iso":"URY","city_id":1138,"log_pop":4.5241694316,"log_mass":6.6778140238},{"country_iso":"URY","city_id":1138,"log_pop":3.318948259,"log_mass":5.4856996696},{"country_iso":"URY","city_id":1138,"log_pop":3.9929186914,"log_mass":6.0982674483},{"country_iso":"URY","city_id":1138,"log_pop":3.3093788503,"log_mass":5.8657886513},{"country_iso":"URY","city_id":1138,"log_pop":4.5974074544,"log_mass":6.6926474997},{"country_iso":"URY","city_id":1138,"log_pop":1.8763133719,"log_mass":5.0789505083},{"country_iso":"URY","city_id":1138,"log_pop":4.4378488155,"log_mass":6.5338440185},{"country_iso":"URY","city_id":1138,"log_pop":4.5061717907,"log_mass":6.4075198379},{"country_iso":"URY","city_id":1146,"log_pop":1.4544752083,"log_mass":3.877921859},{"country_iso":"URY","city_id":1146,"log_pop":3.7370751397,"log_mass":6.2879196176},{"country_iso":"URY","city_id":1146,"log_pop":2.5782655757,"log_mass":5.2494005536},{"country_iso":"URY","city_id":1146,"log_pop":1.6382946486,"log_mass":4.1617810444},{"country_iso":"URY","city_id":1146,"log_pop":3.8878196127,"log_mass":6.4159596569},{"country_iso":"URY","city_id":1146,"log_pop":3.2964188477,"log_mass":5.7821182077},{"country_iso":"URY","city_id":1146,"log_pop":3.251605671,"log_mass":5.8432183973},{"country_iso":"URY","city_id":1146,"log_pop":1.3084056991,"log_mass":3.7840915472},{"country_iso":"URY","city_id":1146,"log_pop":3.0917698651,"log_mass":5.634755939},{"country_iso":"URY","city_id":1146,"log_pop":3.0312683783,"log_mass":5.5880921908},{"country_iso":"URY","city_id":1146,"log_pop":3.8250002021,"log_mass":6.309644396},{"country_iso":"URY","city_id":1146,"log_pop":3.7025513648,"log_mass":6.2221564461},{"country_iso":"URY","city_id":1146,"log_pop":3.7246371481,"log_mass":6.1821584426},{"country_iso":"URY","city_id":1146,"log_pop":3.3665497755,"log_mass":5.9640835099},{"country_iso":"URY","city_id":1146,"log_pop":3.655327437,"log_mass":6.202364076},{"country_iso":"URY","city_id":1146,"log_pop":1.6165051152,"log_mass":4.3700625314},{"country_iso":"URY","city_id":1146,"log_pop":3.9294575139,"log_mass":6.4056474565},{"country_iso":"URY","city_id":1146,"log_pop":2.1756806007,"log_mass":4.9367269441},{"country_iso":"URY","city_id":1146,"log_pop":3.7246709328,"log_mass":6.2328665818},{"country_iso":"URY","city_id":1146,"log_pop":3.2809198552,"log_mass":5.8604817076},{"country_iso":"URY","city_id":1146,"log_pop":0.2079143131,"log_mass":3.724671426},{"country_iso":"URY","city_id":1146,"log_pop":2.7864160224,"log_mass":5.3712952772},{"country_iso":"URY","city_id":1137,"log_pop":3.9326598561,"log_mass":6.1557273742},{"country_iso":"URY","city_id":1137,"log_pop":3.4731275738,"log_mass":5.7281983218},{"country_iso":"URY","city_id":1137,"log_pop":-0.6684176667,"log_mass":3.8213785957},{"country_iso":"URY","city_id":1137,"log_pop":4.2525659886,"log_mass":6.4496494642},{"country_iso":"URY","city_id":1137,"log_pop":3.8238952207,"log_mass":6.0696149654},{"country_iso":"URY","city_id":1137,"log_pop":3.5388775479,"log_mass":5.911712233},{"country_iso":"URY","city_id":1137,"log_pop":-1.2550134483,"log_mass":3.0677150808},{"country_iso":"URY","city_id":1137,"log_pop":2.6903332772,"log_mass":4.9905050067},{"country_iso":"URY","city_id":1137,"log_pop":3.3869827983,"log_mass":5.8079877126},{"country_iso":"URY","city_id":1137,"log_pop":1.1535136081,"log_mass":4.6664486978},{"country_iso":"URY","city_id":1137,"log_pop":3.5083981236,"log_mass":5.8084564246},{"country_iso":"URY","city_id":1137,"log_pop":4.0405462017,"log_mass":6.2883592871},{"country_iso":"URY","city_id":1137,"log_pop":3.1304552388,"log_mass":5.2318775404},{"country_iso":"URY","city_id":1137,"log_pop":3.8988062563,"log_mass":6.1149228921},{"country_iso":"URY","city_id":1137,"log_pop":3.9316811628,"log_mass":6.2586418723},{"country_iso":"URY","city_id":1137,"log_pop":3.3717777093,"log_mass":5.7649912324},{"country_iso":"URY","city_id":1113,"log_pop":1.4533520489,"log_mass":4.3618213219},{"country_iso":"URY","city_id":1113,"log_pop":2.3296618728,"log_mass":4.8676327998},{"country_iso":"URY","city_id":1113,"log_pop":3.8814938128,"log_mass":6.1279800933},{"country_iso":"URY","city_id":1113,"log_pop":2.3356289346,"log_mass":4.7461783537},{"country_iso":"URY","city_id":1113,"log_pop":0.3835551719,"log_mass":4.2135499759},{"country_iso":"URY","city_id":1113,"log_pop":-0.0729292904,"log_mass":2.7739264711},{"country_iso":"URY","city_id":1113,"log_pop":1.7596314039,"log_mass":4.3249065271},{"country_iso":"URY","city_id":1113,"log_pop":4.1300330911,"log_mass":6.356206562},{"country_iso":"URY","city_id":1113,"log_pop":3.5567854679,"log_mass":5.9295416205},{"country_iso":"URY","city_id":1113,"log_pop":3.5193902597,"log_mass":5.6365832941},{"country_iso":"URY","city_id":1113,"log_pop":3.534002692,"log_mass":5.8713484548},{"country_iso":"URY","city_id":1113,"log_pop":3.2389960218,"log_mass":5.6878493804},{"country_iso":"URY","city_id":1113,"log_pop":3.5148268157,"log_mass":5.6013357774},{"country_iso":"URY","city_id":1098,"log_pop":1.794036656,"log_mass":4.6689373115},{"country_iso":"URY","city_id":1098,"log_pop":2.4785841195,"log_mass":5.0309082589},{"country_iso":"URY","city_id":1098,"log_pop":3.5232701428,"log_mass":5.6916493782},{"country_iso":"URY","city_id":1098,"log_pop":2.9778241829,"log_mass":5.3561297583},{"country_iso":"URY","city_id":1098,"log_pop":1.9807996059,"log_mass":4.419576041},{"country_iso":"URY","city_id":1098,"log_pop":4.228703384,"log_mass":6.5728830272},{"country_iso":"URY","city_id":1098,"log_pop":2.8284106636,"log_mass":5.3884963637},{"country_iso":"URY","city_id":1098,"log_pop":4.152386078,"log_mass":6.4517850502},{"country_iso":"URY","city_id":1098,"log_pop":3.8763917413,"log_mass":6.2511179939},{"country_iso":"URY","city_id":1098,"log_pop":3.5571477504,"log_mass":5.7346114075},{"country_iso":"URY","city_id":1098,"log_pop":3.308735044,"log_mass":5.4452545887},{"country_iso":"URY","city_id":1098,"log_pop":3.7697770873,"log_mass":6.0943930186},{"country_iso":"URY","city_id":1163,"log_pop":2.6447911217,"log_mass":5.5122949643},{"country_iso":"URY","city_id":1163,"log_pop":3.715019798,"log_mass":6.1347323062},{"country_iso":"URY","city_id":1163,"log_pop":3.5541404119,"log_mass":5.7019058066},{"country_iso":"URY","city_id":1163,"log_pop":1.9521832231,"log_mass":4.9900681193},{"country_iso":"URY","city_id":1163,"log_pop":4.0183509822,"log_mass":6.2645126793},{"country_iso":"URY","city_id":1163,"log_pop":3.0423032932,"log_mass":5.435002764},{"country_iso":"URY","city_id":1163,"log_pop":3.8201134644,"log_mass":6.1952577416},{"country_iso":"URY","city_id":1163,"log_pop":4.0806142763,"log_mass":6.0520804579},{"country_iso":"URY","city_id":1163,"log_pop":3.8368662259,"log_mass":6.057938146},{"country_iso":"URY","city_id":1163,"log_pop":1.5298505479,"log_mass":4.578242463},{"country_iso":"URY","city_id":1163,"log_pop":2.9453450148,"log_mass":5.3926408568},{"country_iso":"URY","city_id":1163,"log_pop":4.4033877797,"log_mass":6.4916671581}]