[{"country_iso":"LVA","city_id":3269,"log_pop":3.9181840563,"log_mass":6.5226515903},{"country_iso":"LVA","city_id":3269,"log_pop":3.4825868281,"log_mass":6.1529900125},{"country_iso":"LVA","city_id":3269,"log_pop":3.5518918265,"log_mass":6.3629093326},{"country_iso":"LVA","city_id":3269,"log_pop":3.7927603655,"log_mass":6.3974694281},{"country_iso":"LVA","city_id":3269,"log_pop":3.6791037278,"log_mass":6.3516580407},{"country_iso":"LVA","city_id":3269,"log_pop":2.5446981158,"log_mass":5.0634421238},{"country_iso":"LVA","city_id":3269,"log_pop":3.7733049692,"log_mass":6.4515596408},{"country_iso":"LVA","city_id":3269,"log_pop":3.8617095112,"log_mass":6.4028201831},{"country_iso":"LVA","city_id":3269,"log_pop":2.3570262554,"log_mass":5.0227553245},{"country_iso":"LVA","city_id":3269,"log_pop":2.7280813787,"log_mass":5.3022612033},{"country_iso":"LVA","city_id":3269,"log_pop":2.5648801544,"log_mass":5.2554424517},{"country_iso":"LVA","city_id":3269,"log_pop":3.2703616588,"log_mass":5.9754996293},{"country_iso":"LVA","city_id":3269,"log_pop":1.4544934696,"log_mass":4.3074932796},{"country_iso":"LVA","city_id":3269,"log_pop":3.3257663119,"log_mass":6.0190793177},{"country_iso":"LVA","city_id":3269,"log_pop":4.0861164842,"log_mass":6.7175388928},{"country_iso":"LVA","city_id":3269,"log_pop":4.0441683284,"log_mass":6.7376559047},{"country_iso":"LVA","city_id":3269,"log_pop":4.052710222,"log_mass":6.7850258977},{"country_iso":"LVA","city_id":3269,"log_pop":4.1039991692,"log_mass":6.933407282},{"country_iso":"LVA","city_id":3269,"log_pop":3.8417193394,"log_mass":6.4682854011},{"country_iso":"LVA","city_id":3269,"log_pop":3.6510377759,"log_mass":6.2618550565},{"country_iso":"LVA","city_id":3269,"log_pop":3.7852824503,"log_mass":6.3845059308},{"country_iso":"LVA","city_id":3269,"log_pop":2.846119465,"log_mass":5.4267738583},{"country_iso":"LVA","city_id":3269,"log_pop":3.1888312068,"log_mass":5.7860996647},{"country_iso":"LVA","city_id":3269,"log_pop":3.6438512514,"log_mass":6.2189793799},{"country_iso":"LVA","city_id":3269,"log_pop":2.2636386061,"log_mass":4.9032076621},{"country_iso":"LVA","city_id":3269,"log_pop":2.4723913424,"log_mass":4.9062467468},{"country_iso":"LVA","city_id":3269,"log_pop":3.6648388904,"log_mass":6.2470254619},{"country_iso":"LVA","city_id":3269,"log_pop":3.1528572218,"log_mass":5.8594061505},{"country_iso":"LVA","city_id":3269,"log_pop":2.7062495458,"log_mass":5.4272450204},{"country_iso":"LVA","city_id":3269,"log_pop":3.6909572267,"log_mass":6.1868425256},{"country_iso":"LVA","city_id":3269,"log_pop":2.9928494621,"log_mass":5.5220079505},{"country_iso":"LVA","city_id":3269,"log_pop":4.0058339516,"log_mass":6.5813560119},{"country_iso":"LVA","city_id":3269,"log_pop":4.0043735402,"log_mass":6.5860217305},{"country_iso":"LVA","city_id":3269,"log_pop":3.7244318499,"log_mass":6.2456474227},{"country_iso":"LVA","city_id":3269,"log_pop":4.0538526551,"log_mass":6.539235631},{"country_iso":"LVA","city_id":3269,"log_pop":3.9439622524,"log_mass":6.5511770469},{"country_iso":"LVA","city_id":3269,"log_pop":4.0792832211,"log_mass":6.6205209942},{"country_iso":"LVA","city_id":3269,"log_pop":3.7826930167,"log_mass":6.2871744676},{"country_iso":"LVA","city_id":3269,"log_pop":3.3922236064,"log_mass":5.9420901243},{"country_iso":"LVA","city_id":3269,"log_pop":3.7937633292,"log_mass":6.2719526029},{"country_iso":"LVA","city_id":3269,"log_pop":3.767316241,"log_mass":6.5326206966},{"country_iso":"LVA","city_id":3269,"log_pop":4.0997114616,"log_mass":6.5956350269},{"country_iso":"LVA","city_id":3269,"log_pop":3.2513991193,"log_mass":5.9235949715},{"country_iso":"LVA","city_id":3269,"log_pop":1.5361779014,"log_mass":4.0934296385},{"country_iso":"LVA","city_id":3269,"log_pop":3.6787688562,"log_mass":6.2457352258},{"country_iso":"LVA","city_id":3269,"log_pop":3.1171682659,"log_mass":5.7169795743},{"country_iso":"LVA","city_id":3269,"log_pop":4.0253588785,"log_mass":6.6641673535},{"country_iso":"LVA","city_id":3269,"log_pop":3.2937841544,"log_mass":6.0396652003},{"country_iso":"LVA","city_id":3269,"log_pop":3.7855077415,"log_mass":6.3617759195},{"country_iso":"LVA","city_id":3269,"log_pop":3.5932816336,"log_mass":6.1385753942},{"country_iso":"LVA","city_id":3269,"log_pop":4.0706147686,"log_mass":6.6576019948},{"country_iso":"LVA","city_id":3269,"log_pop":3.7287361093,"log_mass":6.2752831717},{"country_iso":"LVA","city_id":3269,"log_pop":4.1315434802,"log_mass":6.7399795648},{"country_iso":"LVA","city_id":3269,"log_pop":3.876824255,"log_mass":6.4096131208},{"country_iso":"LVA","city_id":3269,"log_pop":3.6883899509,"log_mass":6.3454944693},{"country_iso":"LVA","city_id":3269,"log_pop":4.0796626699,"log_mass":6.9682766156},{"country_iso":"LVA","city_id":3269,"log_pop":4.0692805696,"log_mass":6.6835230733},{"country_iso":"LVA","city_id":3269,"log_pop":3.9639334599,"log_mass":6.5239295104},{"country_iso":"LVA","city_id":3162,"log_pop":3.764656874,"log_mass":6.5552510021},{"country_iso":"LVA","city_id":3162,"log_pop":2.1406233634,"log_mass":5.25409938},{"country_iso":"LVA","city_id":3162,"log_pop":3.1796735604,"log_mass":5.9835529412},{"country_iso":"LVA","city_id":3162,"log_pop":2.4017076959,"log_mass":5.1879597845},{"country_iso":"LVA","city_id":3162,"log_pop":3.3756267721,"log_mass":6.1238508726},{"country_iso":"LVA","city_id":3162,"log_pop":3.7456380893,"log_mass":6.4588163044},{"country_iso":"LVA","city_id":3162,"log_pop":2.4298211085,"log_mass":4.988191117},{"country_iso":"LVA","city_id":3162,"log_pop":3.7937268046,"log_mass":6.4714048803},{"country_iso":"LVA","city_id":3162,"log_pop":2.3434644968,"log_mass":5.0195146678},{"country_iso":"LVA","city_id":3162,"log_pop":3.9488071142,"log_mass":6.6494151263},{"country_iso":"LVA","city_id":3162,"log_pop":3.187406967,"log_mass":5.9695022045},{"country_iso":"LVA","city_id":3162,"log_pop":3.1672421349,"log_mass":5.8922556327},{"country_iso":"LVA","city_id":3162,"log_pop":2.3514280844,"log_mass":5.1096216634},{"country_iso":"LVA","city_id":3162,"log_pop":3.4904058771,"log_mass":6.2263399938},{"country_iso":"LVA","city_id":3362,"log_pop":1.1854899844,"log_mass":3.8876019573},{"country_iso":"LVA","city_id":3362,"log_pop":3.3943920902,"log_mass":6.1166048746},{"country_iso":"LVA","city_id":3362,"log_pop":3.5287388723,"log_mass":6.3856490855},{"country_iso":"LVA","city_id":3362,"log_pop":2.7529984516,"log_mass":5.4419380235},{"country_iso":"LVA","city_id":3362,"log_pop":2.5609501379,"log_mass":5.2179690866},{"country_iso":"LVA","city_id":3362,"log_pop":3.7498374208,"log_mass":6.4902597497},{"country_iso":"LVA","city_id":3362,"log_pop":2.1896202599,"log_mass":4.9797752287},{"country_iso":"LVA","city_id":3362,"log_pop":3.0829319914,"log_mass":5.7277758584},{"country_iso":"LVA","city_id":3362,"log_pop":3.9534780519,"log_mass":6.6633690907},{"country_iso":"LVA","city_id":3362,"log_pop":3.4771641729,"log_mass":6.1969867353},{"country_iso":"LVA","city_id":3362,"log_pop":3.790816393,"log_mass":6.5412147256}]