[{"country_iso":"ZMB","city_id":3798,"log_pop":1.2002605964,"log_mass":4.42532443},{"country_iso":"ZMB","city_id":3798,"log_pop":3.0333901034,"log_mass":5.5163188097},{"country_iso":"ZMB","city_id":3798,"log_pop":3.938721871,"log_mass":6.1148849544},{"country_iso":"ZMB","city_id":3798,"log_pop":2.9473881053,"log_mass":5.4993665123},{"country_iso":"ZMB","city_id":3798,"log_pop":4.2959793593,"log_mass":6.6005007802},{"country_iso":"ZMB","city_id":3798,"log_pop":0.9579160536,"log_mass":3.7724936451},{"country_iso":"ZMB","city_id":3798,"log_pop":4.1626316734,"log_mass":6.2244204377},{"country_iso":"ZMB","city_id":3798,"log_pop":4.4121644553,"log_mass":6.4425636752},{"country_iso":"ZMB","city_id":3798,"log_pop":3.6762406318,"log_mass":5.7255515018},{"country_iso":"ZMB","city_id":3798,"log_pop":3.6381200095,"log_mass":5.9745449744},{"country_iso":"ZMB","city_id":3798,"log_pop":4.1703278369,"log_mass":6.2392315757},{"country_iso":"ZMB","city_id":3798,"log_pop":2.0562819254,"log_mass":4.531131188},{"country_iso":"ZMB","city_id":3798,"log_pop":1.4046794975,"log_mass":4.0246646248},{"country_iso":"ZMB","city_id":3798,"log_pop":2.2993702508,"log_mass":4.9988949804},{"country_iso":"ZMB","city_id":3798,"log_pop":3.6860627496,"log_mass":5.881391788},{"country_iso":"ZMB","city_id":3798,"log_pop":3.8469012771,"log_mass":5.8483736006},{"country_iso":"ZMB","city_id":3798,"log_pop":4.1858510286,"log_mass":6.2074665861},{"country_iso":"ZMB","city_id":3798,"log_pop":3.6675419041,"log_mass":5.5715799612},{"country_iso":"ZMB","city_id":3798,"log_pop":2.809287186,"log_mass":4.8164231786},{"country_iso":"ZMB","city_id":3798,"log_pop":1.6519922736,"log_mass":4.4756140036},{"country_iso":"ZMB","city_id":3798,"log_pop":4.480274581,"log_mass":6.6339739635},{"country_iso":"ZMB","city_id":3798,"log_pop":4.7564385252,"log_mass":6.7045868368},{"country_iso":"ZMB","city_id":3798,"log_pop":4.6646728787,"log_mass":6.4667674671},{"country_iso":"ZMB","city_id":3798,"log_pop":4.7681838088,"log_mass":6.5435063917},{"country_iso":"ZMB","city_id":3798,"log_pop":4.1902210545,"log_mass":6.5781499028},{"country_iso":"ZMB","city_id":3798,"log_pop":4.4790260412,"log_mass":6.7790085247},{"country_iso":"ZMB","city_id":3798,"log_pop":4.457731098,"log_mass":6.4496297054},{"country_iso":"ZMB","city_id":3798,"log_pop":4.4426900641,"log_mass":6.2606148957},{"country_iso":"ZMB","city_id":3798,"log_pop":4.0802803915,"log_mass":5.7604212661},{"country_iso":"ZMB","city_id":3798,"log_pop":4.5301389367,"log_mass":6.5803035417},{"country_iso":"ZMB","city_id":3798,"log_pop":3.5646811642,"log_mass":5.5478170737},{"country_iso":"ZMB","city_id":3798,"log_pop":4.7773132564,"log_mass":6.5220483538},{"country_iso":"ZMB","city_id":3798,"log_pop":3.9869101337,"log_mass":6.1539513426},{"country_iso":"ZMB","city_id":3798,"log_pop":4.1944945207,"log_mass":5.9977702253},{"country_iso":"ZMB","city_id":3798,"log_pop":2.4420654885,"log_mass":5.4239113815},{"country_iso":"ZMB","city_id":3798,"log_pop":3.328193528,"log_mass":5.5056439853},{"country_iso":"ZMB","city_id":3798,"log_pop":4.3272998947,"log_mass":6.3708434407},{"country_iso":"ZMB","city_id":3798,"log_pop":4.6019909008,"log_mass":6.4819766692},{"country_iso":"ZMB","city_id":3798,"log_pop":3.6494775065,"log_mass":6.1961562785},{"country_iso":"ZMB","city_id":3798,"log_pop":4.1498766605,"log_mass":5.9961111002},{"country_iso":"ZMB","city_id":3798,"log_pop":3.0326070426,"log_mass":4.9623278905},{"country_iso":"ZMB","city_id":3798,"log_pop":0.6145886779,"log_mass":2.981953313},{"country_iso":"ZMB","city_id":3798,"log_pop":3.0248922306,"log_mass":5.0633710043},{"country_iso":"ZMB","city_id":3798,"log_pop":4.7789449415,"log_mass":6.6058246123},{"country_iso":"ZMB","city_id":3798,"log_pop":4.5838019636,"log_mass":6.3868112984},{"country_iso":"ZMB","city_id":3798,"log_pop":4.3059501642,"log_mass":6.2009738141},{"country_iso":"ZMB","city_id":3798,"log_pop":4.5728210582,"log_mass":6.6927885078},{"country_iso":"ZMB","city_id":3798,"log_pop":4.5338790794,"log_mass":6.6816227729},{"country_iso":"ZMB","city_id":3798,"log_pop":4.361277385,"log_mass":6.5320448886},{"country_iso":"ZMB","city_id":3798,"log_pop":4.566411885,"log_mass":6.7197644065},{"country_iso":"ZMB","city_id":3798,"log_pop":4.202953668,"log_mass":6.360764197},{"country_iso":"ZMB","city_id":3798,"log_pop":4.2724733492,"log_mass":6.4390881073},{"country_iso":"ZMB","city_id":3798,"log_pop":4.554857769,"log_mass":6.6562450126},{"country_iso":"ZMB","city_id":3798,"log_pop":4.5896300248,"log_mass":6.6846300247},{"country_iso":"ZMB","city_id":3798,"log_pop":4.0900606869,"log_mass":6.2448455771},{"country_iso":"ZMB","city_id":3798,"log_pop":4.4980010779,"log_mass":6.5740360754},{"country_iso":"ZMB","city_id":3798,"log_pop":4.1869810083,"log_mass":6.2255304451},{"country_iso":"ZMB","city_id":3798,"log_pop":4.4631187783,"log_mass":6.5448490997},{"country_iso":"ZMB","city_id":3798,"log_pop":4.0691705177,"log_mass":6.1295569647},{"country_iso":"ZMB","city_id":3798,"log_pop":4.5987295937,"log_mass":6.7530667066},{"country_iso":"ZMB","city_id":3798,"log_pop":4.0659130799,"log_mass":6.4978368944},{"country_iso":"ZMB","city_id":3798,"log_pop":4.1437616861,"log_mass":6.2856113561},{"country_iso":"ZMB","city_id":3798,"log_pop":4.4125034022,"log_mass":6.4758419917},{"country_iso":"ZMB","city_id":3798,"log_pop":4.2939670304,"log_mass":6.2889672839},{"country_iso":"ZMB","city_id":3798,"log_pop":3.3156852642,"log_mass":5.8072579122},{"country_iso":"ZMB","city_id":3798,"log_pop":4.0208970297,"log_mass":6.1545155985},{"country_iso":"ZMB","city_id":3798,"log_pop":3.7581798352,"log_mass":6.0055397719},{"country_iso":"ZMB","city_id":3811,"log_pop":2.9569641686,"log_mass":5.4298332005},{"country_iso":"ZMB","city_id":3811,"log_pop":3.939939025,"log_mass":6.4563966145},{"country_iso":"ZMB","city_id":3811,"log_pop":3.74785414,"log_mass":6.1185209764},{"country_iso":"ZMB","city_id":3811,"log_pop":4.1403097648,"log_mass":6.418220203},{"country_iso":"ZMB","city_id":3811,"log_pop":4.061634634,"log_mass":6.5111492709},{"country_iso":"ZMB","city_id":3811,"log_pop":3.2485202872,"log_mass":5.7148513152},{"country_iso":"ZMB","city_id":3811,"log_pop":1.6914186486,"log_mass":4.1741991614},{"country_iso":"ZMB","city_id":3811,"log_pop":3.7676418084,"log_mass":6.2638760233},{"country_iso":"ZMB","city_id":3811,"log_pop":2.6858411359,"log_mass":5.2420337382},{"country_iso":"ZMB","city_id":3811,"log_pop":3.2831581755,"log_mass":5.7736009406},{"country_iso":"ZMB","city_id":3811,"log_pop":3.4593240198,"log_mass":6.0234124075},{"country_iso":"ZMB","city_id":3811,"log_pop":2.9782548448,"log_mass":5.5143525117},{"country_iso":"ZMB","city_id":3811,"log_pop":0.8085397443,"log_mass":4.6605927404},{"country_iso":"ZMB","city_id":3811,"log_pop":3.72690176,"log_mass":5.9975317714},{"country_iso":"ZMB","city_id":3811,"log_pop":3.2558770981,"log_mass":5.6045831612},{"country_iso":"ZMB","city_id":3811,"log_pop":3.8869870094,"log_mass":6.1743307915},{"country_iso":"ZMB","city_id":3811,"log_pop":3.9327197991,"log_mass":6.2212212396},{"country_iso":"ZMB","city_id":3811,"log_pop":3.8112734097,"log_mass":5.9933823531},{"country_iso":"ZMB","city_id":3811,"log_pop":3.7000636421,"log_mass":5.9487213746},{"country_iso":"ZMB","city_id":3811,"log_pop":3.0643888186,"log_mass":5.3278612198},{"country_iso":"ZMB","city_id":3811,"log_pop":3.9886976909,"log_mass":6.4995516498},{"country_iso":"ZMB","city_id":3811,"log_pop":3.9384956101,"log_mass":6.4057949748},{"country_iso":"ZMB","city_id":3811,"log_pop":4.2246910536,"log_mass":6.4778425584},{"country_iso":"ZMB","city_id":3811,"log_pop":4.0827425392,"log_mass":6.4029623754},{"country_iso":"ZMB","city_id":3811,"log_pop":4.1578793639,"log_mass":6.3704736882},{"country_iso":"ZMB","city_id":3811,"log_pop":4.0379736881,"log_mass":6.5689476487},{"country_iso":"ZMB","city_id":3811,"log_pop":4.2284669578,"log_mass":6.3899636952},{"country_iso":"ZMB","city_id":3811,"log_pop":2.9869335581,"log_mass":5.1392488343},{"country_iso":"ZMB","city_id":3811,"log_pop":2.9987929879,"log_mass":5.5708759101},{"country_iso":"ZMB","city_id":3811,"log_pop":3.6663209211,"log_mass":5.9918077551},{"country_iso":"ZMB","city_id":3811,"log_pop":3.4706682311,"log_mass":5.8241311553},{"country_iso":"ZMB","city_id":3859,"log_pop":3.9785472627,"log_mass":6.2205042801},{"country_iso":"ZMB","city_id":3859,"log_pop":4.0862659977,"log_mass":6.4369138528},{"country_iso":"ZMB","city_id":3859,"log_pop":4.191113802,"log_mass":6.4365479322},{"country_iso":"ZMB","city_id":3859,"log_pop":4.3204481386,"log_mass":6.568073942},{"country_iso":"ZMB","city_id":3859,"log_pop":0.6319817991,"log_mass":3.3243872584},{"country_iso":"ZMB","city_id":3859,"log_pop":3.5231801401,"log_mass":6.0355585093},{"country_iso":"ZMB","city_id":3859,"log_pop":3.3205830375,"log_mass":5.6389470407},{"country_iso":"ZMB","city_id":3859,"log_pop":3.381097161,"log_mass":5.9666013103},{"country_iso":"ZMB","city_id":3859,"log_pop":3.1738659822,"log_mass":5.7413706551},{"country_iso":"ZMB","city_id":3859,"log_pop":2.7081191135,"log_mass":5.2908351549},{"country_iso":"ZMB","city_id":3859,"log_pop":2.2612393031,"log_mass":4.7149362233},{"country_iso":"ZMB","city_id":3859,"log_pop":4.0066494697,"log_mass":6.4594472756},{"country_iso":"ZMB","city_id":3859,"log_pop":2.0846630676,"log_mass":4.5035276015},{"country_iso":"ZMB","city_id":3859,"log_pop":1.6346978315,"log_mass":4.0571605201},{"country_iso":"ZMB","city_id":3859,"log_pop":3.283032139,"log_mass":5.8739372283},{"country_iso":"ZMB","city_id":3859,"log_pop":4.1148857808,"log_mass":6.3753513333},{"country_iso":"ZMB","city_id":3859,"log_pop":3.2839594633,"log_mass":5.5357310909},{"country_iso":"ZMB","city_id":3859,"log_pop":1.6798505396,"log_mass":4.0241501151},{"country_iso":"ZMB","city_id":3859,"log_pop":3.98710441,"log_mass":6.5212115211},{"country_iso":"ZMB","city_id":3859,"log_pop":3.7903242884,"log_mass":6.0545997972},{"country_iso":"ZMB","city_id":3859,"log_pop":3.7994477508,"log_mass":6.3687896497},{"country_iso":"ZMB","city_id":3859,"log_pop":4.1825016266,"log_mass":6.5344447595},{"country_iso":"ZMB","city_id":3859,"log_pop":3.9258951744,"log_mass":6.3780095806},{"country_iso":"ZMB","city_id":3859,"log_pop":3.5830372242,"log_mass":6.1132785193},{"country_iso":"ZMB","city_id":3859,"log_pop":3.4262449126,"log_mass":5.9385004194},{"country_iso":"ZMB","city_id":3859,"log_pop":2.3407178448,"log_mass":4.7370224129},{"country_iso":"ZMB","city_id":3859,"log_pop":3.8532794155,"log_mass":6.1365787174},{"country_iso":"ZMB","city_id":3786,"log_pop":3.1688689719,"log_mass":5.9048270794},{"country_iso":"ZMB","city_id":3786,"log_pop":3.6065185626,"log_mass":6.3069794563},{"country_iso":"ZMB","city_id":3786,"log_pop":3.6960173084,"log_mass":6.3535020782},{"country_iso":"ZMB","city_id":3786,"log_pop":3.7838939761,"log_mass":6.3567841194},{"country_iso":"ZMB","city_id":3786,"log_pop":3.7237471884,"log_mass":6.3233907029},{"country_iso":"ZMB","city_id":3786,"log_pop":3.8206291763,"log_mass":6.261311355},{"country_iso":"ZMB","city_id":3786,"log_pop":4.1431619743,"log_mass":6.5391073423},{"country_iso":"ZMB","city_id":3786,"log_pop":1.108165254,"log_mass":3.9830495161},{"country_iso":"ZMB","city_id":3786,"log_pop":3.0905436006,"log_mass":5.5659702503},{"country_iso":"ZMB","city_id":3786,"log_pop":3.8609339873,"log_mass":6.2639438784},{"country_iso":"ZMB","city_id":3786,"log_pop":3.3641021491,"log_mass":5.8726561481},{"country_iso":"ZMB","city_id":3786,"log_pop":3.8839955093,"log_mass":6.5527672844},{"country_iso":"ZMB","city_id":3786,"log_pop":3.290721805,"log_mass":6.1123876631},{"country_iso":"ZMB","city_id":3786,"log_pop":4.2275969124,"log_mass":6.5041655326},{"country_iso":"ZMB","city_id":3786,"log_pop":1.546904046,"log_mass":4.8139708737},{"country_iso":"ZMB","city_id":3786,"log_pop":3.3650986732,"log_mass":5.9297233247},{"country_iso":"ZMB","city_id":3786,"log_pop":3.8475500181,"log_mass":6.3584767857},{"country_iso":"ZMB","city_id":3822,"log_pop":3.5234176074,"log_mass":6.0558989976},{"country_iso":"ZMB","city_id":3822,"log_pop":0.7581565039,"log_mass":4.1558138796},{"country_iso":"ZMB","city_id":3822,"log_pop":3.8427167595,"log_mass":6.2983455713},{"country_iso":"ZMB","city_id":3822,"log_pop":3.4480608447,"log_mass":6.0198263645},{"country_iso":"ZMB","city_id":3822,"log_pop":3.6909536275,"log_mass":6.0837658027},{"country_iso":"ZMB","city_id":3822,"log_pop":3.6927807444,"log_mass":6.2558888292},{"country_iso":"ZMB","city_id":3822,"log_pop":3.8990690665,"log_mass":6.269884304},{"country_iso":"ZMB","city_id":3822,"log_pop":3.7726933293,"log_mass":6.3098163431},{"country_iso":"ZMB","city_id":3822,"log_pop":3.7737798628,"log_mass":6.1085217345},{"country_iso":"ZMB","city_id":3822,"log_pop":0.7563490981,"log_mass":4.2220494834},{"country_iso":"ZMB","city_id":3822,"log_pop":3.278071382,"log_mass":5.8807380857},{"country_iso":"ZMB","city_id":3822,"log_pop":2.8686798941,"log_mass":5.2901238945},{"country_iso":"ZMB","city_id":3822,"log_pop":2.6740141625,"log_mass":5.3426162384},{"country_iso":"ZMB","city_id":3822,"log_pop":3.3099387007,"log_mass":5.7492896605},{"country_iso":"ZMB","city_id":3822,"log_pop":3.5179402361,"log_mass":6.1134000503},{"country_iso":"ZMB","city_id":3676,"log_pop":3.2721483011,"log_mass":6.0774424794},{"country_iso":"ZMB","city_id":3676,"log_pop":3.482542759,"log_mass":6.3511903712},{"country_iso":"ZMB","city_id":3676,"log_pop":1.5623755536,"log_mass":4.2676246317},{"country_iso":"ZMB","city_id":3676,"log_pop":3.0998986298,"log_mass":5.9088273347},{"country_iso":"ZMB","city_id":3676,"log_pop":1.2243194699,"log_mass":4.0965162863},{"country_iso":"ZMB","city_id":3676,"log_pop":1.5004073179,"log_mass":4.4897306621},{"country_iso":"ZMB","city_id":3676,"log_pop":2.6518540519,"log_mass":5.5095599944},{"country_iso":"ZMB","city_id":3676,"log_pop":2.1421900261,"log_mass":4.9515073818},{"country_iso":"ZMB","city_id":3676,"log_pop":2.0169678518,"log_mass":4.9339369484},{"country_iso":"ZMB","city_id":3676,"log_pop":3.4705946361,"log_mass":6.3699838962},{"country_iso":"ZMB","city_id":3676,"log_pop":2.6683532551,"log_mass":5.6703914557},{"country_iso":"ZMB","city_id":3676,"log_pop":3.5349859876,"log_mass":6.3914874967},{"country_iso":"ZMB","city_id":3676,"log_pop":2.0960737146,"log_mass":5.2035703453},{"country_iso":"ZMB","city_id":3676,"log_pop":1.6595636399,"log_mass":4.497424055},{"country_iso":"ZMB","city_id":3622,"log_pop":3.2904653264,"log_mass":5.6453823949},{"country_iso":"ZMB","city_id":3622,"log_pop":3.0326791954,"log_mass":5.2975555095},{"country_iso":"ZMB","city_id":3622,"log_pop":3.5527551101,"log_mass":5.9504867015},{"country_iso":"ZMB","city_id":3622,"log_pop":3.3902471807,"log_mass":5.6893889252},{"country_iso":"ZMB","city_id":3622,"log_pop":1.6843086063,"log_mass":4.1682065271},{"country_iso":"ZMB","city_id":3622,"log_pop":2.2611555469,"log_mass":4.7619701243},{"country_iso":"ZMB","city_id":3622,"log_pop":1.5055005564,"log_mass":4.1207039749},{"country_iso":"ZMB","city_id":3622,"log_pop":3.5111483258,"log_mass":5.8710509615},{"country_iso":"ZMB","city_id":3622,"log_pop":1.233652785,"log_mass":3.8586088814},{"country_iso":"ZMB","city_id":3622,"log_pop":3.1228862221,"log_mass":5.4364620275},{"country_iso":"ZMB","city_id":3622,"log_pop":3.3413622145,"log_mass":5.7384321171},{"country_iso":"ZMB","city_id":3622,"log_pop":1.9587350683,"log_mass":4.6266486969},{"country_iso":"ZMB","city_id":3622,"log_pop":0.8332580116,"log_mass":3.1171980399},{"country_iso":"ZMB","city_id":3818,"log_pop":2.3240314982,"log_mass":5.037417429},{"country_iso":"ZMB","city_id":3818,"log_pop":2.3346279365,"log_mass":4.8578230285},{"country_iso":"ZMB","city_id":3818,"log_pop":3.8374976532,"log_mass":6.3319639286},{"country_iso":"ZMB","city_id":3818,"log_pop":3.011244467,"log_mass":5.4525232496},{"country_iso":"ZMB","city_id":3818,"log_pop":3.6856274256,"log_mass":6.2728770683},{"country_iso":"ZMB","city_id":3818,"log_pop":3.8352722903,"log_mass":6.4950259693},{"country_iso":"ZMB","city_id":3818,"log_pop":3.5625564412,"log_mass":6.0494624271},{"country_iso":"ZMB","city_id":3818,"log_pop":3.2636621458,"log_mass":5.6837608122},{"country_iso":"ZMB","city_id":3818,"log_pop":3.8922064027,"log_mass":6.3832503761},{"country_iso":"ZMB","city_id":3818,"log_pop":2.3635166575,"log_mass":5.4315123329},{"country_iso":"ZMB","city_id":3818,"log_pop":2.3591518858,"log_mass":5.1306985144},{"country_iso":"ZMB","city_id":3818,"log_pop":3.2589038211,"log_mass":5.9776088844},{"country_iso":"ZMB","city_id":3818,"log_pop":3.0420535088,"log_mass":5.8078144924},{"country_iso":"ZMB","city_id":4269,"log_pop":0.7606798314,"log_mass":4.2173785385},{"country_iso":"ZMB","city_id":4269,"log_pop":3.3528579813,"log_mass":5.9825534499},{"country_iso":"ZMB","city_id":4269,"log_pop":3.3886168956,"log_mass":5.9160246171},{"country_iso":"ZMB","city_id":4269,"log_pop":2.8522839618,"log_mass":5.3567004738},{"country_iso":"ZMB","city_id":4269,"log_pop":3.4424288832,"log_mass":5.8775407076},{"country_iso":"ZMB","city_id":4269,"log_pop":3.3262477427,"log_mass":5.8590019174},{"country_iso":"ZMB","city_id":4269,"log_pop":2.8189465782,"log_mass":5.8446504209},{"country_iso":"ZMB","city_id":4269,"log_pop":1.499937004,"log_mass":4.7099706305},{"country_iso":"ZMB","city_id":4269,"log_pop":1.0155447653,"log_mass":4.1107221264},{"country_iso":"ZMB","city_id":4269,"log_pop":2.5903603412,"log_mass":5.0754983427},{"country_iso":"ZMB","city_id":4269,"log_pop":1.7793528616,"log_mass":4.153481107},{"country_iso":"ZMB","city_id":4269,"log_pop":2.1051525193,"log_mass":4.760350055},{"country_iso":"ZMB","city_id":4386,"log_pop":1.1077553602,"log_mass":3.6766272313},{"country_iso":"ZMB","city_id":4386,"log_pop":3.7735112935,"log_mass":6.0473930344},{"country_iso":"ZMB","city_id":4386,"log_pop":2.6151985474,"log_mass":5.0967643751},{"country_iso":"ZMB","city_id":4386,"log_pop":2.6537121113,"log_mass":5.2897323739},{"country_iso":"ZMB","city_id":4386,"log_pop":1.9563493935,"log_mass":4.3645125293},{"country_iso":"ZMB","city_id":4386,"log_pop":2.2371699896,"log_mass":4.7635834649},{"country_iso":"ZMB","city_id":4386,"log_pop":3.8993773504,"log_mass":6.1257532009},{"country_iso":"ZMB","city_id":4386,"log_pop":2.5814175308,"log_mass":4.9940966245},{"country_iso":"ZMB","city_id":4386,"log_pop":2.6136791082,"log_mass":4.8791999826},{"country_iso":"ZMB","city_id":4386,"log_pop":3.8941105095,"log_mass":6.0398377904},{"country_iso":"ZMB","city_id":4386,"log_pop":3.0394377907,"log_mass":5.2542265133},{"country_iso":"ZMB","city_id":4386,"log_pop":3.4405616017,"log_mass":5.5810074159},{"country_iso":"ZMB","city_id":4432,"log_pop":3.8220784686,"log_mass":5.8821001034},{"country_iso":"ZMB","city_id":4432,"log_pop":2.162933193,"log_mass":4.4819207065},{"country_iso":"ZMB","city_id":4432,"log_pop":3.7551259345,"log_mass":5.9070350156},{"country_iso":"ZMB","city_id":4432,"log_pop":2.5242049673,"log_mass":4.8338567989},{"country_iso":"ZMB","city_id":4432,"log_pop":2.0679415187,"log_mass":4.9577985718},{"country_iso":"ZMB","city_id":4432,"log_pop":4.1242874692,"log_mass":6.4195334992},{"country_iso":"ZMB","city_id":4432,"log_pop":1.6169313362,"log_mass":4.1426696581},{"country_iso":"ZMB","city_id":4432,"log_pop":4.2048290253,"log_mass":6.2271457791},{"country_iso":"ZMB","city_id":4432,"log_pop":-1.2782917064,"log_mass":3.797454406},{"country_iso":"ZMB","city_id":4432,"log_pop":3.4851827739,"log_mass":5.8494701556},{"country_iso":"ZMB","city_id":4432,"log_pop":3.6844894095,"log_mass":6.0144525894},{"country_iso":"ZMB","city_id":3953,"log_pop":1.4661783375,"log_mass":4.4856867229},{"country_iso":"ZMB","city_id":3953,"log_pop":1.4481183443,"log_mass":4.4127128751},{"country_iso":"ZMB","city_id":3953,"log_pop":3.2929661065,"log_mass":6.0952779511},{"country_iso":"ZMB","city_id":3953,"log_pop":3.2972088646,"log_mass":6.0091383498},{"country_iso":"ZMB","city_id":3953,"log_pop":3.4814919594,"log_mass":6.2311340648},{"country_iso":"ZMB","city_id":3953,"log_pop":2.8672523022,"log_mass":5.5188467889},{"country_iso":"ZMB","city_id":3953,"log_pop":3.5755491828,"log_mass":6.2646452728},{"country_iso":"ZMB","city_id":3953,"log_pop":2.16706973,"log_mass":5.07913697},{"country_iso":"ZMB","city_id":3953,"log_pop":1.2284266194,"log_mass":4.3058819171},{"country_iso":"ZMB","city_id":3953,"log_pop":0.5103452232,"log_mass":3.7602273175},{"country_iso":"ZMB","city_id":3953,"log_pop":2.8217605043,"log_mass":5.6513189471},{"country_iso":"ZMB","city_id":3860,"log_pop":2.8913024489,"log_mass":5.3043863181},{"country_iso":"ZMB","city_id":3860,"log_pop":2.18236151,"log_mass":5.127774633},{"country_iso":"ZMB","city_id":3860,"log_pop":2.768443864,"log_mass":5.2377218401},{"country_iso":"ZMB","city_id":3860,"log_pop":2.840440487,"log_mass":5.4075037793},{"country_iso":"ZMB","city_id":3860,"log_pop":1.8874314786,"log_mass":4.4034382907},{"country_iso":"ZMB","city_id":3860,"log_pop":2.5118977365,"log_mass":5.0555225495},{"country_iso":"ZMB","city_id":3860,"log_pop":3.7851257112,"log_mass":6.415850937},{"country_iso":"ZMB","city_id":3860,"log_pop":2.5502079723,"log_mass":5.1429030943},{"country_iso":"ZMB","city_id":3860,"log_pop":2.9981116617,"log_mass":5.7732638996},{"country_iso":"ZMB","city_id":3836,"log_pop":3.3356286379,"log_mass":5.9116974552},{"country_iso":"ZMB","city_id":3836,"log_pop":2.9121817375,"log_mass":5.1775529601},{"country_iso":"ZMB","city_id":3836,"log_pop":3.2479415456,"log_mass":5.843265189},{"country_iso":"ZMB","city_id":3836,"log_pop":3.7313400497,"log_mass":6.3565928009},{"country_iso":"ZMB","city_id":3836,"log_pop":3.0019117406,"log_mass":5.6496637097},{"country_iso":"ZMB","city_id":3836,"log_pop":1.8128184419,"log_mass":4.5296747408},{"country_iso":"ZMB","city_id":3836,"log_pop":3.6254167103,"log_mass":6.2496938409},{"country_iso":"ZMB","city_id":3836,"log_pop":1.0083745012,"log_mass":3.2889671403},{"country_iso":"ZMB","city_id":3836,"log_pop":3.1594161512,"log_mass":5.7790997193},{"country_iso":"ZMB","city_id":3499,"log_pop":1.6119457271,"log_mass":4.0311106625},{"country_iso":"ZMB","city_id":3499,"log_pop":0.9008694984,"log_mass":3.1236075862},{"country_iso":"ZMB","city_id":3499,"log_pop":1.4639922493,"log_mass":4.1954010852},{"country_iso":"ZMB","city_id":3499,"log_pop":0.7272905201,"log_mass":4.2342741042},{"country_iso":"ZMB","city_id":3499,"log_pop":2.8542361046,"log_mass":5.2287824505},{"country_iso":"ZMB","city_id":3499,"log_pop":2.4030787679,"log_mass":5.0085646527},{"country_iso":"ZMB","city_id":3499,"log_pop":1.6602139917,"log_mass":4.2180142883},{"country_iso":"ZMB","city_id":3499,"log_pop":0.8048624266,"log_mass":3.7878739898},{"country_iso":"ZMB","city_id":3792,"log_pop":2.2048694,"log_mass":5.048480871},{"country_iso":"ZMB","city_id":3792,"log_pop":3.4319822654,"log_mass":6.1244680281},{"country_iso":"ZMB","city_id":3792,"log_pop":2.6463973177,"log_mass":5.3762803853},{"country_iso":"ZMB","city_id":3792,"log_pop":3.2162003375,"log_mass":5.8812552108},{"country_iso":"ZMB","city_id":3792,"log_pop":3.2467302836,"log_mass":5.8593617595},{"country_iso":"ZMB","city_id":3792,"log_pop":3.272814689,"log_mass":5.8565558935},{"country_iso":"ZMB","city_id":3792,"log_pop":2.358342323,"log_mass":5.0142309798},{"country_iso":"ZMB","city_id":3792,"log_pop":1.3420121287,"log_mass":4.0283599495},{"country_iso":"ZMB","city_id":3785,"log_pop":3.6905439793,"log_mass":6.2199640789},{"country_iso":"ZMB","city_id":3785,"log_pop":1.5221001902,"log_mass":3.7252708725},{"country_iso":"ZMB","city_id":3785,"log_pop":-0.8981501478,"log_mass":3.3054686039},{"country_iso":"ZMB","city_id":3785,"log_pop":3.6192352792,"log_mass":6.2075263616},{"country_iso":"ZMB","city_id":3785,"log_pop":1.3677832286,"log_mass":4.1778354021},{"country_iso":"ZMB","city_id":3785,"log_pop":3.2969809464,"log_mass":5.8310522563},{"country_iso":"ZMB","city_id":3785,"log_pop":3.3722144034,"log_mass":5.9572799426},{"country_iso":"ZMB","city_id":3785,"log_pop":1.6258308376,"log_mass":4.314437078},{"country_iso":"ZMB","city_id":3759,"log_pop":3.0773035134,"log_mass":5.5474827441},{"country_iso":"ZMB","city_id":3759,"log_pop":1.2221509925,"log_mass":4.1109657272},{"country_iso":"ZMB","city_id":3759,"log_pop":0.9217947913,"log_mass":3.4836603794},{"country_iso":"ZMB","city_id":3759,"log_pop":3.2293530614,"log_mass":5.7509512418},{"country_iso":"ZMB","city_id":3759,"log_pop":0.4204680182,"log_mass":3.4606675636},{"country_iso":"ZMB","city_id":3759,"log_pop":3.1683028204,"log_mass":5.7422209969},{"country_iso":"ZMB","city_id":3759,"log_pop":1.1588435342,"log_mass":3.8994974986},{"country_iso":"ZMB","city_id":3696,"log_pop":3.4473981817,"log_mass":5.7268397818},{"country_iso":"ZMB","city_id":3696,"log_pop":2.3063045388,"log_mass":4.6134229001},{"country_iso":"ZMB","city_id":3696,"log_pop":1.8293234584,"log_mass":4.5103691103},{"country_iso":"ZMB","city_id":3696,"log_pop":2.6404741005,"log_mass":5.106227677},{"country_iso":"ZMB","city_id":3696,"log_pop":3.4373948785,"log_mass":5.7994397042},{"country_iso":"ZMB","city_id":3696,"log_pop":3.9984212226,"log_mass":6.3492934534},{"country_iso":"ZMB","city_id":3696,"log_pop":2.1871994487,"log_mass":4.7217729347},{"country_iso":"ZMB","city_id":4453,"log_pop":1.2969588959,"log_mass":3.9704185738},{"country_iso":"ZMB","city_id":4453,"log_pop":3.1902884036,"log_mass":5.7159245882},{"country_iso":"ZMB","city_id":4453,"log_pop":3.2055492606,"log_mass":5.6602175937},{"country_iso":"ZMB","city_id":4453,"log_pop":1.9104410839,"log_mass":4.5621679255},{"country_iso":"ZMB","city_id":4453,"log_pop":2.4797320783,"log_mass":5.1744407675},{"country_iso":"ZMB","city_id":4356,"log_pop":2.8806099227,"log_mass":5.5724860139},{"country_iso":"ZMB","city_id":4356,"log_pop":1.3680935946,"log_mass":3.906321643},{"country_iso":"ZMB","city_id":4356,"log_pop":2.5194160308,"log_mass":5.2147017274},{"country_iso":"ZMB","city_id":4356,"log_pop":2.0534855087,"log_mass":4.894683427},{"country_iso":"ZMB","city_id":4356,"log_pop":3.24894966,"log_mass":5.9111697705},{"country_iso":"ZMB","city_id":4282,"log_pop":3.3705899185,"log_mass":5.7911599483},{"country_iso":"ZMB","city_id":4282,"log_pop":2.1081934925,"log_mass":4.7276748682},{"country_iso":"ZMB","city_id":4282,"log_pop":3.5516505778,"log_mass":5.9546014912},{"country_iso":"ZMB","city_id":4282,"log_pop":3.4338152687,"log_mass":5.8931200168},{"country_iso":"ZMB","city_id":4282,"log_pop":2.792156211,"log_mass":5.3613120901},{"country_iso":"ZMB","city_id":3736,"log_pop":2.3069187659,"log_mass":4.5692994419},{"country_iso":"ZMB","city_id":3736,"log_pop":2.2980625268,"log_mass":4.5812465644},{"country_iso":"ZMB","city_id":3736,"log_pop":2.6138044949,"log_mass":4.8026201074},{"country_iso":"ZMB","city_id":3736,"log_pop":2.5540668443,"log_mass":4.8932756647},{"country_iso":"ZMB","city_id":3736,"log_pop":3.6718264023,"log_mass":5.9552479966},{"country_iso":"ZMB","city_id":3717,"log_pop":0.1383695222,"log_mass":4.7775048024},{"country_iso":"ZMB","city_id":3717,"log_pop":0.7079668643,"log_mass":3.4343193499},{"country_iso":"ZMB","city_id":3717,"log_pop":0.8663350926,"log_mass":3.7520973547},{"country_iso":"ZMB","city_id":3717,"log_pop":0.5989836532,"log_mass":3.3904928393},{"country_iso":"ZMB","city_id":3717,"log_pop":2.8011741168,"log_mass":5.3242434615},{"country_iso":"ZMB","city_id":3938,"log_pop":1.6145372112,"log_mass":4.5050671687},{"country_iso":"ZMB","city_id":3938,"log_pop":2.2451989509,"log_mass":4.7612502396},{"country_iso":"ZMB","city_id":3938,"log_pop":2.2589967972,"log_mass":4.8138959563},{"country_iso":"ZMB","city_id":3938,"log_pop":0.1862546503,"log_mass":3.4283759583},{"country_iso":"ZMB","city_id":3938,"log_pop":1.7980012379,"log_mass":4.2575765857},{"country_iso":"ZMB","city_id":3573,"log_pop":2.0005634525,"log_mass":5.6310185484},{"country_iso":"ZMB","city_id":3573,"log_pop":1.241493182,"log_mass":4.7673185202},{"country_iso":"ZMB","city_id":3573,"log_pop":0.0381000596,"log_mass":3.8922808318},{"country_iso":"ZMB","city_id":3573,"log_pop":1.4806114819,"log_mass":5.1745072501},{"country_iso":"ZMB","city_id":4060,"log_pop":2.4337714696,"log_mass":5.4381493726},{"country_iso":"ZMB","city_id":4060,"log_pop":1.9840099568,"log_mass":4.8548350164},{"country_iso":"ZMB","city_id":4060,"log_pop":1.0456880474,"log_mass":4.4997349491},{"country_iso":"ZMB","city_id":4060,"log_pop":0.4652574901,"log_mass":3.3804767513},{"country_iso":"ZMB","city_id":4131,"log_pop":1.9724922322,"log_mass":5.3631632632},{"country_iso":"ZMB","city_id":4131,"log_pop":0.6319747366,"log_mass":3.6975911375},{"country_iso":"ZMB","city_id":4131,"log_pop":1.0609948823,"log_mass":4.1901402807},{"country_iso":"ZMB","city_id":4131,"log_pop":2.0514371975,"log_mass":5.2955958559},{"country_iso":"ZMB","city_id":4290,"log_pop":2.9839146398,"log_mass":5.5410374755},{"country_iso":"ZMB","city_id":4290,"log_pop":2.1559598267,"log_mass":4.9994411008},{"country_iso":"ZMB","city_id":4290,"log_pop":3.0205820042,"log_mass":5.5050304194},{"country_iso":"ZMB","city_id":4290,"log_pop":2.8169715813,"log_mass":5.3791913737},{"country_iso":"ZMB","city_id":4017,"log_pop":2.5446832387,"log_mass":5.3288408393},{"country_iso":"ZMB","city_id":4017,"log_pop":2.8012528413,"log_mass":5.7011491982},{"country_iso":"ZMB","city_id":4017,"log_pop":2.7422349475,"log_mass":5.5804255999},{"country_iso":"ZMB","city_id":3509,"log_pop":-0.1381324725,"log_mass":3.8045876179},{"country_iso":"ZMB","city_id":3509,"log_pop":0.0992135016,"log_mass":4.0057496038},{"country_iso":"ZMB","city_id":3509,"log_pop":1.1756642947,"log_mass":4.4268156223},{"country_iso":"ZMB","city_id":4324,"log_pop":1.859877699,"log_mass":4.3628004713},{"country_iso":"ZMB","city_id":4324,"log_pop":1.2759249872,"log_mass":3.8279076226},{"country_iso":"ZMB","city_id":4324,"log_pop":1.8853783996,"log_mass":4.5676202295},{"country_iso":"ZMB","city_id":3710,"log_pop":2.5716497484,"log_mass":5.7067326861},{"country_iso":"ZMB","city_id":3710,"log_pop":-0.3667555422,"log_mass":3.234596891},{"country_iso":"ZMB","city_id":3710,"log_pop":1.2654952456,"log_mass":4.7240571068},{"country_iso":"ZMB","city_id":4367,"log_pop":0.9555109101,"log_mass":3.8634217303},{"country_iso":"ZMB","city_id":4367,"log_pop":1.7637891086,"log_mass":4.5930320265},{"country_iso":"ZMB","city_id":4367,"log_pop":1.9189859458,"log_mass":4.705727816},{"country_iso":"ZMB","city_id":4254,"log_pop":2.6744574499,"log_mass":5.5102315467},{"country_iso":"ZMB","city_id":4254,"log_pop":0.7748498004,"log_mass":3.9325334492},{"country_iso":"ZMB","city_id":4254,"log_pop":2.3607917409,"log_mass":5.1699882759},{"country_iso":"ZMB","city_id":4270,"log_pop":2.357069115,"log_mass":5.2176075323},{"country_iso":"ZMB","city_id":4270,"log_pop":1.9310239889,"log_mass":4.8783555621},{"country_iso":"ZMB","city_id":4270,"log_pop":2.9880013753,"log_mass":5.8965933368},{"country_iso":"ZMB","city_id":3582,"log_pop":1.6905989417,"log_mass":4.734310373},{"country_iso":"ZMB","city_id":3582,"log_pop":1.7364925386,"log_mass":4.7487894181},{"country_iso":"ZMB","city_id":3582,"log_pop":1.1668620046,"log_mass":4.3069957944},{"country_iso":"ZMB","city_id":3653,"log_pop":2.8708153878,"log_mass":5.6085145845},{"country_iso":"ZMB","city_id":3653,"log_pop":2.6962228531,"log_mass":5.379081066},{"country_iso":"ZMB","city_id":3653,"log_pop":2.4176321112,"log_mass":5.0711591844},{"country_iso":"ZMB","city_id":4144,"log_pop":2.5410821515,"log_mass":5.7399155264},{"country_iso":"ZMB","city_id":4144,"log_pop":1.9241390849,"log_mass":5.0938106606},{"country_iso":"ZMB","city_id":4144,"log_pop":1.7434723416,"log_mass":4.8122253236},{"country_iso":"ZMB","city_id":4284,"log_pop":1.1984427385,"log_mass":4.5931706408},{"country_iso":"ZMB","city_id":4284,"log_pop":0.2192102443,"log_mass":3.6073206017},{"country_iso":"ZMB","city_id":3513,"log_pop":1.0270885803,"log_mass":4.4716112701},{"country_iso":"ZMB","city_id":3513,"log_pop":0.0267678694,"log_mass":3.6440874011},{"country_iso":"ZMB","city_id":4323,"log_pop":1.459067445,"log_mass":3.6983927428},{"country_iso":"ZMB","city_id":4323,"log_pop":3.5006752357,"log_mass":5.7859961404},{"country_iso":"ZMB","city_id":4406,"log_pop":2.2461211076,"log_mass":4.3941299465},{"country_iso":"ZMB","city_id":4406,"log_pop":2.9136785497,"log_mass":5.1947584313},{"country_iso":"ZMB","city_id":4293,"log_pop":2.6561133696,"log_mass":4.8583102145},{"country_iso":"ZMB","city_id":4293,"log_pop":2.5134325543,"log_mass":4.7456213402},{"country_iso":"ZMB","city_id":3637,"log_pop":0.9816404907,"log_mass":4.4079791589}]