[{"country_iso":"LBR","city_id":1526,"log_pop":2.8152393761,"log_mass":5.2416866866},{"country_iso":"LBR","city_id":1526,"log_pop":2.7117579013,"log_mass":4.8815546885},{"country_iso":"LBR","city_id":1526,"log_pop":4.0501404343,"log_mass":6.2185501465},{"country_iso":"LBR","city_id":1526,"log_pop":3.9939360813,"log_mass":6.2245599291},{"country_iso":"LBR","city_id":1526,"log_pop":4.2985911027,"log_mass":6.2951425117},{"country_iso":"LBR","city_id":1526,"log_pop":4.3536593665,"log_mass":6.3658117915},{"country_iso":"LBR","city_id":1526,"log_pop":3.4824145197,"log_mass":5.7905180735},{"country_iso":"LBR","city_id":1526,"log_pop":3.5663159578,"log_mass":5.8446732036},{"country_iso":"LBR","city_id":1526,"log_pop":3.9431544505,"log_mass":6.1068986301},{"country_iso":"LBR","city_id":1526,"log_pop":4.0261623177,"log_mass":6.0837701056},{"country_iso":"LBR","city_id":1526,"log_pop":3.4584501561,"log_mass":5.525987079},{"country_iso":"LBR","city_id":1526,"log_pop":4.0906608284,"log_mass":6.1937106715},{"country_iso":"LBR","city_id":1526,"log_pop":4.2596211972,"log_mass":6.2797487427},{"country_iso":"LBR","city_id":1526,"log_pop":3.44444214,"log_mass":5.8439293522},{"country_iso":"LBR","city_id":1526,"log_pop":1.0487128435,"log_mass":3.4369972321},{"country_iso":"LBR","city_id":1526,"log_pop":4.2115924718,"log_mass":6.2835162312},{"country_iso":"LBR","city_id":1526,"log_pop":2.3435156102,"log_mass":4.8466824701},{"country_iso":"LBR","city_id":1526,"log_pop":3.20484087,"log_mass":5.5451569171},{"country_iso":"LBR","city_id":1526,"log_pop":4.1067561537,"log_mass":6.1403265267},{"country_iso":"LBR","city_id":1526,"log_pop":2.7476369813,"log_mass":5.0877458351},{"country_iso":"LBR","city_id":1526,"log_pop":3.8365644825,"log_mass":5.8243220566},{"country_iso":"LBR","city_id":1526,"log_pop":4.0153149656,"log_mass":6.0594564557},{"country_iso":"LBR","city_id":1526,"log_pop":3.6895633643,"log_mass":5.5672422321},{"country_iso":"LBR","city_id":1526,"log_pop":2.393182501,"log_mass":4.4998513133},{"country_iso":"LBR","city_id":1526,"log_pop":3.397806135,"log_mass":5.3635856426},{"country_iso":"LBR","city_id":1526,"log_pop":4.2412099985,"log_mass":6.2453694473},{"country_iso":"LBR","city_id":1526,"log_pop":4.29595557,"log_mass":6.2787224804},{"country_iso":"LBR","city_id":1526,"log_pop":4.2872638701,"log_mass":6.2041811098},{"country_iso":"LBR","city_id":1526,"log_pop":4.2030353849,"log_mass":6.0654129286},{"country_iso":"LBR","city_id":1526,"log_pop":0.8065235834,"log_mass":4.0188943068},{"country_iso":"LBR","city_id":1526,"log_pop":3.9389600881,"log_mass":5.9131662897},{"country_iso":"LBR","city_id":1526,"log_pop":3.9897135755,"log_mass":6.0225485857},{"country_iso":"LBR","city_id":1526,"log_pop":4.0215963909,"log_mass":5.8283016429},{"country_iso":"LBR","city_id":1526,"log_pop":4.3104798936,"log_mass":6.3341889779},{"country_iso":"LBR","city_id":1526,"log_pop":3.936154261,"log_mass":5.9976281304},{"country_iso":"LBR","city_id":1526,"log_pop":3.9349222238,"log_mass":5.9886956807},{"country_iso":"LBR","city_id":1526,"log_pop":4.0984227103,"log_mass":6.2177398732},{"country_iso":"LBR","city_id":1526,"log_pop":3.413943331,"log_mass":5.3829709708},{"country_iso":"LBR","city_id":1526,"log_pop":3.7296238966,"log_mass":5.7685767887},{"country_iso":"LBR","city_id":1526,"log_pop":4.0856709678,"log_mass":6.1876256528},{"country_iso":"LBR","city_id":1526,"log_pop":2.6047334316,"log_mass":5.3958015552},{"country_iso":"LBR","city_id":1526,"log_pop":3.0445303185,"log_mass":5.8036010205},{"country_iso":"LBR","city_id":1526,"log_pop":0.929324161,"log_mass":3.8644722599},{"country_iso":"LBR","city_id":1526,"log_pop":2.2138815448,"log_mass":4.9622001323},{"country_iso":"LBR","city_id":1526,"log_pop":2.7843558902,"log_mass":5.7679738446},{"country_iso":"LBR","city_id":1526,"log_pop":1.7963728791,"log_mass":4.2622139761},{"country_iso":"LBR","city_id":1526,"log_pop":2.09140745,"log_mass":5.2552878759},{"country_iso":"LBR","city_id":1526,"log_pop":2.6256322843,"log_mass":5.0284736324},{"country_iso":"LBR","city_id":1526,"log_pop":3.4084899932,"log_mass":5.738910295},{"country_iso":"LBR","city_id":1526,"log_pop":3.3623312498,"log_mass":5.6027769572},{"country_iso":"LBR","city_id":1526,"log_pop":3.7643906802,"log_mass":5.9397762982},{"country_iso":"LBR","city_id":1526,"log_pop":2.8959341708,"log_mass":5.1749618983},{"country_iso":"LBR","city_id":1526,"log_pop":3.4355959511,"log_mass":5.6057123356},{"country_iso":"LBR","city_id":1526,"log_pop":3.1196771527,"log_mass":5.513707186},{"country_iso":"LBR","city_id":1526,"log_pop":2.6932303943,"log_mass":5.2075043875},{"country_iso":"LBR","city_id":1526,"log_pop":4.2595323879,"log_mass":6.2627125972},{"country_iso":"LBR","city_id":1526,"log_pop":4.0281185086,"log_mass":6.0064959288},{"country_iso":"LBR","city_id":1526,"log_pop":2.6741405198,"log_mass":5.0615501211},{"country_iso":"LBR","city_id":1526,"log_pop":3.8860478268,"log_mass":6.0773231196},{"country_iso":"LBR","city_id":1526,"log_pop":4.0859263324,"log_mass":5.9364594644},{"country_iso":"LBR","city_id":1526,"log_pop":3.959532645,"log_mass":5.8671788043},{"country_iso":"LBR","city_id":1526,"log_pop":4.0614609191,"log_mass":5.9607319362},{"country_iso":"LBR","city_id":1526,"log_pop":3.5476710573,"log_mass":6.0394816773},{"country_iso":"LBR","city_id":1526,"log_pop":3.5498479891,"log_mass":5.5011260821},{"country_iso":"LBR","city_id":1526,"log_pop":2.559328703,"log_mass":4.9978249672},{"country_iso":"LBR","city_id":1526,"log_pop":4.1844878501,"log_mass":6.0801822228},{"country_iso":"LBR","city_id":1526,"log_pop":4.3436303042,"log_mass":6.2200631544},{"country_iso":"LBR","city_id":1526,"log_pop":4.3038794578,"log_mass":6.2124347272},{"country_iso":"LBR","city_id":1526,"log_pop":2.85072738,"log_mass":4.9886696293},{"country_iso":"LBR","city_id":1526,"log_pop":3.9350548077,"log_mass":5.9073637736},{"country_iso":"LBR","city_id":1526,"log_pop":4.3152408086,"log_mass":6.2533814408},{"country_iso":"LBR","city_id":1526,"log_pop":4.2654803728,"log_mass":6.2417376802},{"country_iso":"LBR","city_id":1526,"log_pop":2.7872467318,"log_mass":5.6768887},{"country_iso":"LBR","city_id":1526,"log_pop":1.0598748232,"log_mass":4.1298722025},{"country_iso":"LBR","city_id":1526,"log_pop":1.8536225989,"log_mass":5.077256721},{"country_iso":"LBR","city_id":1526,"log_pop":3.925637396,"log_mass":5.941193124},{"country_iso":"LBR","city_id":1526,"log_pop":2.3420279152,"log_mass":4.2684708219},{"country_iso":"LBR","city_id":1526,"log_pop":3.6371777061,"log_mass":5.6245929993},{"country_iso":"LBR","city_id":1526,"log_pop":3.3935924059,"log_mass":5.6422719793},{"country_iso":"LBR","city_id":1526,"log_pop":4.2053118565,"log_mass":6.2206050431},{"country_iso":"LBR","city_id":1526,"log_pop":4.1476031074,"log_mass":6.1347059555},{"country_iso":"LBR","city_id":1526,"log_pop":4.0576162433,"log_mass":5.9771874901},{"country_iso":"LBR","city_id":1526,"log_pop":1.1444069376,"log_mass":3.4810093282},{"country_iso":"LBR","city_id":1533,"log_pop":1.5990242257,"log_mass":4.9376868741},{"country_iso":"LBR","city_id":1533,"log_pop":2.7535942477,"log_mass":5.0825954247},{"country_iso":"LBR","city_id":1533,"log_pop":2.6130489355,"log_mass":5.2125767346},{"country_iso":"LBR","city_id":1533,"log_pop":1.6500685312,"log_mass":4.9061753545},{"country_iso":"LBR","city_id":1533,"log_pop":1.9302699428,"log_mass":5.1122314194},{"country_iso":"LBR","city_id":1533,"log_pop":2.2068875108,"log_mass":5.5968192064},{"country_iso":"LBR","city_id":1533,"log_pop":2.770524095,"log_mass":5.2263166138},{"country_iso":"LBR","city_id":1533,"log_pop":3.4586843733,"log_mass":5.7994163262},{"country_iso":"LBR","city_id":1533,"log_pop":2.6982742998,"log_mass":5.1507974168},{"country_iso":"LBR","city_id":1533,"log_pop":1.7572654349,"log_mass":3.984309474},{"country_iso":"LBR","city_id":1533,"log_pop":2.8268556539,"log_mass":5.5345136039},{"country_iso":"LBR","city_id":1533,"log_pop":1.5304198433,"log_mass":4.6219522111},{"country_iso":"LBR","city_id":1541,"log_pop":2.0323918969,"log_mass":5.0567516907},{"country_iso":"LBR","city_id":1541,"log_pop":1.2046119048,"log_mass":4.2027800663},{"country_iso":"LBR","city_id":1541,"log_pop":1.6186497595,"log_mass":4.6946662827},{"country_iso":"LBR","city_id":1541,"log_pop":2.7782055766,"log_mass":5.5760632105},{"country_iso":"LBR","city_id":1541,"log_pop":1.166336968,"log_mass":4.7223854095},{"country_iso":"LBR","city_id":1541,"log_pop":2.2719259999,"log_mass":5.2590537149},{"country_iso":"LBR","city_id":1541,"log_pop":2.1661960606,"log_mass":5.0135656582},{"country_iso":"LBR","city_id":1541,"log_pop":0.8138512856,"log_mass":4.4006625259},{"country_iso":"LBR","city_id":1541,"log_pop":3.0434086468,"log_mass":6.0583788486},{"country_iso":"LBR","city_id":1534,"log_pop":0.7594094452,"log_mass":4.0899346896},{"country_iso":"LBR","city_id":1534,"log_pop":2.0825389156,"log_mass":5.286688578},{"country_iso":"LBR","city_id":1534,"log_pop":2.4014436663,"log_mass":5.7115522577},{"country_iso":"LBR","city_id":1534,"log_pop":1.1311928082,"log_mass":4.6510352087},{"country_iso":"LBR","city_id":1534,"log_pop":2.0586707855,"log_mass":5.1940870761},{"country_iso":"LBR","city_id":1534,"log_pop":2.6238676238,"log_mass":5.9258940819},{"country_iso":"LBR","city_id":1534,"log_pop":1.8519257574,"log_mass":5.1389870257},{"country_iso":"LBR","city_id":1534,"log_pop":2.2310551175,"log_mass":5.3959163112},{"country_iso":"LBR","city_id":1529,"log_pop":1.7907557893,"log_mass":5.0750350197},{"country_iso":"LBR","city_id":1529,"log_pop":1.3046030054,"log_mass":5.0673829397},{"country_iso":"LBR","city_id":1529,"log_pop":0.6718739378,"log_mass":3.9642372562},{"country_iso":"LBR","city_id":1529,"log_pop":1.7735322707,"log_mass":5.2244962703},{"country_iso":"LBR","city_id":1529,"log_pop":0.7411927318,"log_mass":3.9585250957}]