[{"country_iso":"SVN","city_id":2965,"log_pop":3.4042180705,"log_mass":5.8529368109},{"country_iso":"SVN","city_id":2965,"log_pop":0.9269750643,"log_mass":3.6712171039},{"country_iso":"SVN","city_id":2965,"log_pop":3.4209942538,"log_mass":5.8584630633},{"country_iso":"SVN","city_id":2965,"log_pop":3.9508174107,"log_mass":6.3846244577},{"country_iso":"SVN","city_id":2965,"log_pop":4.0139855689,"log_mass":6.4427813167},{"country_iso":"SVN","city_id":2965,"log_pop":3.7906065644,"log_mass":6.456138672},{"country_iso":"SVN","city_id":2965,"log_pop":4.1904498014,"log_mass":6.8342002372},{"country_iso":"SVN","city_id":2965,"log_pop":3.8210122623,"log_mass":6.2885646457},{"country_iso":"SVN","city_id":2965,"log_pop":4.1052594791,"log_mass":6.7886786358},{"country_iso":"SVN","city_id":2965,"log_pop":3.5130043039,"log_mass":6.0373233643},{"country_iso":"SVN","city_id":2965,"log_pop":3.8525858149,"log_mass":6.5110852372},{"country_iso":"SVN","city_id":2965,"log_pop":2.9469231338,"log_mass":5.4472942364},{"country_iso":"SVN","city_id":2965,"log_pop":3.2074445962,"log_mass":5.8018865137},{"country_iso":"SVN","city_id":2965,"log_pop":2.0640110668,"log_mass":4.3950564227},{"country_iso":"SVN","city_id":2965,"log_pop":2.3362637032,"log_mass":4.9464789035},{"country_iso":"SVN","city_id":2965,"log_pop":2.7717282144,"log_mass":5.5007633011},{"country_iso":"SVN","city_id":2965,"log_pop":0.3899105855,"log_mass":3.226572462},{"country_iso":"SVN","city_id":2965,"log_pop":3.9164495189,"log_mass":6.4837924852},{"country_iso":"SVN","city_id":2965,"log_pop":3.8711786696,"log_mass":6.4179141006},{"country_iso":"SVN","city_id":2965,"log_pop":3.5043859579,"log_mass":5.9072046931},{"country_iso":"SVN","city_id":2965,"log_pop":1.6476086106,"log_mass":4.3239251013},{"country_iso":"SVN","city_id":2965,"log_pop":4.0975411724,"log_mass":6.5892384668},{"country_iso":"SVN","city_id":2965,"log_pop":3.6940320463,"log_mass":6.1620767706},{"country_iso":"SVN","city_id":2965,"log_pop":4.0022790662,"log_mass":6.7607338775},{"country_iso":"SVN","city_id":2965,"log_pop":3.2120839605,"log_mass":5.6773750549},{"country_iso":"SVN","city_id":2965,"log_pop":2.6575156938,"log_mass":5.1594505171},{"country_iso":"SVN","city_id":2965,"log_pop":3.0083468009,"log_mass":5.6094263673},{"country_iso":"SVN","city_id":2965,"log_pop":3.7812877533,"log_mass":6.2069762276},{"country_iso":"SVN","city_id":2965,"log_pop":3.6531404017,"log_mass":6.1334208964},{"country_iso":"SVN","city_id":2965,"log_pop":3.9443991772,"log_mass":6.4122757202},{"country_iso":"SVN","city_id":2965,"log_pop":2.9833691309,"log_mass":5.4501534623},{"country_iso":"SVN","city_id":2965,"log_pop":2.6332490704,"log_mass":5.0657277839},{"country_iso":"SVN","city_id":3016,"log_pop":1.0541133367,"log_mass":3.9450015736},{"country_iso":"SVN","city_id":3016,"log_pop":3.3261583951,"log_mass":5.7857920132},{"country_iso":"SVN","city_id":3016,"log_pop":3.5367444894,"log_mass":6.0944321448},{"country_iso":"SVN","city_id":3016,"log_pop":3.451826102,"log_mass":5.9388911837},{"country_iso":"SVN","city_id":3016,"log_pop":3.8436234573,"log_mass":6.4658296054},{"country_iso":"SVN","city_id":3016,"log_pop":3.9121534334,"log_mass":6.5226755372},{"country_iso":"SVN","city_id":3016,"log_pop":2.7605504222,"log_mass":5.3434918825},{"country_iso":"SVN","city_id":3016,"log_pop":3.95765006,"log_mass":6.3578510337},{"country_iso":"SVN","city_id":3016,"log_pop":4.2094713339,"log_mass":6.7437915119},{"country_iso":"SVN","city_id":3016,"log_pop":2.7556840786,"log_mass":5.2991298932},{"country_iso":"SVN","city_id":3016,"log_pop":2.9572739461,"log_mass":5.5962112252}]