[{"country_iso":"GNB","city_id":1477,"log_pop":2.1762499156,"log_mass":4.3452992403},{"country_iso":"GNB","city_id":1477,"log_pop":4.0100771543,"log_mass":5.9904084575},{"country_iso":"GNB","city_id":1477,"log_pop":4.3655154738,"log_mass":6.3695123892},{"country_iso":"GNB","city_id":1477,"log_pop":4.2917133467,"log_mass":6.3267961775},{"country_iso":"GNB","city_id":1477,"log_pop":4.345147811,"log_mass":6.3462581763},{"country_iso":"GNB","city_id":1477,"log_pop":1.9047306318,"log_mass":4.2538846246},{"country_iso":"GNB","city_id":1477,"log_pop":4.2349070573,"log_mass":6.2386403769},{"country_iso":"GNB","city_id":1477,"log_pop":3.2101943828,"log_mass":5.2843378305},{"country_iso":"GNB","city_id":1477,"log_pop":1.3546311717,"log_mass":4.5135628544},{"country_iso":"GNB","city_id":1477,"log_pop":3.8400923334,"log_mass":6.2506544836},{"country_iso":"GNB","city_id":1477,"log_pop":2.0604260198,"log_mass":5.0948927675},{"country_iso":"GNB","city_id":1477,"log_pop":3.5339975474,"log_mass":6.0620000415},{"country_iso":"GNB","city_id":1477,"log_pop":2.5626275894,"log_mass":5.6860668895},{"country_iso":"GNB","city_id":1477,"log_pop":4.3250136618,"log_mass":6.5225741598},{"country_iso":"GNB","city_id":1477,"log_pop":4.0550454609,"log_mass":6.1065877249},{"country_iso":"GNB","city_id":1477,"log_pop":3.6359391302,"log_mass":5.7600859813},{"country_iso":"GNB","city_id":1477,"log_pop":3.0320068798,"log_mass":5.2505444021},{"country_iso":"GNB","city_id":1477,"log_pop":4.3018468044,"log_mass":6.3147139813},{"country_iso":"GNB","city_id":1477,"log_pop":4.4179396018,"log_mass":6.5004998427},{"country_iso":"GNB","city_id":1477,"log_pop":3.4033120373,"log_mass":5.5205700133},{"country_iso":"GNB","city_id":1498,"log_pop":0.801277278,"log_mass":4.1261550397},{"country_iso":"GNB","city_id":1498,"log_pop":2.9005962798,"log_mass":6.2492265744},{"country_iso":"GNB","city_id":1498,"log_pop":1.9924025846,"log_mass":5.3185331529},{"country_iso":"GNB","city_id":1498,"log_pop":2.4422870367,"log_mass":5.8627896767},{"country_iso":"GNB","city_id":1492,"log_pop":1.9496441354,"log_mass":5.5842616402},{"country_iso":"GNB","city_id":1492,"log_pop":2.7537677945,"log_mass":5.5836631638},{"country_iso":"GNB","city_id":1492,"log_pop":2.8648885584,"log_mass":5.8656900177}]