[{"country_iso":"ALB","city_id":3274,"log_pop":3.6595638985,"log_mass":5.9564887141},{"country_iso":"ALB","city_id":3274,"log_pop":-0.582950048,"log_mass":2.407809348},{"country_iso":"ALB","city_id":3274,"log_pop":3.0068939106,"log_mass":5.6137004801},{"country_iso":"ALB","city_id":3274,"log_pop":4.521675743,"log_mass":6.737212272},{"country_iso":"ALB","city_id":3274,"log_pop":2.843801664,"log_mass":5.5111628241},{"country_iso":"ALB","city_id":3274,"log_pop":3.5740791481,"log_mass":5.7488198131},{"country_iso":"ALB","city_id":3274,"log_pop":4.495461197,"log_mass":6.5914931454},{"country_iso":"ALB","city_id":3274,"log_pop":3.8533401061,"log_mass":6.1926079149},{"country_iso":"ALB","city_id":3274,"log_pop":4.8670495521,"log_mass":6.9295919081},{"country_iso":"ALB","city_id":3274,"log_pop":4.7113059179,"log_mass":6.7453575254},{"country_iso":"ALB","city_id":3274,"log_pop":3.0192982271,"log_mass":5.2453869289},{"country_iso":"ALB","city_id":3274,"log_pop":4.2750094947,"log_mass":6.3349464075},{"country_iso":"ALB","city_id":3274,"log_pop":3.5064646491,"log_mass":5.735816407},{"country_iso":"ALB","city_id":3274,"log_pop":4.4191646287,"log_mass":6.6023699065},{"country_iso":"ALB","city_id":3274,"log_pop":4.6989438836,"log_mass":6.8491096415},{"country_iso":"ALB","city_id":3274,"log_pop":1.9729238382,"log_mass":4.9262567296},{"country_iso":"ALB","city_id":3274,"log_pop":3.437025837,"log_mass":5.8698285864},{"country_iso":"ALB","city_id":3274,"log_pop":4.6193558108,"log_mass":6.7546481114},{"country_iso":"ALB","city_id":3274,"log_pop":1.4037131284,"log_mass":4.1263899394},{"country_iso":"ALB","city_id":3274,"log_pop":1.6935977349,"log_mass":4.6128075596},{"country_iso":"ALB","city_id":3274,"log_pop":2.1347315157,"log_mass":5.1159172296},{"country_iso":"ALB","city_id":3274,"log_pop":3.2666745905,"log_mass":5.9148900671},{"country_iso":"ALB","city_id":3274,"log_pop":4.2358704677,"log_mass":6.4038718751},{"country_iso":"ALB","city_id":3274,"log_pop":4.2310699812,"log_mass":6.4369029693},{"country_iso":"ALB","city_id":3274,"log_pop":3.8343740232,"log_mass":6.3025182462},{"country_iso":"ALB","city_id":3274,"log_pop":4.6663377143,"log_mass":6.6427233967},{"country_iso":"ALB","city_id":3274,"log_pop":3.5329298165,"log_mass":5.8271695876},{"country_iso":"ALB","city_id":3274,"log_pop":3.6258588918,"log_mass":5.9400790414},{"country_iso":"ALB","city_id":3274,"log_pop":2.7978603929,"log_mass":5.4109298862},{"country_iso":"ALB","city_id":3274,"log_pop":1.7661357125,"log_mass":4.7561202864},{"country_iso":"ALB","city_id":3274,"log_pop":3.2044280749,"log_mass":5.804325796},{"country_iso":"ALB","city_id":3263,"log_pop":1.7859972799,"log_mass":4.8477038256},{"country_iso":"ALB","city_id":3263,"log_pop":1.6354039157,"log_mass":4.3746364334},{"country_iso":"ALB","city_id":3263,"log_pop":2.1334838119,"log_mass":4.9129137451},{"country_iso":"ALB","city_id":3263,"log_pop":2.0194114532,"log_mass":4.6921524965},{"country_iso":"ALB","city_id":3263,"log_pop":3.7301746073,"log_mass":6.1439969274},{"country_iso":"ALB","city_id":3263,"log_pop":3.2633135152,"log_mass":5.9534683912},{"country_iso":"ALB","city_id":3263,"log_pop":1.604677107,"log_mass":4.6039607064},{"country_iso":"ALB","city_id":3263,"log_pop":3.8209186868,"log_mass":6.26662033},{"country_iso":"ALB","city_id":3263,"log_pop":2.8728633712,"log_mass":5.2289048475},{"country_iso":"ALB","city_id":3263,"log_pop":4.1860708517,"log_mass":6.5257986958},{"country_iso":"ALB","city_id":3263,"log_pop":3.121233863,"log_mass":5.7155753825},{"country_iso":"ALB","city_id":3263,"log_pop":4.2430824201,"log_mass":6.6835833459},{"country_iso":"ALB","city_id":3263,"log_pop":4.23907703,"log_mass":6.6415993678},{"country_iso":"ALB","city_id":3263,"log_pop":2.5090302645,"log_mass":4.9252573249},{"country_iso":"ALB","city_id":3263,"log_pop":4.1557806554,"log_mass":6.5206844258},{"country_iso":"ALB","city_id":3261,"log_pop":3.2562175784,"log_mass":5.9983057106},{"country_iso":"ALB","city_id":3261,"log_pop":3.6778108134,"log_mass":5.910148929},{"country_iso":"ALB","city_id":3261,"log_pop":2.0812632864,"log_mass":5.0219005131},{"country_iso":"ALB","city_id":3261,"log_pop":4.2592264502,"log_mass":6.5581957239},{"country_iso":"ALB","city_id":3261,"log_pop":4.2911880675,"log_mass":6.5795124051},{"country_iso":"ALB","city_id":3261,"log_pop":3.2956558887,"log_mass":5.6442412491},{"country_iso":"ALB","city_id":3261,"log_pop":0.0691263557,"log_mass":3.8151741529},{"country_iso":"ALB","city_id":3261,"log_pop":2.3814189108,"log_mass":5.1163054181},{"country_iso":"ALB","city_id":3261,"log_pop":3.9531594996,"log_mass":6.345672672},{"country_iso":"ALB","city_id":3293,"log_pop":0.305973607,"log_mass":3.2357517515},{"country_iso":"ALB","city_id":3293,"log_pop":2.584690334,"log_mass":4.7902990493},{"country_iso":"ALB","city_id":3293,"log_pop":3.7161229911,"log_mass":6.0318140729},{"country_iso":"ALB","city_id":3293,"log_pop":3.7463531078,"log_mass":6.1795253276},{"country_iso":"ALB","city_id":3293,"log_pop":3.0025490764,"log_mass":5.3332617891},{"country_iso":"ALB","city_id":3293,"log_pop":4.4311908501,"log_mass":6.6936621348},{"country_iso":"ALB","city_id":3293,"log_pop":0.9237750246,"log_mass":3.9022370209},{"country_iso":"ALB","city_id":3293,"log_pop":3.9638019575,"log_mass":6.2721947727},{"country_iso":"ALB","city_id":3271,"log_pop":3.4808039906,"log_mass":5.9311248644},{"country_iso":"ALB","city_id":3271,"log_pop":3.0272885047,"log_mass":5.4881073286},{"country_iso":"ALB","city_id":3271,"log_pop":2.986371738,"log_mass":5.4459867644},{"country_iso":"ALB","city_id":3271,"log_pop":4.0423847515,"log_mass":6.362695828},{"country_iso":"ALB","city_id":3271,"log_pop":4.235533629,"log_mass":6.5901328568},{"country_iso":"ALB","city_id":3271,"log_pop":3.3943412076,"log_mass":5.9283345234},{"country_iso":"ALB","city_id":3271,"log_pop":4.1935942308,"log_mass":6.4596833356},{"country_iso":"ALB","city_id":3271,"log_pop":3.3181657752,"log_mass":5.6876873697},{"country_iso":"ALB","city_id":3272,"log_pop":0.5325353886,"log_mass":3.2317230032},{"country_iso":"ALB","city_id":3272,"log_pop":4.2028768827,"log_mass":6.4056260953},{"country_iso":"ALB","city_id":3272,"log_pop":3.9522023506,"log_mass":6.0611274894},{"country_iso":"ALB","city_id":3272,"log_pop":1.9693065512,"log_mass":4.4147493455},{"country_iso":"ALB","city_id":3272,"log_pop":4.1694492521,"log_mass":6.2621722281}]