[{"country_iso":"ARE","city_id":5915,"log_pop":3.6282591244,"log_mass":6.2139158763},{"country_iso":"ARE","city_id":5915,"log_pop":3.6739614576,"log_mass":6.2859420169},{"country_iso":"ARE","city_id":5915,"log_pop":3.4142428049,"log_mass":6.3946831205},{"country_iso":"ARE","city_id":5915,"log_pop":3.7747070045,"log_mass":6.4935184415},{"country_iso":"ARE","city_id":5915,"log_pop":0.9143343465,"log_mass":3.2281191106},{"country_iso":"ARE","city_id":5915,"log_pop":3.2001187054,"log_mass":5.886759203},{"country_iso":"ARE","city_id":5915,"log_pop":3.3630695548,"log_mass":5.9895192785},{"country_iso":"ARE","city_id":5915,"log_pop":3.1539695683,"log_mass":5.7972116914},{"country_iso":"ARE","city_id":5915,"log_pop":3.9133959763,"log_mass":6.6369668351},{"country_iso":"ARE","city_id":5915,"log_pop":3.495044053,"log_mass":6.1679280073},{"country_iso":"ARE","city_id":5915,"log_pop":3.5834581769,"log_mass":6.1949967592},{"country_iso":"ARE","city_id":5915,"log_pop":1.846753937,"log_mass":4.5591201166},{"country_iso":"ARE","city_id":5915,"log_pop":1.1285794299,"log_mass":4.324406332},{"country_iso":"ARE","city_id":5915,"log_pop":1.8369498256,"log_mass":4.4143057015},{"country_iso":"ARE","city_id":5915,"log_pop":3.0362063997,"log_mass":5.5348409319},{"country_iso":"ARE","city_id":5915,"log_pop":3.5900108905,"log_mass":6.1756539138},{"country_iso":"ARE","city_id":5915,"log_pop":3.5462531055,"log_mass":6.2811884589},{"country_iso":"ARE","city_id":5915,"log_pop":3.6587344679,"log_mass":6.3410558685},{"country_iso":"ARE","city_id":5915,"log_pop":3.6945269153,"log_mass":6.2575667898},{"country_iso":"ARE","city_id":5915,"log_pop":3.2100942761,"log_mass":5.7117222808},{"country_iso":"ARE","city_id":5915,"log_pop":3.4137234,"log_mass":6.1168745334},{"country_iso":"ARE","city_id":5915,"log_pop":3.2706157403,"log_mass":5.9841524129},{"country_iso":"ARE","city_id":5915,"log_pop":3.8592031094,"log_mass":6.5209161318},{"country_iso":"ARE","city_id":5915,"log_pop":3.0761033704,"log_mass":5.8183882241},{"country_iso":"ARE","city_id":5915,"log_pop":3.7337037339,"log_mass":6.4068407331},{"country_iso":"ARE","city_id":5915,"log_pop":3.7317224921,"log_mass":6.4124161118},{"country_iso":"ARE","city_id":5915,"log_pop":2.9128462568,"log_mass":5.4553172472},{"country_iso":"ARE","city_id":5915,"log_pop":3.017737415,"log_mass":5.522262559},{"country_iso":"ARE","city_id":5915,"log_pop":2.847713765,"log_mass":5.4248751822},{"country_iso":"ARE","city_id":5915,"log_pop":3.7734541339,"log_mass":6.3170454692},{"country_iso":"ARE","city_id":5915,"log_pop":2.6225444334,"log_mass":5.1709291967},{"country_iso":"ARE","city_id":5915,"log_pop":3.7673004082,"log_mass":6.5786705537},{"country_iso":"ARE","city_id":5915,"log_pop":3.7641110324,"log_mass":6.3065270908},{"country_iso":"ARE","city_id":5915,"log_pop":3.8214210447,"log_mass":6.4058113293},{"country_iso":"ARE","city_id":5915,"log_pop":-0.1093663292,"log_mass":2.9129596288},{"country_iso":"ARE","city_id":5915,"log_pop":2.6210658461,"log_mass":6.0213243318},{"country_iso":"ARE","city_id":5915,"log_pop":3.0962234143,"log_mass":5.8050238742},{"country_iso":"ARE","city_id":5915,"log_pop":0.2144059034,"log_mass":4.7814702103},{"country_iso":"ARE","city_id":5915,"log_pop":2.8483927192,"log_mass":5.5778582761},{"country_iso":"ARE","city_id":5915,"log_pop":3.8359401286,"log_mass":6.3335360696},{"country_iso":"ARE","city_id":5915,"log_pop":3.3290172409,"log_mass":5.8101022884},{"country_iso":"ARE","city_id":5915,"log_pop":3.2866087302,"log_mass":5.8889827887},{"country_iso":"ARE","city_id":5915,"log_pop":3.8847719836,"log_mass":6.4378465744},{"country_iso":"ARE","city_id":5915,"log_pop":3.8717432048,"log_mass":6.3867930233},{"country_iso":"ARE","city_id":5915,"log_pop":3.900730729,"log_mass":6.6434266746},{"country_iso":"ARE","city_id":5915,"log_pop":2.9861040526,"log_mass":5.4705844114},{"country_iso":"ARE","city_id":5915,"log_pop":3.8299662375,"log_mass":6.2938990653},{"country_iso":"ARE","city_id":5915,"log_pop":3.4785738681,"log_mass":5.8529664223},{"country_iso":"ARE","city_id":5915,"log_pop":3.7078089387,"log_mass":6.0796399938},{"country_iso":"ARE","city_id":5915,"log_pop":2.8946118084,"log_mass":5.3691198227},{"country_iso":"ARE","city_id":5915,"log_pop":2.8263300238,"log_mass":5.4642600172},{"country_iso":"ARE","city_id":5915,"log_pop":1.445739236,"log_mass":3.8540059562},{"country_iso":"ARE","city_id":5915,"log_pop":3.8146787433,"log_mass":6.5310996332},{"country_iso":"ARE","city_id":5915,"log_pop":3.6439883422,"log_mass":6.3848554191},{"country_iso":"ARE","city_id":5915,"log_pop":3.3447602335,"log_mass":5.8946872643},{"country_iso":"ARE","city_id":5915,"log_pop":2.9932020282,"log_mass":5.412197768},{"country_iso":"ARE","city_id":5915,"log_pop":3.6175450765,"log_mass":6.1631456846},{"country_iso":"ARE","city_id":5915,"log_pop":3.8737657119,"log_mass":6.4462416514},{"country_iso":"ARE","city_id":5915,"log_pop":3.9231221654,"log_mass":6.5099274285},{"country_iso":"ARE","city_id":5915,"log_pop":3.8442946648,"log_mass":6.3311335945},{"country_iso":"ARE","city_id":5915,"log_pop":3.744332021,"log_mass":6.5089731281},{"country_iso":"ARE","city_id":5915,"log_pop":3.7246235276,"log_mass":6.3628749865},{"country_iso":"ARE","city_id":5915,"log_pop":3.6466344559,"log_mass":6.2098408784},{"country_iso":"ARE","city_id":5915,"log_pop":3.9091883871,"log_mass":6.5514520182},{"country_iso":"ARE","city_id":5915,"log_pop":3.9140965143,"log_mass":6.4283323455},{"country_iso":"ARE","city_id":5915,"log_pop":3.8293496731,"log_mass":6.4576234477},{"country_iso":"ARE","city_id":5915,"log_pop":3.8850845934,"log_mass":6.5503460498},{"country_iso":"ARE","city_id":5915,"log_pop":3.8313178388,"log_mass":6.4896633624},{"country_iso":"ARE","city_id":5915,"log_pop":3.8861056981,"log_mass":6.7773828582},{"country_iso":"ARE","city_id":5915,"log_pop":3.1201613951,"log_mass":5.848550997},{"country_iso":"ARE","city_id":5915,"log_pop":3.4478498125,"log_mass":6.0352854365},{"country_iso":"ARE","city_id":5915,"log_pop":3.6503627679,"log_mass":6.3721845201},{"country_iso":"ARE","city_id":5915,"log_pop":3.3758903223,"log_mass":6.0561403459},{"country_iso":"ARE","city_id":5915,"log_pop":1.9436817064,"log_mass":4.3532023062},{"country_iso":"ARE","city_id":5915,"log_pop":3.879312936,"log_mass":6.6604400624},{"country_iso":"ARE","city_id":5915,"log_pop":3.7906871653,"log_mass":6.3516994485},{"country_iso":"ARE","city_id":5915,"log_pop":3.7537821233,"log_mass":6.3922989624},{"country_iso":"ARE","city_id":5915,"log_pop":3.1438226639,"log_mass":5.8775946937},{"country_iso":"ARE","city_id":5915,"log_pop":-0.0070511512,"log_mass":2.5870457308},{"country_iso":"ARE","city_id":5915,"log_pop":1.7887639356,"log_mass":4.2716507094},{"country_iso":"ARE","city_id":5915,"log_pop":3.2336872564,"log_mass":5.7442400373},{"country_iso":"ARE","city_id":5915,"log_pop":3.5181572563,"log_mass":6.1010508922},{"country_iso":"ARE","city_id":5915,"log_pop":3.7273344245,"log_mass":6.2570221584},{"country_iso":"ARE","city_id":5915,"log_pop":3.8259855158,"log_mass":6.5344307227},{"country_iso":"ARE","city_id":5915,"log_pop":3.8980798003,"log_mass":6.4505123905},{"country_iso":"ARE","city_id":5915,"log_pop":3.8746601954,"log_mass":6.4656887465},{"country_iso":"ARE","city_id":5915,"log_pop":3.6925926908,"log_mass":6.3395815192},{"country_iso":"ARE","city_id":5915,"log_pop":3.3216569073,"log_mass":5.8989450548},{"country_iso":"ARE","city_id":5915,"log_pop":3.7301195803,"log_mass":6.4625372922},{"country_iso":"ARE","city_id":5915,"log_pop":3.6440463623,"log_mass":6.1076308964},{"country_iso":"ARE","city_id":5915,"log_pop":3.7088222241,"log_mass":6.3513045408},{"country_iso":"ARE","city_id":5915,"log_pop":3.0325920426,"log_mass":5.6818696166},{"country_iso":"ARE","city_id":5915,"log_pop":3.9102902848,"log_mass":6.5902439525},{"country_iso":"ARE","city_id":5915,"log_pop":3.8732444782,"log_mass":6.443839165},{"country_iso":"ARE","city_id":5915,"log_pop":3.9305862527,"log_mass":6.7751416164},{"country_iso":"ARE","city_id":5915,"log_pop":3.8480848636,"log_mass":6.5014795989},{"country_iso":"ARE","city_id":5915,"log_pop":3.7078412826,"log_mass":6.5277313299},{"country_iso":"ARE","city_id":5915,"log_pop":3.8993800957,"log_mass":6.4950734266},{"country_iso":"ARE","city_id":5915,"log_pop":3.7628469696,"log_mass":6.6139579538},{"country_iso":"ARE","city_id":5915,"log_pop":2.1051598927,"log_mass":4.5077208969},{"country_iso":"ARE","city_id":5915,"log_pop":3.055973699,"log_mass":5.4445675764},{"country_iso":"ARE","city_id":5915,"log_pop":3.8278944684,"log_mass":6.2545616875},{"country_iso":"ARE","city_id":5915,"log_pop":3.9022582894,"log_mass":6.2871470018},{"country_iso":"ARE","city_id":5915,"log_pop":3.774635712,"log_mass":6.4305257424},{"country_iso":"ARE","city_id":5915,"log_pop":3.8752631526,"log_mass":6.3913128951},{"country_iso":"ARE","city_id":5915,"log_pop":3.77430366,"log_mass":6.209149356},{"country_iso":"ARE","city_id":5915,"log_pop":3.4314155084,"log_mass":5.7944919218},{"country_iso":"ARE","city_id":5915,"log_pop":3.7528392165,"log_mass":6.3674296029},{"country_iso":"ARE","city_id":5915,"log_pop":3.1202725765,"log_mass":5.5081408197},{"country_iso":"ARE","city_id":5915,"log_pop":2.321705093,"log_mass":4.8502876225},{"country_iso":"ARE","city_id":5915,"log_pop":3.8342262196,"log_mass":6.1536224937},{"country_iso":"ARE","city_id":5915,"log_pop":2.8635718822,"log_mass":5.2885210702},{"country_iso":"ARE","city_id":5915,"log_pop":3.7343491111,"log_mass":6.1278741663},{"country_iso":"ARE","city_id":5915,"log_pop":3.2159877423,"log_mass":5.8364106851},{"country_iso":"ARE","city_id":5915,"log_pop":1.4470723307,"log_mass":3.757222769},{"country_iso":"ARE","city_id":5915,"log_pop":3.8550471373,"log_mass":6.3948825552},{"country_iso":"ARE","city_id":5915,"log_pop":3.7859809854,"log_mass":6.3165474809},{"country_iso":"ARE","city_id":5915,"log_pop":3.870404395,"log_mass":6.360561334},{"country_iso":"ARE","city_id":5915,"log_pop":3.7352210885,"log_mass":6.2673074554},{"country_iso":"ARE","city_id":5915,"log_pop":3.8869196272,"log_mass":6.5042711065},{"country_iso":"ARE","city_id":5915,"log_pop":3.7596759646,"log_mass":6.3833597584},{"country_iso":"ARE","city_id":5915,"log_pop":3.8695859815,"log_mass":6.3798176918},{"country_iso":"ARE","city_id":5915,"log_pop":3.6743643493,"log_mass":6.2388033315},{"country_iso":"ARE","city_id":5915,"log_pop":3.2159089463,"log_mass":5.8094691145},{"country_iso":"ARE","city_id":5915,"log_pop":3.1979236552,"log_mass":5.6540542756},{"country_iso":"ARE","city_id":5915,"log_pop":2.8620842686,"log_mass":5.3835393112},{"country_iso":"ARE","city_id":5915,"log_pop":3.763130163,"log_mass":6.3194184838},{"country_iso":"ARE","city_id":5915,"log_pop":3.5271955601,"log_mass":6.2109188121},{"country_iso":"ARE","city_id":5915,"log_pop":3.7727752483,"log_mass":6.258025997},{"country_iso":"ARE","city_id":5915,"log_pop":3.8396522438,"log_mass":6.3662175144},{"country_iso":"ARE","city_id":5915,"log_pop":3.5368237741,"log_mass":6.0782116231},{"country_iso":"ARE","city_id":5915,"log_pop":3.1108121796,"log_mass":5.6556892338},{"country_iso":"ARE","city_id":5915,"log_pop":3.7617688718,"log_mass":6.3402466683},{"country_iso":"ARE","city_id":5915,"log_pop":3.5093122962,"log_mass":6.0651896166},{"country_iso":"ARE","city_id":5915,"log_pop":3.6255021105,"log_mass":6.1952724154},{"country_iso":"ARE","city_id":5915,"log_pop":3.8071679836,"log_mass":6.3669353799},{"country_iso":"ARE","city_id":5915,"log_pop":3.3524698539,"log_mass":5.8229075696},{"country_iso":"ARE","city_id":5915,"log_pop":0.9340014646,"log_mass":3.975443158},{"country_iso":"ARE","city_id":5915,"log_pop":3.2080251769,"log_mass":5.6353435617},{"country_iso":"ARE","city_id":5915,"log_pop":2.0907033099,"log_mass":4.5696028401},{"country_iso":"ARE","city_id":5915,"log_pop":3.8043038755,"log_mass":6.3011476653},{"country_iso":"ARE","city_id":5915,"log_pop":3.4843812127,"log_mass":6.0124808603},{"country_iso":"ARE","city_id":5915,"log_pop":3.635918135,"log_mass":6.1150160559},{"country_iso":"ARE","city_id":5915,"log_pop":3.9377315062,"log_mass":6.5008625842},{"country_iso":"ARE","city_id":5915,"log_pop":3.8685703608,"log_mass":6.4732522838},{"country_iso":"ARE","city_id":5915,"log_pop":3.9081620771,"log_mass":6.460154509},{"country_iso":"ARE","city_id":5915,"log_pop":3.7147529625,"log_mass":6.3107824277},{"country_iso":"ARE","city_id":5915,"log_pop":3.894029474,"log_mass":6.5326589198},{"country_iso":"ARE","city_id":5915,"log_pop":3.9041078283,"log_mass":6.4528310681},{"country_iso":"ARE","city_id":5915,"log_pop":3.8540229546,"log_mass":6.521712399},{"country_iso":"ARE","city_id":5915,"log_pop":3.8009268162,"log_mass":6.4971642308},{"country_iso":"ARE","city_id":5915,"log_pop":3.8395055297,"log_mass":6.5567506637},{"country_iso":"ARE","city_id":5915,"log_pop":3.8658423478,"log_mass":6.3839919914},{"country_iso":"ARE","city_id":5915,"log_pop":3.508295056,"log_mass":6.120440051},{"country_iso":"ARE","city_id":5915,"log_pop":3.7406240871,"log_mass":6.4416811185},{"country_iso":"ARE","city_id":5915,"log_pop":3.8959802778,"log_mass":6.7212755047},{"country_iso":"ARE","city_id":5915,"log_pop":3.9034899334,"log_mass":6.493298683},{"country_iso":"ARE","city_id":5915,"log_pop":3.8559139116,"log_mass":6.3117495687},{"country_iso":"ARE","city_id":5915,"log_pop":3.7543701369,"log_mass":6.2704980772},{"country_iso":"ARE","city_id":5915,"log_pop":2.9197097852,"log_mass":5.7586800903},{"country_iso":"ARE","city_id":5915,"log_pop":3.1370570013,"log_mass":5.8663307888},{"country_iso":"ARE","city_id":5915,"log_pop":3.9301554676,"log_mass":6.4545601937},{"country_iso":"ARE","city_id":5915,"log_pop":3.8078500297,"log_mass":6.3412669261},{"country_iso":"ARE","city_id":5915,"log_pop":3.4154513834,"log_mass":5.9289758858},{"country_iso":"ARE","city_id":5915,"log_pop":3.1323322489,"log_mass":5.570036123},{"country_iso":"ARE","city_id":5915,"log_pop":0.394598923,"log_mass":3.9892063249},{"country_iso":"ARE","city_id":5915,"log_pop":3.1305630643,"log_mass":5.5237619598},{"country_iso":"ARE","city_id":5915,"log_pop":2.4135489488,"log_mass":5.0182230556},{"country_iso":"ARE","city_id":5915,"log_pop":3.4774651527,"log_mass":6.1152358203},{"country_iso":"ARE","city_id":5915,"log_pop":2.68070572,"log_mass":5.2196127146},{"country_iso":"ARE","city_id":5915,"log_pop":3.3521752628,"log_mass":5.9503719756},{"country_iso":"ARE","city_id":5915,"log_pop":2.3647870873,"log_mass":5.4758016031},{"country_iso":"ARE","city_id":5915,"log_pop":1.8278677034,"log_mass":4.8157497321},{"country_iso":"ARE","city_id":5915,"log_pop":2.920725395,"log_mass":5.60662623},{"country_iso":"ARE","city_id":5915,"log_pop":3.2731029692,"log_mass":5.6892327128},{"country_iso":"ARE","city_id":5915,"log_pop":2.0119409716,"log_mass":5.4117825515},{"country_iso":"ARE","city_id":5915,"log_pop":3.8388856103,"log_mass":6.3678615899},{"country_iso":"ARE","city_id":5915,"log_pop":3.4743947331,"log_mass":6.0989018162},{"country_iso":"ARE","city_id":5915,"log_pop":3.2570349411,"log_mass":5.8502723038},{"country_iso":"ARE","city_id":5915,"log_pop":3.2165078215,"log_mass":6.0156841953},{"country_iso":"ARE","city_id":5915,"log_pop":3.8644895672,"log_mass":6.4052521714},{"country_iso":"ARE","city_id":5915,"log_pop":3.7252050181,"log_mass":6.2903142814},{"country_iso":"ARE","city_id":5915,"log_pop":3.835615954,"log_mass":6.4279353727},{"country_iso":"ARE","city_id":5915,"log_pop":3.353356217,"log_mass":5.931209211},{"country_iso":"ARE","city_id":5915,"log_pop":3.3060414784,"log_mass":5.8028502726},{"country_iso":"ARE","city_id":5915,"log_pop":3.393063766,"log_mass":6.037339266},{"country_iso":"ARE","city_id":5915,"log_pop":3.0874066327,"log_mass":5.648947249},{"country_iso":"ARE","city_id":5915,"log_pop":3.3762609217,"log_mass":6.0466509795},{"country_iso":"ARE","city_id":5915,"log_pop":3.4608504301,"log_mass":6.0663185681},{"country_iso":"ARE","city_id":5915,"log_pop":3.7981670174,"log_mass":6.6175665999},{"country_iso":"ARE","city_id":5915,"log_pop":3.7430773573,"log_mass":6.328755083},{"country_iso":"ARE","city_id":5915,"log_pop":3.6544490338,"log_mass":6.5541738163},{"country_iso":"ARE","city_id":5915,"log_pop":2.3798733276,"log_mass":5.2772763484},{"country_iso":"ARE","city_id":5915,"log_pop":1.1450747523,"log_mass":4.7863472721},{"country_iso":"ARE","city_id":5915,"log_pop":3.7304909892,"log_mass":6.3371130692},{"country_iso":"ARE","city_id":5915,"log_pop":3.8353638818,"log_mass":6.5533433133},{"country_iso":"ARE","city_id":5915,"log_pop":3.9615670865,"log_mass":6.5566578857},{"country_iso":"ARE","city_id":5915,"log_pop":3.9732623468,"log_mass":6.7818766571},{"country_iso":"ARE","city_id":5915,"log_pop":0.7099826835,"log_mass":5.9615843538},{"country_iso":"ARE","city_id":5915,"log_pop":3.1062704194,"log_mass":5.5827505361},{"country_iso":"ARE","city_id":5915,"log_pop":3.2914206314,"log_mass":5.9459189966},{"country_iso":"ARE","city_id":5924,"log_pop":1.4227181569,"log_mass":5.0320393054},{"country_iso":"ARE","city_id":5924,"log_pop":3.0964400828,"log_mass":6.2994296953},{"country_iso":"ARE","city_id":5924,"log_pop":3.1336508356,"log_mass":6.3579321735},{"country_iso":"ARE","city_id":5924,"log_pop":2.8743981906,"log_mass":6.0216082583},{"country_iso":"ARE","city_id":5924,"log_pop":2.4039011176,"log_mass":5.5972746632},{"country_iso":"ARE","city_id":5924,"log_pop":2.7493389699,"log_mass":5.8768240066},{"country_iso":"ARE","city_id":5924,"log_pop":3.0729804193,"log_mass":6.2874945445},{"country_iso":"ARE","city_id":5924,"log_pop":3.0203099099,"log_mass":6.2319495178},{"country_iso":"ARE","city_id":5924,"log_pop":2.9852798228,"log_mass":6.154545894},{"country_iso":"ARE","city_id":5924,"log_pop":3.0586248223,"log_mass":6.2045468922},{"country_iso":"ARE","city_id":5924,"log_pop":1.7056897232,"log_mass":4.8179746641},{"country_iso":"ARE","city_id":5924,"log_pop":2.7621517206,"log_mass":5.8742825062},{"country_iso":"ARE","city_id":5924,"log_pop":3.2025406911,"log_mass":6.4270713789},{"country_iso":"ARE","city_id":5924,"log_pop":3.0285910713,"log_mass":6.2215697171},{"country_iso":"ARE","city_id":5924,"log_pop":3.0863057484,"log_mass":6.3635933573},{"country_iso":"ARE","city_id":5924,"log_pop":3.0742540502,"log_mass":6.2535367207},{"country_iso":"ARE","city_id":5924,"log_pop":2.682186398,"log_mass":5.8319562623},{"country_iso":"ARE","city_id":5924,"log_pop":2.5992012366,"log_mass":5.7238234331},{"country_iso":"ARE","city_id":5924,"log_pop":2.8040066835,"log_mass":6.1735340242},{"country_iso":"ARE","city_id":5924,"log_pop":3.1420559647,"log_mass":6.3372317865},{"country_iso":"ARE","city_id":5924,"log_pop":2.3215015691,"log_mass":5.5577773301},{"country_iso":"ARE","city_id":5924,"log_pop":1.5559554756,"log_mass":4.7042403533},{"country_iso":"ARE","city_id":5924,"log_pop":2.8010957438,"log_mass":5.9939323144},{"country_iso":"ARE","city_id":5924,"log_pop":3.0576100979,"log_mass":6.2311872952},{"country_iso":"ARE","city_id":5924,"log_pop":2.944420483,"log_mass":6.1092266223},{"country_iso":"ARE","city_id":5924,"log_pop":2.7395622249,"log_mass":5.9535645369},{"country_iso":"ARE","city_id":5924,"log_pop":2.2928954185,"log_mass":5.4864545607},{"country_iso":"ARE","city_id":5924,"log_pop":2.503125192,"log_mass":5.7063036345},{"country_iso":"ARE","city_id":5924,"log_pop":2.7619898689,"log_mass":5.9596907956},{"country_iso":"ARE","city_id":5924,"log_pop":3.0992653988,"log_mass":6.2822438242},{"country_iso":"ARE","city_id":5924,"log_pop":2.9833855895,"log_mass":6.1659714832},{"country_iso":"ARE","city_id":5924,"log_pop":3.1063272945,"log_mass":6.3370668894},{"country_iso":"ARE","city_id":5924,"log_pop":3.1653637656,"log_mass":6.345823045},{"country_iso":"ARE","city_id":5924,"log_pop":3.1139075298,"log_mass":6.3566154273},{"country_iso":"ARE","city_id":5924,"log_pop":3.1136394409,"log_mass":6.3617318007},{"country_iso":"ARE","city_id":5924,"log_pop":3.1050500846,"log_mass":6.3213831808},{"country_iso":"ARE","city_id":5924,"log_pop":2.8095759952,"log_mass":6.0461395844},{"country_iso":"ARE","city_id":5924,"log_pop":2.6706949953,"log_mass":5.9195836806},{"country_iso":"ARE","city_id":5924,"log_pop":2.0510727164,"log_mass":5.1587369794},{"country_iso":"ARE","city_id":5924,"log_pop":2.8408870747,"log_mass":5.9845991008},{"country_iso":"ARE","city_id":5924,"log_pop":1.735689996,"log_mass":5.0424025252},{"country_iso":"ARE","city_id":5924,"log_pop":2.6616702666,"log_mass":5.8460728824},{"country_iso":"ARE","city_id":5924,"log_pop":1.8840462917,"log_mass":4.99610371},{"country_iso":"ARE","city_id":5924,"log_pop":0.7674948071,"log_mass":4.2992289901},{"country_iso":"ARE","city_id":5924,"log_pop":-0.0235269673,"log_mass":3.9372596053},{"country_iso":"ARE","city_id":5924,"log_pop":2.0097669252,"log_mass":5.101343437},{"country_iso":"ARE","city_id":5924,"log_pop":3.1716449634,"log_mass":6.085670888},{"country_iso":"ARE","city_id":5924,"log_pop":2.1108515654,"log_mass":5.3393833003},{"country_iso":"ARE","city_id":5924,"log_pop":2.7831826151,"log_mass":5.9460759452},{"country_iso":"ARE","city_id":5924,"log_pop":3.3280860391,"log_mass":6.2146360199},{"country_iso":"ARE","city_id":5924,"log_pop":3.2743207408,"log_mass":5.971989686},{"country_iso":"ARE","city_id":5924,"log_pop":2.8390574841,"log_mass":5.8899260055},{"country_iso":"ARE","city_id":5924,"log_pop":2.9593886916,"log_mass":5.6454104255},{"country_iso":"ARE","city_id":5924,"log_pop":2.9038850466,"log_mass":6.0041417976},{"country_iso":"ARE","city_id":5924,"log_pop":3.355920888,"log_mass":6.3632059211},{"country_iso":"ARE","city_id":5924,"log_pop":3.0272627124,"log_mass":6.2075271842},{"country_iso":"ARE","city_id":5924,"log_pop":2.1659483125,"log_mass":5.3287446453},{"country_iso":"ARE","city_id":5924,"log_pop":2.1682393466,"log_mass":5.3954672797},{"country_iso":"ARE","city_id":5924,"log_pop":2.8025244089,"log_mass":6.1664115085},{"country_iso":"ARE","city_id":5924,"log_pop":2.785843025,"log_mass":6.1261993906},{"country_iso":"ARE","city_id":5924,"log_pop":2.8740018377,"log_mass":6.0565074297},{"country_iso":"ARE","city_id":5924,"log_pop":2.9389009717,"log_mass":6.1123586318},{"country_iso":"ARE","city_id":5924,"log_pop":2.6275142887,"log_mass":5.8890872047},{"country_iso":"ARE","city_id":5924,"log_pop":2.3239271569,"log_mass":5.4813552436},{"country_iso":"ARE","city_id":5924,"log_pop":3.0679606499,"log_mass":6.3135529206},{"country_iso":"ARE","city_id":5924,"log_pop":3.04383215,"log_mass":6.15134682},{"country_iso":"ARE","city_id":5924,"log_pop":2.9339225689,"log_mass":6.093351436},{"country_iso":"ARE","city_id":5909,"log_pop":3.3451229316,"log_mass":6.4326047057},{"country_iso":"ARE","city_id":5909,"log_pop":2.9174231008,"log_mass":5.9382090615},{"country_iso":"ARE","city_id":5909,"log_pop":3.1165739422,"log_mass":6.2260203691},{"country_iso":"ARE","city_id":5909,"log_pop":3.3405213181,"log_mass":6.48305822},{"country_iso":"ARE","city_id":5909,"log_pop":3.355213791,"log_mass":6.4690561572},{"country_iso":"ARE","city_id":5909,"log_pop":3.3681697914,"log_mass":6.5217895897},{"country_iso":"ARE","city_id":5909,"log_pop":3.255234766,"log_mass":6.2692683973},{"country_iso":"ARE","city_id":5909,"log_pop":2.9095201992,"log_mass":6.0053680342},{"country_iso":"ARE","city_id":5909,"log_pop":2.6692125982,"log_mass":5.7985970245},{"country_iso":"ARE","city_id":5909,"log_pop":1.3666213149,"log_mass":4.7864782762},{"country_iso":"ARE","city_id":5909,"log_pop":3.0754847097,"log_mass":6.0919033942},{"country_iso":"ARE","city_id":5909,"log_pop":3.3104878691,"log_mass":6.3279597342},{"country_iso":"ARE","city_id":5909,"log_pop":2.7915657145,"log_mass":5.7526472725},{"country_iso":"ARE","city_id":5909,"log_pop":3.0996060822,"log_mass":6.1075469888},{"country_iso":"ARE","city_id":5909,"log_pop":3.3540320101,"log_mass":6.4324649733},{"country_iso":"ARE","city_id":5909,"log_pop":2.61750512,"log_mass":5.9946178968},{"country_iso":"ARE","city_id":5909,"log_pop":2.8460620818,"log_mass":6.6122732384},{"country_iso":"ARE","city_id":5909,"log_pop":3.3628611296,"log_mass":6.4940053851},{"country_iso":"ARE","city_id":5909,"log_pop":3.3272633084,"log_mass":6.5495310645},{"country_iso":"ARE","city_id":5909,"log_pop":2.6753830171,"log_mass":5.8933805091},{"country_iso":"ARE","city_id":5909,"log_pop":2.9252032006,"log_mass":5.9484212861},{"country_iso":"ARE","city_id":5909,"log_pop":2.9951471809,"log_mass":5.9783659841},{"country_iso":"ARE","city_id":5909,"log_pop":2.4455895533,"log_mass":5.5323681567},{"country_iso":"ARE","city_id":5909,"log_pop":3.1493442586,"log_mass":6.3430462963},{"country_iso":"ARE","city_id":5909,"log_pop":2.1333087965,"log_mass":5.2960809897},{"country_iso":"ARE","city_id":5909,"log_pop":3.2662158692,"log_mass":6.6954537641},{"country_iso":"ARE","city_id":5909,"log_pop":3.0947172089,"log_mass":6.131854454},{"country_iso":"ARE","city_id":5909,"log_pop":1.1640548883,"log_mass":4.3462367773},{"country_iso":"ARE","city_id":5909,"log_pop":2.9841100886,"log_mass":5.991896043},{"country_iso":"ARE","city_id":5909,"log_pop":2.9140480285,"log_mass":5.9924456997},{"country_iso":"ARE","city_id":5909,"log_pop":3.3182129922,"log_mass":6.4630468589},{"country_iso":"ARE","city_id":5909,"log_pop":2.9581398865,"log_mass":6.078006442},{"country_iso":"ARE","city_id":5909,"log_pop":0.0243457121,"log_mass":4.4033500896},{"country_iso":"ARE","city_id":5909,"log_pop":3.2951988873,"log_mass":6.4879232785},{"country_iso":"ARE","city_id":5909,"log_pop":2.2804378061,"log_mass":5.3216181653},{"country_iso":"ARE","city_id":5909,"log_pop":1.4641186746,"log_mass":4.4878581115},{"country_iso":"ARE","city_id":5909,"log_pop":2.3770648722,"log_mass":5.4997168157},{"country_iso":"ARE","city_id":5909,"log_pop":3.0027417986,"log_mass":6.0006775622},{"country_iso":"ARE","city_id":5909,"log_pop":3.2961482572,"log_mass":6.3931498837},{"country_iso":"ARE","city_id":5909,"log_pop":3.0145269403,"log_mass":6.2636369047},{"country_iso":"ARE","city_id":5909,"log_pop":-0.4036041303,"log_mass":2.7224241489},{"country_iso":"ARE","city_id":5909,"log_pop":2.8266269703,"log_mass":6.0667140024},{"country_iso":"ARE","city_id":5909,"log_pop":3.213513125,"log_mass":6.4618137118},{"country_iso":"ARE","city_id":5909,"log_pop":2.9720090415,"log_mass":6.0751741723},{"country_iso":"ARE","city_id":5909,"log_pop":3.2418454969,"log_mass":6.4197230277},{"country_iso":"ARE","city_id":5909,"log_pop":3.1103659207,"log_mass":6.1653620433},{"country_iso":"ARE","city_id":5909,"log_pop":2.1579596707,"log_mass":5.2214959501},{"country_iso":"ARE","city_id":5909,"log_pop":3.351290102,"log_mass":6.3563633832},{"country_iso":"ARE","city_id":5909,"log_pop":2.7231505729,"log_mass":5.6734120134},{"country_iso":"ARE","city_id":5909,"log_pop":3.0193548949,"log_mass":6.0085169957},{"country_iso":"ARE","city_id":5909,"log_pop":2.6370979083,"log_mass":5.7525685386},{"country_iso":"ARE","city_id":5909,"log_pop":3.2230001672,"log_mass":6.2441541694},{"country_iso":"ARE","city_id":5909,"log_pop":3.3574766468,"log_mass":6.3957194391},{"country_iso":"ARE","city_id":5909,"log_pop":3.1512971729,"log_mass":6.2942890644},{"country_iso":"ARE","city_id":5909,"log_pop":3.3773146841,"log_mass":6.4994710122},{"country_iso":"ARE","city_id":5909,"log_pop":3.3578184215,"log_mass":6.5434908059},{"country_iso":"ARE","city_id":5909,"log_pop":2.6235144964,"log_mass":5.8170883012},{"country_iso":"ARE","city_id":5909,"log_pop":2.8912257122,"log_mass":5.8852088432},{"country_iso":"ARE","city_id":5909,"log_pop":3.1793486959,"log_mass":6.181470663},{"country_iso":"ARE","city_id":5909,"log_pop":2.5993226886,"log_mass":5.7386896711},{"country_iso":"ARE","city_id":5909,"log_pop":2.5029322015,"log_mass":5.6673390001},{"country_iso":"ARE","city_id":5909,"log_pop":3.013071286,"log_mass":6.1142630812},{"country_iso":"ARE","city_id":5909,"log_pop":-0.1740840969,"log_mass":3.4416551071},{"country_iso":"ARE","city_id":5909,"log_pop":1.4807588758,"log_mass":4.5183250645},{"country_iso":"ARE","city_id":5909,"log_pop":2.9637746261,"log_mass":6.1563570844},{"country_iso":"ARE","city_id":5923,"log_pop":2.0539721523,"log_mass":5.2970852723},{"country_iso":"ARE","city_id":5923,"log_pop":1.1303154737,"log_mass":4.0340191145},{"country_iso":"ARE","city_id":5923,"log_pop":1.2981390197,"log_mass":4.123302921},{"country_iso":"ARE","city_id":5923,"log_pop":2.6466330661,"log_mass":5.8433982183},{"country_iso":"ARE","city_id":5923,"log_pop":1.8833416828,"log_mass":4.9888679837},{"country_iso":"ARE","city_id":5923,"log_pop":2.688188178,"log_mass":5.8066177705},{"country_iso":"ARE","city_id":5923,"log_pop":2.4000631256,"log_mass":5.4583070704},{"country_iso":"ARE","city_id":5923,"log_pop":2.8542317874,"log_mass":5.9507208186},{"country_iso":"ARE","city_id":5923,"log_pop":2.1999424256,"log_mass":5.1013094603},{"country_iso":"ARE","city_id":5923,"log_pop":2.6134961298,"log_mass":5.6292150092},{"country_iso":"ARE","city_id":5923,"log_pop":1.9956859295,"log_mass":5.1835702537},{"country_iso":"ARE","city_id":5923,"log_pop":2.8037995351,"log_mass":6.1021969876},{"country_iso":"ARE","city_id":5923,"log_pop":2.8279586454,"log_mass":6.033273985},{"country_iso":"ARE","city_id":5923,"log_pop":3.0207091033,"log_mass":6.1936813591},{"country_iso":"ARE","city_id":5923,"log_pop":2.6727080694,"log_mass":5.8987629405},{"country_iso":"ARE","city_id":5923,"log_pop":2.5547926318,"log_mass":5.8223428735},{"country_iso":"ARE","city_id":5923,"log_pop":2.9427254063,"log_mass":6.0924964749},{"country_iso":"ARE","city_id":5923,"log_pop":0.2340202834,"log_mass":3.3598377659},{"country_iso":"ARE","city_id":5923,"log_pop":1.8437496186,"log_mass":4.6938092478},{"country_iso":"ARE","city_id":5923,"log_pop":2.6734022571,"log_mass":5.7499796746},{"country_iso":"ARE","city_id":5923,"log_pop":2.9858231788,"log_mass":6.0458556969},{"country_iso":"ARE","city_id":5923,"log_pop":0.5059729467,"log_mass":4.2496943775},{"country_iso":"ARE","city_id":5923,"log_pop":1.843356786,"log_mass":4.7280829619},{"country_iso":"ARE","city_id":5923,"log_pop":2.9812110375,"log_mass":6.1629869203},{"country_iso":"ARE","city_id":5923,"log_pop":2.8038875803,"log_mass":6.0600496551},{"country_iso":"ARE","city_id":5923,"log_pop":2.9721848111,"log_mass":6.1705783486},{"country_iso":"ARE","city_id":5917,"log_pop":3.1878874923,"log_mass":6.0773766148},{"country_iso":"ARE","city_id":5917,"log_pop":2.6039292493,"log_mass":5.3732883676},{"country_iso":"ARE","city_id":5917,"log_pop":3.7873735606,"log_mass":6.5470405289},{"country_iso":"ARE","city_id":5917,"log_pop":3.0627805947,"log_mass":5.7392641571},{"country_iso":"ARE","city_id":5917,"log_pop":2.6868960739,"log_mass":5.5252936685},{"country_iso":"ARE","city_id":5917,"log_pop":3.3461782373,"log_mass":6.0458208655},{"country_iso":"ARE","city_id":5917,"log_pop":3.4435173958,"log_mass":6.0078959806},{"country_iso":"ARE","city_id":5917,"log_pop":3.2245596545,"log_mass":5.9789172386},{"country_iso":"ARE","city_id":5903,"log_pop":1.9333953265,"log_mass":5.638823826},{"country_iso":"ARE","city_id":5903,"log_pop":1.7339844966,"log_mass":5.3957235017},{"country_iso":"ARE","city_id":5903,"log_pop":2.5141784342,"log_mass":6.213407404},{"country_iso":"ARE","city_id":5903,"log_pop":1.9599742937,"log_mass":5.6819459567},{"country_iso":"ARE","city_id":5903,"log_pop":1.5395049553,"log_mass":5.2037995987},{"country_iso":"ARE","city_id":5903,"log_pop":0.6088460141,"log_mass":4.421617858},{"country_iso":"ARE","city_id":5903,"log_pop":2.115898825,"log_mass":5.9435349058},{"country_iso":"ARE","city_id":5903,"log_pop":1.1998196818,"log_mass":4.8316824197},{"country_iso":"ARE","city_id":5929,"log_pop":2.6456303083,"log_mass":4.9887840965},{"country_iso":"ARE","city_id":5929,"log_pop":3.1555263954,"log_mass":5.4085682553},{"country_iso":"ARE","city_id":5929,"log_pop":3.6183803846,"log_mass":5.9122061303},{"country_iso":"ARE","city_id":5929,"log_pop":3.2876965198,"log_mass":5.7595505456},{"country_iso":"ARE","city_id":5929,"log_pop":3.4823146653,"log_mass":5.8040073351},{"country_iso":"ARE","city_id":5929,"log_pop":3.7217749189,"log_mass":6.0560418937}]