[{"country_iso":"TZA","city_id":5222,"log_pop":2.9286337838,"log_mass":5.3184670976},{"country_iso":"TZA","city_id":5222,"log_pop":3.8319270121,"log_mass":5.9517611392},{"country_iso":"TZA","city_id":5222,"log_pop":1.845635538,"log_mass":4.1960893824},{"country_iso":"TZA","city_id":5222,"log_pop":3.8978372415,"log_mass":6.0121995129},{"country_iso":"TZA","city_id":5222,"log_pop":4.0528497088,"log_mass":6.149316556},{"country_iso":"TZA","city_id":5222,"log_pop":3.387986185,"log_mass":5.5068829194},{"country_iso":"TZA","city_id":5222,"log_pop":3.1750793857,"log_mass":5.5238457369},{"country_iso":"TZA","city_id":5222,"log_pop":3.3703132095,"log_mass":5.600271951},{"country_iso":"TZA","city_id":5222,"log_pop":4.2957972212,"log_mass":6.3412267732},{"country_iso":"TZA","city_id":5222,"log_pop":3.0073771277,"log_mass":5.2955662075},{"country_iso":"TZA","city_id":5222,"log_pop":3.6915602261,"log_mass":5.9072405842},{"country_iso":"TZA","city_id":5222,"log_pop":3.9179077884,"log_mass":5.9393979223},{"country_iso":"TZA","city_id":5222,"log_pop":4.4723995603,"log_mass":6.4778653848},{"country_iso":"TZA","city_id":5222,"log_pop":4.1370530101,"log_mass":6.2061308375},{"country_iso":"TZA","city_id":5222,"log_pop":3.5307161766,"log_mass":5.7809691074},{"country_iso":"TZA","city_id":5222,"log_pop":4.1067658711,"log_mass":6.149977712},{"country_iso":"TZA","city_id":5222,"log_pop":3.1398598764,"log_mass":5.3050395423},{"country_iso":"TZA","city_id":5222,"log_pop":1.1222018742,"log_mass":3.6718235681},{"country_iso":"TZA","city_id":5222,"log_pop":3.899353392,"log_mass":6.1379465154},{"country_iso":"TZA","city_id":5222,"log_pop":3.4003456668,"log_mass":5.5991212748},{"country_iso":"TZA","city_id":5222,"log_pop":3.7041719914,"log_mass":5.9215587975},{"country_iso":"TZA","city_id":5222,"log_pop":1.4917943184,"log_mass":4.625836103},{"country_iso":"TZA","city_id":5222,"log_pop":4.2263430488,"log_mass":6.2513594056},{"country_iso":"TZA","city_id":5222,"log_pop":2.0938050295,"log_mass":4.8585694493},{"country_iso":"TZA","city_id":5222,"log_pop":1.6630370488,"log_mass":4.500462488},{"country_iso":"TZA","city_id":5222,"log_pop":2.8925209891,"log_mass":5.0627330311},{"country_iso":"TZA","city_id":5222,"log_pop":2.7299709283,"log_mass":4.8769412981},{"country_iso":"TZA","city_id":5222,"log_pop":4.0512478822,"log_mass":6.2726892788},{"country_iso":"TZA","city_id":5222,"log_pop":2.7610289636,"log_mass":5.188052634},{"country_iso":"TZA","city_id":5222,"log_pop":4.1424469518,"log_mass":6.1876047262},{"country_iso":"TZA","city_id":5222,"log_pop":3.4291831508,"log_mass":5.5634468113},{"country_iso":"TZA","city_id":5222,"log_pop":2.6289651791,"log_mass":5.1204231891},{"country_iso":"TZA","city_id":5222,"log_pop":3.5024150574,"log_mass":5.8726877302},{"country_iso":"TZA","city_id":5222,"log_pop":4.0265093494,"log_mass":5.7068474776},{"country_iso":"TZA","city_id":5222,"log_pop":3.6275279862,"log_mass":5.9116553129},{"country_iso":"TZA","city_id":5222,"log_pop":3.6076193616,"log_mass":5.7863496328},{"country_iso":"TZA","city_id":5222,"log_pop":4.51423214,"log_mass":6.4727005032},{"country_iso":"TZA","city_id":5222,"log_pop":4.2964432636,"log_mass":6.2340922085},{"country_iso":"TZA","city_id":5222,"log_pop":2.7471541561,"log_mass":4.8814259913},{"country_iso":"TZA","city_id":5222,"log_pop":1.7383724536,"log_mass":4.4030514498},{"country_iso":"TZA","city_id":5222,"log_pop":3.8117575803,"log_mass":5.8526804241},{"country_iso":"TZA","city_id":5222,"log_pop":4.8853568957,"log_mass":6.5351221527},{"country_iso":"TZA","city_id":5222,"log_pop":4.8758358237,"log_mass":6.4762009395},{"country_iso":"TZA","city_id":5222,"log_pop":4.5809034996,"log_mass":6.3765147354},{"country_iso":"TZA","city_id":5222,"log_pop":4.9394078702,"log_mass":6.4715643938},{"country_iso":"TZA","city_id":5222,"log_pop":4.5715276142,"log_mass":6.1640130151},{"country_iso":"TZA","city_id":5222,"log_pop":4.9066860146,"log_mass":6.5455251016},{"country_iso":"TZA","city_id":5222,"log_pop":4.4546456464,"log_mass":6.2086521841},{"country_iso":"TZA","city_id":5222,"log_pop":4.0773377243,"log_mass":5.9171121482},{"country_iso":"TZA","city_id":5222,"log_pop":4.1681199442,"log_mass":6.0467833453},{"country_iso":"TZA","city_id":5222,"log_pop":4.9217583569,"log_mass":6.5281052514},{"country_iso":"TZA","city_id":5222,"log_pop":4.38550472,"log_mass":6.3469314656},{"country_iso":"TZA","city_id":5222,"log_pop":4.1983110347,"log_mass":6.0190756928},{"country_iso":"TZA","city_id":5222,"log_pop":4.1463536451,"log_mass":6.2569439124},{"country_iso":"TZA","city_id":5222,"log_pop":4.9618566161,"log_mass":6.5687631436},{"country_iso":"TZA","city_id":5222,"log_pop":2.9891556111,"log_mass":5.2391970552},{"country_iso":"TZA","city_id":5222,"log_pop":-0.8989183192,"log_mass":3.070137806},{"country_iso":"TZA","city_id":5222,"log_pop":2.7578016751,"log_mass":5.4702828945},{"country_iso":"TZA","city_id":5222,"log_pop":3.1136710021,"log_mass":5.5137919806},{"country_iso":"TZA","city_id":5222,"log_pop":0.9504511902,"log_mass":3.6507843684},{"country_iso":"TZA","city_id":5222,"log_pop":3.5036674231,"log_mass":5.8721755506},{"country_iso":"TZA","city_id":5222,"log_pop":3.9108404172,"log_mass":5.9161075123},{"country_iso":"TZA","city_id":5222,"log_pop":2.5350424861,"log_mass":5.0736294213},{"country_iso":"TZA","city_id":5222,"log_pop":4.5438337252,"log_mass":6.64122281},{"country_iso":"TZA","city_id":5222,"log_pop":2.6072598197,"log_mass":4.8961749063},{"country_iso":"TZA","city_id":5222,"log_pop":4.3740010835,"log_mass":6.3042080034},{"country_iso":"TZA","city_id":5222,"log_pop":4.172804723,"log_mass":6.4269203319},{"country_iso":"TZA","city_id":5222,"log_pop":5.1426546193,"log_mass":6.6833575408},{"country_iso":"TZA","city_id":5222,"log_pop":4.927105716,"log_mass":6.6004912724},{"country_iso":"TZA","city_id":5222,"log_pop":4.2427967786,"log_mass":6.450827273},{"country_iso":"TZA","city_id":5222,"log_pop":4.4768503169,"log_mass":6.6233928631},{"country_iso":"TZA","city_id":5222,"log_pop":5.0300589806,"log_mass":6.5978746734},{"country_iso":"TZA","city_id":5222,"log_pop":5.3165184304,"log_mass":6.7336936212},{"country_iso":"TZA","city_id":5222,"log_pop":4.7691788138,"log_mass":6.4689284216},{"country_iso":"TZA","city_id":5222,"log_pop":3.2047263677,"log_mass":5.3603714708},{"country_iso":"TZA","city_id":5222,"log_pop":3.8896269375,"log_mass":6.1169793155},{"country_iso":"TZA","city_id":5222,"log_pop":3.947549414,"log_mass":6.0578146673},{"country_iso":"TZA","city_id":5222,"log_pop":3.3751922872,"log_mass":5.452617844},{"country_iso":"TZA","city_id":5222,"log_pop":4.0233454612,"log_mass":5.9983823898},{"country_iso":"TZA","city_id":5222,"log_pop":3.4891789293,"log_mass":5.6559982701},{"country_iso":"TZA","city_id":5222,"log_pop":3.7150862488,"log_mass":5.8546916345},{"country_iso":"TZA","city_id":5222,"log_pop":2.5745079987,"log_mass":4.7597129592},{"country_iso":"TZA","city_id":5222,"log_pop":2.000204732,"log_mass":4.5130774758},{"country_iso":"TZA","city_id":5222,"log_pop":4.6500083238,"log_mass":6.6777347335},{"country_iso":"TZA","city_id":5222,"log_pop":5.07757494,"log_mass":6.6792964619},{"country_iso":"TZA","city_id":5222,"log_pop":4.9796147973,"log_mass":6.7666915981},{"country_iso":"TZA","city_id":5222,"log_pop":5.0686544299,"log_mass":6.6248585854},{"country_iso":"TZA","city_id":5222,"log_pop":5.0626862169,"log_mass":6.6206981082},{"country_iso":"TZA","city_id":5222,"log_pop":5.1712403168,"log_mass":6.6395669143},{"country_iso":"TZA","city_id":5222,"log_pop":4.7322987202,"log_mass":6.6053308617},{"country_iso":"TZA","city_id":5222,"log_pop":2.8251144707,"log_mass":5.0976298977},{"country_iso":"TZA","city_id":5222,"log_pop":1.1424727899,"log_mass":3.9560295941},{"country_iso":"TZA","city_id":5222,"log_pop":3.5533014146,"log_mass":5.7718133272},{"country_iso":"TZA","city_id":5222,"log_pop":2.3558417371,"log_mass":4.7603761086},{"country_iso":"TZA","city_id":5222,"log_pop":3.6578895835,"log_mass":5.7865022703},{"country_iso":"TZA","city_id":5222,"log_pop":2.6766913962,"log_mass":4.7119591298},{"country_iso":"TZA","city_id":5222,"log_pop":2.4446512739,"log_mass":4.5417686052},{"country_iso":"TZA","city_id":5222,"log_pop":2.4061038355,"log_mass":4.5188961087},{"country_iso":"TZA","city_id":5222,"log_pop":1.7774653008,"log_mass":4.2366594449},{"country_iso":"TZA","city_id":5222,"log_pop":3.0886931961,"log_mass":5.1091977381},{"country_iso":"TZA","city_id":5222,"log_pop":2.7958255054,"log_mass":4.8795464602},{"country_iso":"TZA","city_id":5222,"log_pop":2.1274725693,"log_mass":4.4126375731},{"country_iso":"TZA","city_id":5222,"log_pop":2.9329725347,"log_mass":5.0294154941},{"country_iso":"TZA","city_id":5222,"log_pop":3.0804089748,"log_mass":5.278813287},{"country_iso":"TZA","city_id":5222,"log_pop":3.4087678706,"log_mass":5.6482571305},{"country_iso":"TZA","city_id":5222,"log_pop":3.3881962809,"log_mass":5.6813231198},{"country_iso":"TZA","city_id":5222,"log_pop":2.3326246804,"log_mass":4.5925962288},{"country_iso":"TZA","city_id":5222,"log_pop":3.8312568207,"log_mass":5.9946093661},{"country_iso":"TZA","city_id":5222,"log_pop":3.7111256174,"log_mass":5.7955637744},{"country_iso":"TZA","city_id":5222,"log_pop":4.0837669236,"log_mass":6.076839257},{"country_iso":"TZA","city_id":5222,"log_pop":3.7208270356,"log_mass":5.7821219199},{"country_iso":"TZA","city_id":5222,"log_pop":3.4240476309,"log_mass":5.5813638194},{"country_iso":"TZA","city_id":5222,"log_pop":3.1461405636,"log_mass":5.3716193834},{"country_iso":"TZA","city_id":5222,"log_pop":4.1781657103,"log_mass":6.1244313197},{"country_iso":"TZA","city_id":5222,"log_pop":2.7368375613,"log_mass":4.9408237621},{"country_iso":"TZA","city_id":5222,"log_pop":2.9818602756,"log_mass":5.223299324},{"country_iso":"TZA","city_id":5222,"log_pop":2.2888379,"log_mass":4.846007013},{"country_iso":"TZA","city_id":5222,"log_pop":1.3977617938,"log_mass":3.8806517664},{"country_iso":"TZA","city_id":5222,"log_pop":3.2880715185,"log_mass":5.2888077143},{"country_iso":"TZA","city_id":5222,"log_pop":3.087729304,"log_mass":5.0047895188},{"country_iso":"TZA","city_id":5222,"log_pop":3.9671742438,"log_mass":5.9841373939},{"country_iso":"TZA","city_id":5222,"log_pop":3.3579160493,"log_mass":5.4766904435},{"country_iso":"TZA","city_id":5222,"log_pop":3.1647314385,"log_mass":5.4797990697},{"country_iso":"TZA","city_id":5222,"log_pop":3.8074097107,"log_mass":5.911105456},{"country_iso":"TZA","city_id":5222,"log_pop":2.6109363176,"log_mass":5.1469590054},{"country_iso":"TZA","city_id":5222,"log_pop":4.194430184,"log_mass":6.1426482264},{"country_iso":"TZA","city_id":5222,"log_pop":4.1475578756,"log_mass":6.070400487},{"country_iso":"TZA","city_id":5222,"log_pop":3.8734019104,"log_mass":5.8051971492},{"country_iso":"TZA","city_id":5222,"log_pop":1.529106753,"log_mass":3.9829687709},{"country_iso":"TZA","city_id":5222,"log_pop":2.7768202523,"log_mass":5.3268060925},{"country_iso":"TZA","city_id":5222,"log_pop":2.8167041016,"log_mass":5.3591330536},{"country_iso":"TZA","city_id":5222,"log_pop":2.3005783039,"log_mass":4.9913045733},{"country_iso":"TZA","city_id":5222,"log_pop":3.9363561305,"log_mass":5.9853914547},{"country_iso":"TZA","city_id":5222,"log_pop":2.8240214884,"log_mass":5.3546096994},{"country_iso":"TZA","city_id":5222,"log_pop":3.5666438868,"log_mass":5.817318247},{"country_iso":"TZA","city_id":5222,"log_pop":3.2573375527,"log_mass":5.3468026301},{"country_iso":"TZA","city_id":5222,"log_pop":4.6765022619,"log_mass":6.4528109455},{"country_iso":"TZA","city_id":5222,"log_pop":4.011462914,"log_mass":5.9932953188},{"country_iso":"TZA","city_id":5222,"log_pop":4.1065716282,"log_mass":6.0089957396},{"country_iso":"TZA","city_id":5222,"log_pop":3.1887283314,"log_mass":5.2824233949},{"country_iso":"TZA","city_id":5222,"log_pop":1.7577962029,"log_mass":4.5324804369},{"country_iso":"TZA","city_id":5222,"log_pop":4.7422652755,"log_mass":6.4338238978},{"country_iso":"TZA","city_id":5222,"log_pop":3.9412519136,"log_mass":5.8883750385},{"country_iso":"TZA","city_id":5222,"log_pop":4.8381232123,"log_mass":6.6569477755},{"country_iso":"TZA","city_id":5222,"log_pop":4.3448345264,"log_mass":6.2634256141},{"country_iso":"TZA","city_id":5222,"log_pop":4.8807220823,"log_mass":6.5771401942},{"country_iso":"TZA","city_id":5222,"log_pop":4.4573803352,"log_mass":6.4039953507},{"country_iso":"TZA","city_id":5222,"log_pop":5.0592014155,"log_mass":6.664248194},{"country_iso":"TZA","city_id":4470,"log_pop":0.8661730481,"log_mass":3.5442639972},{"country_iso":"TZA","city_id":4470,"log_pop":3.1873671339,"log_mass":5.352524801},{"country_iso":"TZA","city_id":4470,"log_pop":4.7958067036,"log_mass":6.502923053},{"country_iso":"TZA","city_id":4470,"log_pop":3.6901268108,"log_mass":5.5939465805},{"country_iso":"TZA","city_id":4470,"log_pop":4.1978656788,"log_mass":6.1890820556},{"country_iso":"TZA","city_id":4470,"log_pop":3.8378513214,"log_mass":5.7709518191},{"country_iso":"TZA","city_id":4470,"log_pop":4.5504610951,"log_mass":6.2856548397},{"country_iso":"TZA","city_id":4470,"log_pop":4.0539572548,"log_mass":6.1858599966},{"country_iso":"TZA","city_id":4470,"log_pop":3.951346731,"log_mass":5.8580297823},{"country_iso":"TZA","city_id":4470,"log_pop":2.3701620927,"log_mass":4.5847027897},{"country_iso":"TZA","city_id":4470,"log_pop":2.6687669935,"log_mass":5.1313140597},{"country_iso":"TZA","city_id":4470,"log_pop":3.4770901638,"log_mass":5.5191511044},{"country_iso":"TZA","city_id":4470,"log_pop":3.6364338662,"log_mass":5.4897178223},{"country_iso":"TZA","city_id":4470,"log_pop":4.141110553,"log_mass":5.8590581398},{"country_iso":"TZA","city_id":4470,"log_pop":4.1471054967,"log_mass":5.9512417492},{"country_iso":"TZA","city_id":4470,"log_pop":4.4934958721,"log_mass":6.1168910539},{"country_iso":"TZA","city_id":4470,"log_pop":3.5159379649,"log_mass":5.618049355},{"country_iso":"TZA","city_id":4470,"log_pop":2.2035314932,"log_mass":4.6300756665},{"country_iso":"TZA","city_id":4470,"log_pop":2.5188045831,"log_mass":5.3253576961},{"country_iso":"TZA","city_id":4470,"log_pop":2.9363368096,"log_mass":4.868174333},{"country_iso":"TZA","city_id":4470,"log_pop":3.4846431541,"log_mass":5.5975820402},{"country_iso":"TZA","city_id":4470,"log_pop":3.8967227582,"log_mass":5.9088458685},{"country_iso":"TZA","city_id":4470,"log_pop":0.9703540973,"log_mass":4.1595590629},{"country_iso":"TZA","city_id":4470,"log_pop":4.2046104484,"log_mass":6.0884762794},{"country_iso":"TZA","city_id":4470,"log_pop":4.4378993322,"log_mass":6.2916607868},{"country_iso":"TZA","city_id":4470,"log_pop":1.4806176115,"log_mass":4.361153538},{"country_iso":"TZA","city_id":4470,"log_pop":2.2764911137,"log_mass":4.8216224559},{"country_iso":"TZA","city_id":4470,"log_pop":1.1971543938,"log_mass":4.130227345},{"country_iso":"TZA","city_id":4470,"log_pop":3.3824282761,"log_mass":5.7746607211},{"country_iso":"TZA","city_id":4470,"log_pop":3.5691457669,"log_mass":5.7207488696},{"country_iso":"TZA","city_id":4470,"log_pop":2.9153121268,"log_mass":5.3193191167},{"country_iso":"TZA","city_id":4470,"log_pop":2.246162698,"log_mass":4.7495908744},{"country_iso":"TZA","city_id":4470,"log_pop":2.653809142,"log_mass":5.1195837991},{"country_iso":"TZA","city_id":5262,"log_pop":4.0092510319,"log_mass":6.0958440522},{"country_iso":"TZA","city_id":5262,"log_pop":3.289546639,"log_mass":5.3293197904},{"country_iso":"TZA","city_id":5262,"log_pop":0.9815883596,"log_mass":3.8414345093},{"country_iso":"TZA","city_id":5262,"log_pop":3.4591955094,"log_mass":5.573515494},{"country_iso":"TZA","city_id":5262,"log_pop":4.1636027593,"log_mass":6.0588562469},{"country_iso":"TZA","city_id":5262,"log_pop":2.2114048419,"log_mass":4.8875292737},{"country_iso":"TZA","city_id":5262,"log_pop":0.8954407088,"log_mass":4.5392883353},{"country_iso":"TZA","city_id":5262,"log_pop":3.593355089,"log_mass":5.6175142361},{"country_iso":"TZA","city_id":5262,"log_pop":4.9138591965,"log_mass":6.5192695384},{"country_iso":"TZA","city_id":5262,"log_pop":3.2224103551,"log_mass":5.1423083635},{"country_iso":"TZA","city_id":5262,"log_pop":3.885111033,"log_mass":5.9329317492},{"country_iso":"TZA","city_id":5262,"log_pop":4.0769212745,"log_mass":6.0030196664},{"country_iso":"TZA","city_id":5262,"log_pop":4.7901181101,"log_mass":6.5406758417},{"country_iso":"TZA","city_id":5262,"log_pop":2.8839771229,"log_mass":4.8732871233},{"country_iso":"TZA","city_id":5262,"log_pop":4.3105353731,"log_mass":6.1028171796},{"country_iso":"TZA","city_id":5262,"log_pop":3.4042673845,"log_mass":5.4115206857},{"country_iso":"TZA","city_id":5262,"log_pop":1.3082607046,"log_mass":3.683698811},{"country_iso":"TZA","city_id":5262,"log_pop":3.3186485626,"log_mass":5.6781137196},{"country_iso":"TZA","city_id":5262,"log_pop":3.4167162264,"log_mass":5.5537149405},{"country_iso":"TZA","city_id":5262,"log_pop":4.3314266906,"log_mass":6.2689318038},{"country_iso":"TZA","city_id":5262,"log_pop":1.472955721,"log_mass":4.9558872257},{"country_iso":"TZA","city_id":5262,"log_pop":1.4412644884,"log_mass":4.0112811279},{"country_iso":"TZA","city_id":5262,"log_pop":1.2323895459,"log_mass":3.533586407},{"country_iso":"TZA","city_id":5262,"log_pop":4.9264631609,"log_mass":6.52394743},{"country_iso":"TZA","city_id":5262,"log_pop":3.730081993,"log_mass":5.5345562201},{"country_iso":"TZA","city_id":5262,"log_pop":3.5863293762,"log_mass":5.8405114443},{"country_iso":"TZA","city_id":5262,"log_pop":4.5795414074,"log_mass":6.3803075581},{"country_iso":"TZA","city_id":5262,"log_pop":2.8486863845,"log_mass":5.0904544178},{"country_iso":"TZA","city_id":4498,"log_pop":3.0758439747,"log_mass":5.3435026485},{"country_iso":"TZA","city_id":4498,"log_pop":1.7162882632,"log_mass":4.2400478554},{"country_iso":"TZA","city_id":4498,"log_pop":1.8669461206,"log_mass":4.0959235171},{"country_iso":"TZA","city_id":4498,"log_pop":3.5329984713,"log_mass":5.7520994816},{"country_iso":"TZA","city_id":4498,"log_pop":2.6012686135,"log_mass":5.187033313},{"country_iso":"TZA","city_id":4498,"log_pop":4.103675354,"log_mass":6.0987617133},{"country_iso":"TZA","city_id":4498,"log_pop":3.1901066615,"log_mass":5.6178626305},{"country_iso":"TZA","city_id":4498,"log_pop":3.907733577,"log_mass":6.0263126144},{"country_iso":"TZA","city_id":4498,"log_pop":3.2819613174,"log_mass":5.4956854645},{"country_iso":"TZA","city_id":4498,"log_pop":0.7152740456,"log_mass":3.7412845833},{"country_iso":"TZA","city_id":4498,"log_pop":2.9360299418,"log_mass":5.3221609413},{"country_iso":"TZA","city_id":4498,"log_pop":3.774473996,"log_mass":5.8841066088},{"country_iso":"TZA","city_id":4498,"log_pop":4.2703257781,"log_mass":6.3013342516},{"country_iso":"TZA","city_id":4498,"log_pop":3.5059178577,"log_mass":5.662496676},{"country_iso":"TZA","city_id":4498,"log_pop":4.3406641504,"log_mass":6.3983638826},{"country_iso":"TZA","city_id":4498,"log_pop":3.3196552924,"log_mass":5.6091397366},{"country_iso":"TZA","city_id":4498,"log_pop":3.821953011,"log_mass":5.9421576144},{"country_iso":"TZA","city_id":4498,"log_pop":-0.6685483959,"log_mass":2.4366560295},{"country_iso":"TZA","city_id":4498,"log_pop":3.3342481678,"log_mass":5.4990991696},{"country_iso":"TZA","city_id":4498,"log_pop":2.2682170425,"log_mass":4.5602911247},{"country_iso":"TZA","city_id":4498,"log_pop":4.2299333551,"log_mass":6.2223637378},{"country_iso":"TZA","city_id":4498,"log_pop":4.1151954017,"log_mass":6.1995653513},{"country_iso":"TZA","city_id":4498,"log_pop":4.2131347957,"log_mass":6.2497223482},{"country_iso":"TZA","city_id":4498,"log_pop":4.7749119894,"log_mass":6.6096383071},{"country_iso":"TZA","city_id":4498,"log_pop":2.0191398529,"log_mass":4.4789325115},{"country_iso":"TZA","city_id":4498,"log_pop":3.7550402213,"log_mass":5.9163174658},{"country_iso":"TZA","city_id":4120,"log_pop":1.9365424633,"log_mass":4.2590710302},{"country_iso":"TZA","city_id":4120,"log_pop":3.8839540026,"log_mass":6.0516460164},{"country_iso":"TZA","city_id":4120,"log_pop":2.6707934954,"log_mass":5.0293012254},{"country_iso":"TZA","city_id":4120,"log_pop":2.7733489809,"log_mass":4.7723585824},{"country_iso":"TZA","city_id":4120,"log_pop":2.4716674435,"log_mass":4.6091887751},{"country_iso":"TZA","city_id":4120,"log_pop":3.8047938619,"log_mass":6.0965895047},{"country_iso":"TZA","city_id":4120,"log_pop":2.8416562315,"log_mass":4.986693993},{"country_iso":"TZA","city_id":4120,"log_pop":4.3819415115,"log_mass":6.3360122387},{"country_iso":"TZA","city_id":4120,"log_pop":3.217793293,"log_mass":5.661363988},{"country_iso":"TZA","city_id":4120,"log_pop":3.1392901852,"log_mass":5.3436850137},{"country_iso":"TZA","city_id":4120,"log_pop":2.8157313407,"log_mass":4.9615638162},{"country_iso":"TZA","city_id":4120,"log_pop":4.3566847231,"log_mass":6.2654573848},{"country_iso":"TZA","city_id":4120,"log_pop":3.5048337881,"log_mass":5.336172929},{"country_iso":"TZA","city_id":4120,"log_pop":2.2880242056,"log_mass":4.5058349883},{"country_iso":"TZA","city_id":4120,"log_pop":3.2328654904,"log_mass":5.0615141019},{"country_iso":"TZA","city_id":4120,"log_pop":3.0292111862,"log_mass":5.4038224938},{"country_iso":"TZA","city_id":4120,"log_pop":3.9094254594,"log_mass":5.8569467798},{"country_iso":"TZA","city_id":4120,"log_pop":3.9430131122,"log_mass":5.7867044541},{"country_iso":"TZA","city_id":4679,"log_pop":2.8243732281,"log_mass":5.2637826473},{"country_iso":"TZA","city_id":4679,"log_pop":3.4984241054,"log_mass":5.7952241732},{"country_iso":"TZA","city_id":4679,"log_pop":3.9673814663,"log_mass":6.1891996928},{"country_iso":"TZA","city_id":4679,"log_pop":3.940183326,"log_mass":6.2444775928},{"country_iso":"TZA","city_id":4679,"log_pop":4.4746900602,"log_mass":6.495545993},{"country_iso":"TZA","city_id":4679,"log_pop":2.4640238412,"log_mass":4.7972376236},{"country_iso":"TZA","city_id":4679,"log_pop":2.3138052368,"log_mass":4.8993226901},{"country_iso":"TZA","city_id":4679,"log_pop":3.5574022724,"log_mass":5.9038335394},{"country_iso":"TZA","city_id":4679,"log_pop":3.279493432,"log_mass":5.8219542907},{"country_iso":"TZA","city_id":4679,"log_pop":3.6293069647,"log_mass":6.0361866378},{"country_iso":"TZA","city_id":4679,"log_pop":3.7111580166,"log_mass":6.0070043266},{"country_iso":"TZA","city_id":4679,"log_pop":3.7101277905,"log_mass":6.0488029792},{"country_iso":"TZA","city_id":4679,"log_pop":3.3629711145,"log_mass":5.7327328449},{"country_iso":"TZA","city_id":4679,"log_pop":3.9769528181,"log_mass":6.1370506733},{"country_iso":"TZA","city_id":4679,"log_pop":4.5443933579,"log_mass":6.5203973306},{"country_iso":"TZA","city_id":4679,"log_pop":1.8545385643,"log_mass":4.5054521557},{"country_iso":"TZA","city_id":4647,"log_pop":1.7179427484,"log_mass":4.6100500519},{"country_iso":"TZA","city_id":4647,"log_pop":2.7902537543,"log_mass":5.0642726714},{"country_iso":"TZA","city_id":4647,"log_pop":1.369785357,"log_mass":4.963083454},{"country_iso":"TZA","city_id":4647,"log_pop":0.9716294169,"log_mass":3.091268094},{"country_iso":"TZA","city_id":4647,"log_pop":4.1283459152,"log_mass":5.9533765462},{"country_iso":"TZA","city_id":4647,"log_pop":2.4175320673,"log_mass":4.5384791936},{"country_iso":"TZA","city_id":4647,"log_pop":1.1774612342,"log_mass":4.0417356919},{"country_iso":"TZA","city_id":4647,"log_pop":3.3517903583,"log_mass":5.4677855928},{"country_iso":"TZA","city_id":4647,"log_pop":3.7669574152,"log_mass":5.5814463141},{"country_iso":"TZA","city_id":4647,"log_pop":3.7800845572,"log_mass":5.6800706146},{"country_iso":"TZA","city_id":4647,"log_pop":1.5457918506,"log_mass":3.9945265047},{"country_iso":"TZA","city_id":4647,"log_pop":1.9194222626,"log_mass":4.8141974354},{"country_iso":"TZA","city_id":4647,"log_pop":4.3981060398,"log_mass":6.3662110221},{"country_iso":"TZA","city_id":5249,"log_pop":1.4725468445,"log_mass":4.0991304042},{"country_iso":"TZA","city_id":5249,"log_pop":4.6768922635,"log_mass":6.4736448624},{"country_iso":"TZA","city_id":5249,"log_pop":4.071059502,"log_mass":6.1316442632},{"country_iso":"TZA","city_id":5249,"log_pop":3.0403281195,"log_mass":5.2946344759},{"country_iso":"TZA","city_id":5249,"log_pop":3.5780320698,"log_mass":5.6085415778},{"country_iso":"TZA","city_id":5249,"log_pop":4.3512935979,"log_mass":6.3055894941},{"country_iso":"TZA","city_id":5249,"log_pop":4.4654364428,"log_mass":6.3525181244},{"country_iso":"TZA","city_id":5249,"log_pop":3.9397400995,"log_mass":5.9347773258},{"country_iso":"TZA","city_id":5249,"log_pop":3.1723689385,"log_mass":5.3806085174},{"country_iso":"TZA","city_id":5249,"log_pop":1.6394870954,"log_mass":3.4635205935},{"country_iso":"TZA","city_id":5249,"log_pop":1.2847319281,"log_mass":4.0435579575},{"country_iso":"TZA","city_id":5249,"log_pop":2.795293534,"log_mass":4.965996717},{"country_iso":"TZA","city_id":4455,"log_pop":4.2574099662,"log_mass":6.182232312},{"country_iso":"TZA","city_id":4455,"log_pop":3.8585336481,"log_mass":5.8671482442},{"country_iso":"TZA","city_id":4455,"log_pop":1.9506479206,"log_mass":4.6543068566},{"country_iso":"TZA","city_id":4455,"log_pop":3.2292235544,"log_mass":5.4300390126},{"country_iso":"TZA","city_id":4455,"log_pop":3.8901643055,"log_mass":6.0959404985},{"country_iso":"TZA","city_id":4455,"log_pop":4.4325024289,"log_mass":6.406449727},{"country_iso":"TZA","city_id":4455,"log_pop":2.7237047366,"log_mass":5.1399683098},{"country_iso":"TZA","city_id":4455,"log_pop":1.1925857862,"log_mass":4.4380730632},{"country_iso":"TZA","city_id":4455,"log_pop":0.9908761665,"log_mass":3.571432857},{"country_iso":"TZA","city_id":4455,"log_pop":3.9619713941,"log_mass":6.0909378367},{"country_iso":"TZA","city_id":4455,"log_pop":3.0661418321,"log_mass":5.2580910439},{"country_iso":"TZA","city_id":5199,"log_pop":1.0927667991,"log_mass":3.7373292254},{"country_iso":"TZA","city_id":5199,"log_pop":3.2755533687,"log_mass":5.5944508738},{"country_iso":"TZA","city_id":5199,"log_pop":3.1360322547,"log_mass":5.2861761542},{"country_iso":"TZA","city_id":5199,"log_pop":2.0710264569,"log_mass":4.653375097},{"country_iso":"TZA","city_id":5199,"log_pop":3.3199662047,"log_mass":5.5905504368},{"country_iso":"TZA","city_id":5199,"log_pop":1.800639336,"log_mass":4.6856448828},{"country_iso":"TZA","city_id":5199,"log_pop":2.9156322747,"log_mass":5.4482813489},{"country_iso":"TZA","city_id":5199,"log_pop":1.0753877152,"log_mass":4.3894899816},{"country_iso":"TZA","city_id":5199,"log_pop":2.5585293573,"log_mass":5.1913014834},{"country_iso":"TZA","city_id":5199,"log_pop":1.6909013826,"log_mass":4.6312572056},{"country_iso":"TZA","city_id":4316,"log_pop":1.4919178499,"log_mass":3.7197225263},{"country_iso":"TZA","city_id":4316,"log_pop":2.8858835565,"log_mass":4.9972420987},{"country_iso":"TZA","city_id":4316,"log_pop":1.6825939031,"log_mass":4.385476308},{"country_iso":"TZA","city_id":4316,"log_pop":4.266059238,"log_mass":6.3164099145},{"country_iso":"TZA","city_id":4316,"log_pop":1.4516729339,"log_mass":3.9677567066},{"country_iso":"TZA","city_id":4316,"log_pop":3.7475604961,"log_mass":5.8155039084},{"country_iso":"TZA","city_id":4316,"log_pop":2.6692809927,"log_mass":4.9758901854},{"country_iso":"TZA","city_id":4316,"log_pop":3.9416310255,"log_mass":6.0248856955},{"country_iso":"TZA","city_id":4316,"log_pop":3.3366599659,"log_mass":5.5503775408},{"country_iso":"TZA","city_id":4316,"log_pop":2.6280615823,"log_mass":4.895059146},{"country_iso":"TZA","city_id":5360,"log_pop":3.3608706143,"log_mass":5.4239352021},{"country_iso":"TZA","city_id":5360,"log_pop":2.0887002252,"log_mass":4.435485546},{"country_iso":"TZA","city_id":5360,"log_pop":3.6894100001,"log_mass":5.4928101154},{"country_iso":"TZA","city_id":5360,"log_pop":3.8779406389,"log_mass":5.9967580033},{"country_iso":"TZA","city_id":5360,"log_pop":2.527046527,"log_mass":4.8678119716},{"country_iso":"TZA","city_id":5360,"log_pop":1.2877443818,"log_mass":3.7522052535},{"country_iso":"TZA","city_id":5360,"log_pop":1.6978012303,"log_mass":4.059703419},{"country_iso":"TZA","city_id":5360,"log_pop":3.8961974653,"log_mass":5.9317610765},{"country_iso":"TZA","city_id":5360,"log_pop":2.6908798772,"log_mass":5.2915624594},{"country_iso":"TZA","city_id":4537,"log_pop":4.1580754015,"log_mass":5.9746124786},{"country_iso":"TZA","city_id":4537,"log_pop":3.7469508213,"log_mass":5.6512695138},{"country_iso":"TZA","city_id":4537,"log_pop":3.9333360427,"log_mass":6.0235908226},{"country_iso":"TZA","city_id":4537,"log_pop":1.8516472438,"log_mass":3.952208928},{"country_iso":"TZA","city_id":4537,"log_pop":2.9336652391,"log_mass":4.9039359432},{"country_iso":"TZA","city_id":4537,"log_pop":1.4333439787,"log_mass":3.6823668432},{"country_iso":"TZA","city_id":4537,"log_pop":4.3566247598,"log_mass":6.2049065857},{"country_iso":"TZA","city_id":4537,"log_pop":3.0383469401,"log_mass":5.126955341},{"country_iso":"TZA","city_id":4537,"log_pop":2.1603584084,"log_mass":4.7107830031},{"country_iso":"TZA","city_id":4956,"log_pop":1.4795023542,"log_mass":4.0240788489},{"country_iso":"TZA","city_id":4956,"log_pop":3.6960440066,"log_mass":5.8615310105},{"country_iso":"TZA","city_id":4956,"log_pop":4.0565563705,"log_mass":5.9254220842},{"country_iso":"TZA","city_id":4956,"log_pop":2.632138756,"log_mass":4.8856274158},{"country_iso":"TZA","city_id":4956,"log_pop":3.894645853,"log_mass":5.9846529555},{"country_iso":"TZA","city_id":4956,"log_pop":1.5383211456,"log_mass":4.1270083719},{"country_iso":"TZA","city_id":4956,"log_pop":1.3628685576,"log_mass":4.0272049319},{"country_iso":"TZA","city_id":5234,"log_pop":3.3296145388,"log_mass":5.7934159837},{"country_iso":"TZA","city_id":5234,"log_pop":3.0410882727,"log_mass":5.1199148809},{"country_iso":"TZA","city_id":5234,"log_pop":1.7142220244,"log_mass":4.0859059179},{"country_iso":"TZA","city_id":5234,"log_pop":1.7119039005,"log_mass":4.2841465496},{"country_iso":"TZA","city_id":5234,"log_pop":3.0298681416,"log_mass":5.4723399485},{"country_iso":"TZA","city_id":5234,"log_pop":2.841013596,"log_mass":5.0252718624},{"country_iso":"TZA","city_id":5234,"log_pop":1.7187339501,"log_mass":4.2126325903},{"country_iso":"TZA","city_id":4665,"log_pop":4.1913562024,"log_mass":6.1099863311},{"country_iso":"TZA","city_id":4665,"log_pop":3.1302367623,"log_mass":5.2584184651},{"country_iso":"TZA","city_id":4665,"log_pop":3.6475357904,"log_mass":5.8672397276},{"country_iso":"TZA","city_id":4665,"log_pop":4.0496897064,"log_mass":6.0698401997},{"country_iso":"TZA","city_id":4665,"log_pop":2.1798619226,"log_mass":4.7380006996},{"country_iso":"TZA","city_id":4665,"log_pop":1.246790269,"log_mass":2.9463290967},{"country_iso":"TZA","city_id":4665,"log_pop":3.0187724829,"log_mass":5.4034010362},{"country_iso":"TZA","city_id":4593,"log_pop":1.4284323719,"log_mass":4.4485747469},{"country_iso":"TZA","city_id":4593,"log_pop":3.007425652,"log_mass":5.2371307302},{"country_iso":"TZA","city_id":4593,"log_pop":3.3553343537,"log_mass":5.6038382679},{"country_iso":"TZA","city_id":4593,"log_pop":3.3011643249,"log_mass":5.4093032635},{"country_iso":"TZA","city_id":4593,"log_pop":1.277641259,"log_mass":3.6452992344},{"country_iso":"TZA","city_id":4593,"log_pop":3.2449840568,"log_mass":5.4299356573},{"country_iso":"TZA","city_id":4593,"log_pop":3.9462426807,"log_mass":6.1861800655},{"country_iso":"TZA","city_id":4439,"log_pop":3.1616973306,"log_mass":5.1590753686},{"country_iso":"TZA","city_id":4439,"log_pop":3.6169939455,"log_mass":5.5115420088},{"country_iso":"TZA","city_id":4439,"log_pop":1.5875580977,"log_mass":3.9699512165},{"country_iso":"TZA","city_id":4439,"log_pop":2.3896057444,"log_mass":5.0458043323},{"country_iso":"TZA","city_id":4439,"log_pop":4.179528165,"log_mass":6.1773611048},{"country_iso":"TZA","city_id":4439,"log_pop":3.3351321749,"log_mass":5.6264681706},{"country_iso":"TZA","city_id":4439,"log_pop":2.1639938442,"log_mass":4.3776621593},{"country_iso":"TZA","city_id":4492,"log_pop":2.2314937669,"log_mass":5.0306818778},{"country_iso":"TZA","city_id":4492,"log_pop":3.7701289862,"log_mass":5.7720116952},{"country_iso":"TZA","city_id":4492,"log_pop":4.1326895844,"log_mass":6.2535751155},{"country_iso":"TZA","city_id":4492,"log_pop":3.0598541587,"log_mass":5.3109408892},{"country_iso":"TZA","city_id":4492,"log_pop":3.6536110433,"log_mass":5.7348733402},{"country_iso":"TZA","city_id":4492,"log_pop":2.2466621602,"log_mass":4.7988129596},{"country_iso":"TZA","city_id":4507,"log_pop":4.0455125285,"log_mass":6.2200165427},{"country_iso":"TZA","city_id":4507,"log_pop":3.7551000401,"log_mass":5.6250020335},{"country_iso":"TZA","city_id":4507,"log_pop":2.6548608164,"log_mass":4.7496738335},{"country_iso":"TZA","city_id":4507,"log_pop":2.0795250776,"log_mass":4.2288974005},{"country_iso":"TZA","city_id":4507,"log_pop":2.1243468416,"log_mass":4.3300315706},{"country_iso":"TZA","city_id":4507,"log_pop":3.244051318,"log_mass":5.3983572701},{"country_iso":"TZA","city_id":4364,"log_pop":1.116031537,"log_mass":3.739712747},{"country_iso":"TZA","city_id":4364,"log_pop":2.0122486282,"log_mass":4.3854090674},{"country_iso":"TZA","city_id":4364,"log_pop":2.4356979207,"log_mass":4.1510513388},{"country_iso":"TZA","city_id":4364,"log_pop":3.015314091,"log_mass":4.7077423287},{"country_iso":"TZA","city_id":4364,"log_pop":3.5307584499,"log_mass":5.140641306},{"country_iso":"TZA","city_id":4364,"log_pop":3.3866957455,"log_mass":4.8620036013},{"country_iso":"TZA","city_id":5241,"log_pop":3.8566932238,"log_mass":5.9211984429},{"country_iso":"TZA","city_id":5241,"log_pop":3.4288590987,"log_mass":5.4894527229},{"country_iso":"TZA","city_id":5241,"log_pop":1.2830590894,"log_mass":3.6662814783},{"country_iso":"TZA","city_id":5241,"log_pop":1.6441011405,"log_mass":4.0697072068},{"country_iso":"TZA","city_id":5241,"log_pop":1.6095191279,"log_mass":4.022389902},{"country_iso":"TZA","city_id":5241,"log_pop":2.8155337078,"log_mass":4.8638288738},{"country_iso":"TZA","city_id":4452,"log_pop":2.579829601,"log_mass":4.6291991991},{"country_iso":"TZA","city_id":4452,"log_pop":1.9546367566,"log_mass":4.1590321922},{"country_iso":"TZA","city_id":4452,"log_pop":3.8828328465,"log_mass":5.8783545387},{"country_iso":"TZA","city_id":4452,"log_pop":1.7468585001,"log_mass":3.8484004411},{"country_iso":"TZA","city_id":4452,"log_pop":3.1526489367,"log_mass":5.1586146009},{"country_iso":"TZA","city_id":4184,"log_pop":3.9438580506,"log_mass":5.8275664022},{"country_iso":"TZA","city_id":4184,"log_pop":3.2061713252,"log_mass":5.4188851911},{"country_iso":"TZA","city_id":4184,"log_pop":3.8976699815,"log_mass":5.7777453888},{"country_iso":"TZA","city_id":4184,"log_pop":2.7943017977,"log_mass":4.7714916061},{"country_iso":"TZA","city_id":4184,"log_pop":1.676752816,"log_mass":3.9156578852},{"country_iso":"TZA","city_id":4277,"log_pop":4.2522261686,"log_mass":6.0960031546},{"country_iso":"TZA","city_id":4277,"log_pop":3.2343422127,"log_mass":5.317531828},{"country_iso":"TZA","city_id":4277,"log_pop":2.9397954263,"log_mass":5.1032231504},{"country_iso":"TZA","city_id":4277,"log_pop":2.7775266839,"log_mass":4.8563141902},{"country_iso":"TZA","city_id":4277,"log_pop":3.1019494153,"log_mass":5.3462041349},{"country_iso":"TZA","city_id":4602,"log_pop":4.0556515235,"log_mass":5.878197277},{"country_iso":"TZA","city_id":4602,"log_pop":2.9169401691,"log_mass":5.0869542238},{"country_iso":"TZA","city_id":4602,"log_pop":2.2822836154,"log_mass":4.3696686637},{"country_iso":"TZA","city_id":4602,"log_pop":3.5191061657,"log_mass":5.6860057984},{"country_iso":"TZA","city_id":4602,"log_pop":2.1401202169,"log_mass":4.0520826894},{"country_iso":"TZA","city_id":4525,"log_pop":3.9107653082,"log_mass":5.7679878168},{"country_iso":"TZA","city_id":4525,"log_pop":2.8920286018,"log_mass":4.9704932748},{"country_iso":"TZA","city_id":4525,"log_pop":2.6998569434,"log_mass":4.5712015771},{"country_iso":"TZA","city_id":4525,"log_pop":1.194710596,"log_mass":3.3234664065},{"country_iso":"TZA","city_id":4771,"log_pop":1.7160451063,"log_mass":4.0943124391},{"country_iso":"TZA","city_id":4771,"log_pop":1.9895450966,"log_mass":4.5853976854},{"country_iso":"TZA","city_id":4771,"log_pop":2.9411032208,"log_mass":5.7344854124},{"country_iso":"TZA","city_id":4771,"log_pop":2.7599637079,"log_mass":5.2017953181},{"country_iso":"TZA","city_id":4396,"log_pop":2.4394701656,"log_mass":4.6720973352},{"country_iso":"TZA","city_id":4396,"log_pop":3.1265181399,"log_mass":5.2037549208},{"country_iso":"TZA","city_id":4396,"log_pop":3.4904429809,"log_mass":5.4428426083},{"country_iso":"TZA","city_id":4396,"log_pop":2.3283689599,"log_mass":4.1989423438},{"country_iso":"TZA","city_id":4683,"log_pop":1.0806902699,"log_mass":3.368385458},{"country_iso":"TZA","city_id":4683,"log_pop":1.5577669621,"log_mass":4.0178427593},{"country_iso":"TZA","city_id":4683,"log_pop":3.1311876332,"log_mass":5.2861193084},{"country_iso":"TZA","city_id":4683,"log_pop":2.8601308832,"log_mass":4.9906318533},{"country_iso":"TZA","city_id":4445,"log_pop":2.3535098117,"log_mass":4.216444088},{"country_iso":"TZA","city_id":4445,"log_pop":2.7686491358,"log_mass":4.787863814},{"country_iso":"TZA","city_id":4445,"log_pop":3.8596039992,"log_mass":5.7261059016},{"country_iso":"TZA","city_id":4445,"log_pop":3.073685318,"log_mass":4.8967576577},{"country_iso":"TZA","city_id":4543,"log_pop":3.9183025313,"log_mass":5.91919638},{"country_iso":"TZA","city_id":4543,"log_pop":2.5566687436,"log_mass":4.3631420117},{"country_iso":"TZA","city_id":4543,"log_pop":2.2566700092,"log_mass":4.5359494062},{"country_iso":"TZA","city_id":4543,"log_pop":2.6642522848,"log_mass":4.8569128026},{"country_iso":"TZA","city_id":4496,"log_pop":2.6578619847,"log_mass":4.6784508238},{"country_iso":"TZA","city_id":4496,"log_pop":3.7162251647,"log_mass":5.6843320272},{"country_iso":"TZA","city_id":4496,"log_pop":3.455042576,"log_mass":5.5048128898},{"country_iso":"TZA","city_id":4578,"log_pop":3.2973465899,"log_mass":5.0818381422},{"country_iso":"TZA","city_id":4578,"log_pop":2.5106369129,"log_mass":4.256611526},{"country_iso":"TZA","city_id":4578,"log_pop":3.6505196886,"log_mass":5.5619942357},{"country_iso":"TZA","city_id":4371,"log_pop":3.1496073238,"log_mass":5.1954915493},{"country_iso":"TZA","city_id":4371,"log_pop":2.4244197753,"log_mass":5.0083377199},{"country_iso":"TZA","city_id":4371,"log_pop":3.7932980406,"log_mass":5.6397815345},{"country_iso":"TZA","city_id":4489,"log_pop":3.8928333438,"log_mass":5.5967699819},{"country_iso":"TZA","city_id":4489,"log_pop":1.510877471,"log_mass":3.8737024776},{"country_iso":"TZA","city_id":4279,"log_pop":3.4655817871,"log_mass":5.6244471053},{"country_iso":"TZA","city_id":4279,"log_pop":1.825904551,"log_mass":4.061633176},{"country_iso":"TZA","city_id":4853,"log_pop":1.427054636,"log_mass":3.5632024403},{"country_iso":"TZA","city_id":4538,"log_pop":3.4069136584,"log_mass":5.6399544285},{"country_iso":"TZA","city_id":4800,"log_pop":2.06359313,"log_mass":4.1115495727},{"country_iso":"TZA","city_id":4219,"log_pop":1.5602130205,"log_mass":4.3220428895}]