[{"country_iso": "MYS", "city_id": 10940, "city": "George Town", "pop_total": 472606.428845922, "mass_total": 74055732.4965566, "log_pop": 5.6745, "log_mass": 7.869559, "log_pop_c": 0.454712, "log_mass_c": 0.263281, "lat": 5.37213060559223, "lon": 100.289790903008}, {"country_iso": "MYS", "city_id": 10943, "city": "Alor Setar", "pop_total": 124301.140323082, "mass_total": 29670932.9440294, "log_pop": 5.094475, "log_mass": 7.472331, "log_pop_c": -0.125313, "log_mass_c": -0.133947, "lat": 6.12329588202361, "lon": 100.367279724049}, {"country_iso": "MYS", "city_id": 10956, "city": "Bukit Mertajam", "pop_total": 347407.401112768, "mass_total": 98591987.2667004, "log_pop": 5.540839, "log_mass": 7.993842, "log_pop_c": 0.321051, "log_mass_c": 0.387563, "lat": 5.35745721441202, "lon": 100.436466980054}, {"country_iso": "MYS", "city_id": 10964, "city": "Sungai Petani", "pop_total": 157195.04890064, "mass_total": 38889837.7645864, "log_pop": 5.196439, "log_mass": 7.589836, "log_pop_c": -0.023349, "log_mass_c": -0.016442, "lat": 5.6486120605519, "lon": 100.501970449553}, {"country_iso": "MYS", "city_id": 10982, "city": "Kulim", "pop_total": 96759.0437601819, "mass_total": 19953556.6039947, "log_pop": 4.985692, "log_mass": 7.30002, "log_pop_c": -0.234097, "log_mass_c": -0.306258, "lat": 5.39211615273896, "lon": 100.551846057874}, {"country_iso": "MYS", "city_id": 11019, "city": "Taiping", "pop_total": 113124.732822227, "mass_total": 26311205.9692686, "log_pop": 5.053558, "log_mass": 7.420141, "log_pop_c": -0.166231, "log_mass_c": -0.186137, "lat": 4.85763689056108, "lon": 100.728791830018}, {"country_iso": "MYS", "city_id": 11074, "city": "Ipoh", "pop_total": 422094.796469434, "mass_total": 104775081.816178, "log_pop": 5.62541, "log_mass": 8.020258, "log_pop_c": 0.405622, "log_mass_c": 0.41398, "lat": 4.6132284403618, "lon": 101.09514749385}, {"country_iso": "MYS", "city_id": 11139, "city": "Kuala Lumpur", "pop_total": 4670703.70341731, "mass_total": 878716068.892269, "log_pop": 6.669382, "log_mass": 8.943849, "log_pop_c": 1.449594, "log_mass_c": 1.33757, "lat": 3.07478649675569, "lon": 101.626956361366}, {"country_iso": "MYS", "city_id": 11143, "city": "Meru", "pop_total": 50618.3127949471, "mass_total": 18940519.1691472, "log_pop": 4.704308, "log_mass": 7.277392, "log_pop_c": -0.51548, "log_mass_c": -0.328886, "lat": 3.13187802416184, "lon": 101.442479729162}, {"country_iso": "MYS", "city_id": 11216, "city": "Seremban", "pop_total": 239438.434225223, "mass_total": 61398495.8086536, "log_pop": 5.379194, "log_mass": 7.788158, "log_pop_c": 0.159406, "log_mass_c": 0.18188, "lat": 2.70613378039878, "lon": 101.95494777508}, {"country_iso": "MYS", "city_id": 11220, "city": "Kota Bharu", "pop_total": 162425.136276683, "mass_total": 37184373.7991303, "log_pop": 5.210653, "log_mass": 7.57036, "log_pop_c": -0.009135, "log_mass_c": -0.035918, "lat": 6.11295007168791, "lon": 102.261609669241}, {"country_iso": "MYS", "city_id": 11266, "city": "Melaka City", "pop_total": 258655.147147315, "mass_total": 68508460.2331193, "log_pop": 5.412721, "log_mass": 7.835744, "log_pop_c": 0.192933, "log_mass_c": 0.229466, "lat": 2.23496918137204, "lon": 102.241601955842}, {"country_iso": "MYS", "city_id": 11321, "city": "Muar", "pop_total": 59947.0853360774, "mass_total": 14998268.7740802, "log_pop": 4.777768, "log_mass": 7.176041, "log_pop_c": -0.44202, "log_mass_c": -0.430237, "lat": 2.05607901864985, "lon": 102.573025179765}, {"country_iso": "MYS", "city_id": 11367, "city": "Kuala Terengganu", "pop_total": 82131.7897533285, "mass_total": 23654563.8157748, "log_pop": 4.914511, "log_mass": 7.373915, "log_pop_c": -0.305277, "log_mass_c": -0.232363, "lat": 5.33255535108822, "lon": 103.114955373761}, {"country_iso": "MYS", "city_id": 11420, "city": "Kuantan", "pop_total": 90151.3416219375, "mass_total": 24079707.4479226, "log_pop": 4.954972, "log_mass": 7.381651, "log_pop_c": -0.264816, "log_mass_c": -0.224627, "lat": 3.81788976984426, "lon": 103.322798381218}, {"country_iso": "MYS", "city_id": 11496, "city": "Kulai", "pop_total": 56785.6161552822, "mass_total": 18904549.9488644, "log_pop": 4.754238, "log_mass": 7.276566, "log_pop_c": -0.46555, "log_mass_c": -0.329712, "lat": 1.63703269025691, "lon": 103.639495762981}, {"country_iso": "MYS", "city_id": 12454, "city": "Kuching", "pop_total": 246621.178408876, "mass_total": 62584538.1235385, "log_pop": 5.39203, "log_mass": 7.796467, "log_pop_c": 0.172242, "log_mass_c": 0.190189, "lat": 1.53285980927865, "lon": 110.343847025447}, {"country_iso": "MYS", "city_id": 12598, "city": "Sibu", "pop_total": 74880.1364875522, "mass_total": 22144104.8892842, "log_pop": 4.874367, "log_mass": 7.345258, "log_pop_c": -0.345421, "log_mass_c": -0.26102, "lat": 2.29291927680708, "lon": 111.844647906331}, {"country_iso": "MYS", "city_id": 12732, "city": "Kota Kinabalu", "pop_total": 368456.844505448, "mass_total": 74836617.6101929, "log_pop": 5.566387, "log_mass": 7.874114, "log_pop_c": 0.346599, "log_mass_c": 0.267836, "lat": 5.9607486021847, "lon": 116.099356061832}, {"country_iso": "MYS", "city_id": 12791, "city": "Tawau", "pop_total": 114892.63678598, "mass_total": 24051674.2927338, "log_pop": 5.060292, "log_mass": 7.381145, "log_pop_c": -0.159496, "log_mass_c": -0.225133, "lat": 4.26965316226466, "lon": 117.897122739136}, {"country_iso": "MYS", "city_id": 12793, "city": "Sandakan", "pop_total": 59403.7490236095, "mass_total": 11096698.6548499, "log_pop": 4.773814, "log_mass": 7.045194, "log_pop_c": -0.445974, "log_mass_c": -0.561084, "lat": 5.85511717142233, "lon": 118.096322699218}]