[{"country_iso": "LBN", "city_id": 4327, "city": "Tyre", "pop_total": 78304.8563450084, "mass_total": 6992830.26670394, "log_pop": 4.893789, "log_mass": 6.844653, "log_pop_c": -0.515926, "log_mass_c": -0.509183, "lat": 33.261862419634, "lon": 35.2220348954968}, {"country_iso": "LBN", "city_id": 4334, "city": "Saida", "pop_total": 189729.593856709, "mass_total": 16326678.3697861, "log_pop": 5.278135, "log_mass": 7.212898, "log_pop_c": -0.13158, "log_mass_c": -0.140938, "lat": 33.5443246620654, "lon": 35.3791832342928}, {"country_iso": "LBN", "city_id": 4337, "city": "Beirut", "pop_total": 2410412.68838709, "mass_total": 208906159.349381, "log_pop": 6.382091, "log_mass": 8.319951, "log_pop_c": 0.972376, "log_mass_c": 0.966115, "lat": 33.9121002247618, "lon": 35.5720817430004}, {"country_iso": "LBN", "city_id": 4361, "city": "Tripoli", "pop_total": 357777.044244074, "mass_total": 26448117.6949752, "log_pop": 5.553612, "log_mass": 7.422395, "log_pop_c": 0.143897, "log_mass_c": 0.068558, "lat": 34.452557362467, "lon": 35.8694036228151}, {"country_iso": "LBN", "city_id": 4375, "city": "Zahl\u00e9", "pop_total": 87286.6337891336, "mass_total": 9317185.91746172, "log_pop": 4.940948, "log_mass": 6.969285, "log_pop_c": -0.468767, "log_mass_c": -0.384552, "lat": 33.8204586134231, "lon": 35.8703897536029}]