[{"country_iso": "RUS", "city_id": 3168, "city": "Kaliningrad", "pop_total": 230583.103652544, "mass_total": 87170578.7316992, "log_pop": 5.362827, "log_mass": 7.94037, "log_pop_c": 0.183496, "log_mass_c": 0.175901, "lat": 54.7114240176183, "lon": 20.5104515334594}, {"country_iso": "RUS", "city_id": 3316, "city": "Murmansk", "pop_total": 157393.002267353, "mass_total": 73211883.0986595, "log_pop": 5.196985, "log_mass": 7.864582, "log_pop_c": 0.017653, "log_mass_c": 0.100113, "lat": 68.9553758273139, "lon": 33.0786831703214}, {"country_iso": "RUS", "city_id": 3378, "city": "Pskov", "pop_total": 99694.5552595148, "mass_total": 38242730.2670227, "log_pop": 4.998671, "log_mass": 7.582549, "log_pop_c": -0.180661, "log_mass_c": -0.18192, "lat": 57.8147632343952, "lon": 28.3377838370281}, {"country_iso": "RUS", "city_id": 3396, "city": "Saint Petersburg", "pop_total": 3249569.43583377, "mass_total": 778206325.852286, "log_pop": 6.511826, "log_mass": 8.891095, "log_pop_c": 1.332494, "log_mass_c": 1.126626, "lat": 59.9208301944262, "lon": 30.334963596596}, {"country_iso": "RUS", "city_id": 3408, "city": "Kolpino", "pop_total": 91627.7679763503, "mass_total": 37922086.2745743, "log_pop": 4.962027, "log_mass": 7.578892, "log_pop_c": -0.217305, "log_mass_c": -0.185576, "lat": 59.7652216413532, "lon": 30.5974425742282}, {"country_iso": "RUS", "city_id": 3436, "city": "Veliky Novgorod", "pop_total": 129970.703546684, "mass_total": 42320125.8506762, "log_pop": 5.113845, "log_mass": 7.626547, "log_pop_c": -0.065486, "log_mass_c": -0.137922, "lat": 58.5470295325421, "lon": 31.2731383344732}, {"country_iso": "RUS", "city_id": 3455, "city": "Petrozavodsk", "pop_total": 114749.703952012, "mass_total": 42002337.9862385, "log_pop": 5.059752, "log_mass": 7.623273, "log_pop_c": -0.11958, "log_mass_c": -0.141195, "lat": 61.7838228289367, "lon": 34.360534213965}, {"country_iso": "RUS", "city_id": 3502, "city": "Smolensk", "pop_total": 212759.665517152, "mass_total": 48005384.1502595, "log_pop": 5.327889, "log_mass": 7.68129, "log_pop_c": 0.148557, "log_mass_c": -0.083179, "lat": 54.7855109266914, "lon": 32.0521170478915}, {"country_iso": "RUS", "city_id": 3539, "city": "Severodvinsk", "pop_total": 82091.8812455295, "mass_total": 44901284.4272762, "log_pop": 4.9143, "log_mass": 7.652259, "log_pop_c": -0.265032, "log_mass_c": -0.11221, "lat": 64.5721523268495, "lon": 39.8314856206006}, {"country_iso": "RUS", "city_id": 3554, "city": "Arkhangelsk", "pop_total": 135536.430641779, "mass_total": 71730462.9148545, "log_pop": 5.132056, "log_mass": 7.855704, "log_pop_c": -0.047276, "log_mass_c": 0.091235, "lat": 64.5366237818359, "lon": 40.5962979511373}, {"country_iso": "RUS", "city_id": 3594, "city": "Tver", "pop_total": 242246.345353304, "mass_total": 87707422.6971506, "log_pop": 5.384257, "log_mass": 7.943036, "log_pop_c": 0.204925, "log_mass_c": 0.178568, "lat": 56.8494384791996, "lon": 35.8941736633863}, {"country_iso": "RUS", "city_id": 3609, "city": "Bryansk", "pop_total": 254335.683796243, "mass_total": 108028977.728752, "log_pop": 5.405407, "log_mass": 8.03354, "log_pop_c": 0.226075, "log_mass_c": 0.269072, "lat": 53.2616879827189, "lon": 34.3650114175907}, {"country_iso": "RUS", "city_id": 3613, "city": "Cherepovets", "pop_total": 195725.108329791, "mass_total": 105068069.260873, "log_pop": 5.291647, "log_mass": 8.021471, "log_pop_c": 0.112315, "log_mass_c": 0.257002, "lat": 59.1282418891671, "lon": 37.8970556569067}, {"country_iso": "RUS", "city_id": 3654, "city": "Kaluga", "pop_total": 125441.582046097, "mass_total": 62299151.8624943, "log_pop": 5.098442, "log_mass": 7.794482, "log_pop_c": -0.08089, "log_mass_c": 0.030014, "lat": 54.5383786070016, "lon": 36.2770670465506}, {"country_iso": "RUS", "city_id": 3656, "city": "Obninsk", "pop_total": 54958.4448937737, "mass_total": 19402751.9336357, "log_pop": 4.740034, "log_mass": 7.287863, "log_pop_c": -0.439298, "log_mass_c": -0.476605, "lat": 55.1058602789321, "lon": 36.6071093494283}, {"country_iso": "RUS", "city_id": 3657, "city": "Zelenograd", "pop_total": 148560.492915483, "mass_total": 30897633.9300577, "log_pop": 5.171903, "log_mass": 7.489925, "log_pop_c": -0.007429, "log_mass_c": -0.274543, "lat": 55.9886304290809, "lon": 37.1860346848649}, {"country_iso": "RUS", "city_id": 3675, "city": "Moscow", "pop_total": 10315524.8475622, "mass_total": 2107303671.53047, "log_pop": 7.013491, "log_mass": 9.323727, "log_pop_c": 1.834159, "log_mass_c": 1.559259, "lat": 55.7387927817244, "lon": 37.6487874369133}, {"country_iso": "RUS", "city_id": 3684, "city": "Vologda", "pop_total": 188703.207740721, "mass_total": 72190096.014137, "log_pop": 5.275779, "log_mass": 7.858478, "log_pop_c": 0.096447, "log_mass_c": 0.094009, "lat": 59.2165325670173, "lon": 39.8802859564077}, {"country_iso": "RUS", "city_id": 3694, "city": "Oryol", "pop_total": 192048.799679765, "mass_total": 62866941.6687065, "log_pop": 5.283412, "log_mass": 7.798422, "log_pop_c": 0.10408, "log_mass_c": 0.033954, "lat": 52.9676041928866, "lon": 36.080595121509}, {"country_iso": "RUS", "city_id": 3712, "city": "Serpukhov", "pop_total": 95172.9844385604, "mass_total": 31362222.1634711, "log_pop": 4.978514, "log_mass": 7.496407, "log_pop_c": -0.200818, "log_mass_c": -0.268062, "lat": 54.9203889743971, "lon": 37.4098906376041}, {"country_iso": "RUS", "city_id": 3725, "city": "Zhukovsky", "pop_total": 68186.1820184338, "mass_total": 27887194.5750898, "log_pop": 4.833696, "log_mass": 7.445405, "log_pop_c": -0.345636, "log_mass_c": -0.319064, "lat": 55.590649621981, "lon": 38.103440394635}, {"country_iso": "RUS", "city_id": 3734, "city": "\u0412\u043e\u0440\u043e\u0448\u043d\u0435\u0432\u043e", "pop_total": 56881.9802374164, "mass_total": 23174635.9937575, "log_pop": 4.754975, "log_mass": 7.365013, "log_pop_c": -0.424357, "log_mass_c": -0.399456, "lat": 51.6582119582491, "lon": 36.1227641224534}, {"country_iso": "RUS", "city_id": 3735, "city": "Kursk", "pop_total": 182036.929121722, "mass_total": 66099788.6026079, "log_pop": 5.26016, "log_mass": 7.8202, "log_pop_c": 0.080828, "log_mass_c": 0.055731, "lat": 51.7406026297037, "lon": 36.1850368944158}, {"country_iso": "RUS", "city_id": 3737, "city": "Elektrostal", "pop_total": 104251.078087863, "mass_total": 29626231.571851, "log_pop": 5.018081, "log_mass": 7.471676, "log_pop_c": -0.161251, "log_mass_c": -0.292792, "lat": 55.7846775251189, "lon": 38.4540722359262}, {"country_iso": "RUS", "city_id": 3739, "city": "Yaroslavl", "pop_total": 352565.790441488, "mass_total": 128389941.219574, "log_pop": 5.54724, "log_mass": 8.108531, "log_pop_c": 0.367908, "log_mass_c": 0.344062, "lat": 57.6232912019899, "lon": 39.8629877784293}, {"country_iso": "RUS", "city_id": 3743, "city": "Tula", "pop_total": 318512.024920673, "mass_total": 111723655.331814, "log_pop": 5.503126, "log_mass": 8.048145, "log_pop_c": 0.323794, "log_mass_c": 0.283677, "lat": 54.1813494349576, "lon": 37.6163471868233}, {"country_iso": "RUS", "city_id": 3762, "city": "Orekhovo-Zou\u00efevo", "pop_total": 69855.383422687, "mass_total": 17917036.2511729, "log_pop": 4.8442, "log_mass": 7.253266, "log_pop_c": -0.335132, "log_mass_c": -0.511202, "lat": 55.805826222568, "lon": 38.9742603707677}, {"country_iso": "RUS", "city_id": 3770, "city": "Kolomna", "pop_total": 71314.6359520398, "mass_total": 24408551.253976, "log_pop": 4.853179, "log_mass": 7.387542, "log_pop_c": -0.326153, "log_mass_c": -0.376927, "lat": 55.0846818183668, "lon": 38.7704705620657}, {"country_iso": "RUS", "city_id": 3791, "city": "Belgorod", "pop_total": 215078.487144027, "mass_total": 84434685.4964162, "log_pop": 5.332597, "log_mass": 7.926521, "log_pop_c": 0.153265, "log_mass_c": 0.162052, "lat": 50.5936872022436, "lon": 36.5891078544279}, {"country_iso": "RUS", "city_id": 3797, "city": "Kostroma", "pop_total": 156250.652630278, "mass_total": 60775349.2647387, "log_pop": 5.193822, "log_mass": 7.783727, "log_pop_c": 0.01449, "log_mass_c": 0.019259, "lat": 57.7667217871149, "lon": 40.95454140559}, {"country_iso": "RUS", "city_id": 3833, "city": "Ivanovo", "pop_total": 281996.737497333, "mass_total": 100274730.979945, "log_pop": 5.450244, "log_mass": 8.001192, "log_pop_c": 0.270912, "log_mass_c": 0.236723, "lat": 57.0000024152833, "lon": 40.9733659887043}, {"country_iso": "RUS", "city_id": 3839, "city": "Vladimir", "pop_total": 153652.216348267, "mass_total": 57589911.2576136, "log_pop": 5.186539, "log_mass": 7.760346, "log_pop_c": 0.007207, "log_mass_c": -0.004122, "lat": 56.1399690281783, "lon": 40.4006705756206}, {"country_iso": "RUS", "city_id": 3853, "city": "\u0428\u0430\u0445\u043c\u0430\u043d\u043e\u0432\u043e", "pop_total": 69258.648926119, "mass_total": 28253588.2878391, "log_pop": 4.840474, "log_mass": 7.451074, "log_pop_c": -0.338858, "log_mass_c": -0.313395, "lat": 54.6644928373943, "lon": 39.630212159289}, {"country_iso": "RUS", "city_id": 3865, "city": "Ryazan", "pop_total": 220708.827312833, "mass_total": 79347432.4433991, "log_pop": 5.34382, "log_mass": 7.899533, "log_pop_c": 0.164488, "log_mass_c": 0.135064, "lat": 54.5992967407874, "lon": 39.7493821065068}, {"country_iso": "RUS", "city_id": 3866, "city": "Yelets", "pop_total": 56527.0179207035, "mass_total": 28319723.6379105, "log_pop": 4.752256, "log_mass": 7.452089, "log_pop_c": -0.427076, "log_mass_c": -0.31238, "lat": 52.610373475275, "lon": 38.5099147233555}, {"country_iso": "RUS", "city_id": 3941, "city": "Kovrov", "pop_total": 83728.9681824927, "mass_total": 33664923.9828742, "log_pop": 4.922876, "log_mass": 7.527178, "log_pop_c": -0.256456, "log_mass_c": -0.237291, "lat": 56.3597524985876, "lon": 41.3132025030473}, {"country_iso": "RUS", "city_id": 4019, "city": "Lipetsk", "pop_total": 255135.222533201, "mass_total": 131369877.639473, "log_pop": 5.40677, "log_mass": 8.118496, "log_pop_c": 0.227438, "log_mass_c": 0.354027, "lat": 52.5890281515102, "lon": 39.6099547469956}, {"country_iso": "RUS", "city_id": 4028, "city": "Voronezh", "pop_total": 578977.090589347, "mass_total": 216812134.086061, "log_pop": 5.762661, "log_mass": 8.336084, "log_pop_c": 0.583329, "log_mass_c": 0.571615, "lat": 51.6730375845688, "lon": 39.2069777844768}, {"country_iso": "RUS", "city_id": 4093, "city": "Murom", "pop_total": 50236.0360859721, "mass_total": 23889584.8710743, "log_pop": 4.701015, "log_mass": 7.378209, "log_pop_c": -0.478317, "log_mass_c": -0.38626, "lat": 55.5702556244925, "lon": 42.0363642018475}, {"country_iso": "RUS", "city_id": 4111, "city": "Michurinsk", "pop_total": 63299.171399883, "mass_total": 17381873.0957294, "log_pop": 4.801398, "log_mass": 7.240097, "log_pop_c": -0.377934, "log_mass_c": -0.524372, "lat": 52.8956375193521, "lon": 40.4915877236768}, {"country_iso": "RUS", "city_id": 4181, "city": "Dzerzhinsk", "pop_total": 90985.7168708007, "mass_total": 58942156.6006582, "log_pop": 4.958973, "log_mass": 7.770426, "log_pop_c": -0.220359, "log_mass_c": 0.005957, "lat": 56.2472510583113, "lon": 43.502774362844}, {"country_iso": "RUS", "city_id": 4195, "city": "Nizhny Novgorod", "pop_total": 807926.293169663, "mass_total": 253273806.78474, "log_pop": 5.907372, "log_mass": 8.40359, "log_pop_c": 0.72804, "log_mass_c": 0.639122, "lat": 56.2919507913424, "lon": 43.9101989209589}, {"country_iso": "RUS", "city_id": 4202, "city": "Tambov", "pop_total": 217545.577561643, "mass_total": 69729592.7287456, "log_pop": 5.33755, "log_mass": 7.843417, "log_pop_c": 0.158218, "log_mass_c": 0.078949, "lat": 52.7302514702482, "lon": 41.4338929357107}, {"country_iso": "RUS", "city_id": 4223, "city": "Novorossiysk", "pop_total": 118266.025021452, "mass_total": 59850772.4316561, "log_pop": 5.07286, "log_mass": 7.77707, "log_pop_c": -0.106472, "log_mass_c": 0.012601, "lat": 44.722747641713, "lon": 37.7689682326959}, {"country_iso": "RUS", "city_id": 4234, "city": "Taganrog", "pop_total": 193829.057551038, "mass_total": 70056475.3660329, "log_pop": 5.287419, "log_mass": 7.845448, "log_pop_c": 0.108087, "log_mass_c": 0.08098, "lat": 47.2291706059657, "lon": 38.8994448219825}, {"country_iso": "RUS", "city_id": 4255, "city": "Arzamas", "pop_total": 58503.0379035277, "mass_total": 21168168.8574995, "log_pop": 4.767178, "log_mass": 7.325683, "log_pop_c": -0.412154, "log_mass_c": -0.438785, "lat": 55.3989664785461, "lon": 43.8342942471269}, {"country_iso": "RUS", "city_id": 4288, "city": "Rostov-on-Don", "pop_total": 776177.504199943, "mass_total": 239497502.597248, "log_pop": 5.889961, "log_mass": 8.379301, "log_pop_c": 0.710629, "log_mass_c": 0.614832, "lat": 47.2488548967676, "lon": 39.7169013845768}, {"country_iso": "RUS", "city_id": 4296, "city": "Bataysk", "pop_total": 67416.1693380861, "mass_total": 33841883.7049379, "log_pop": 4.828764, "log_mass": 7.529455, "log_pop_c": -0.350568, "log_mass_c": -0.235014, "lat": 47.1315748583579, "lon": 39.7379328470977}, {"country_iso": "RUS", "city_id": 4306, "city": "Krasnodar", "pop_total": 501602.745147213, "mass_total": 200837795.350203, "log_pop": 5.70036, "log_mass": 8.302845, "log_pop_c": 0.521028, "log_mass_c": 0.538377, "lat": 45.0586793987633, "lon": 39.0073229222331}, {"country_iso": "RUS", "city_id": 4307, "city": "Shakhty", "pop_total": 108177.580211097, "mass_total": 53276668.1665767, "log_pop": 5.034137, "log_mass": 7.726537, "log_pop_c": -0.145195, "log_mass_c": -0.037932, "lat": 47.7045835591331, "lon": 40.216452059664}, {"country_iso": "RUS", "city_id": 4310, "city": "Novocherkassk", "pop_total": 94081.3679033389, "mass_total": 39008694.3716911, "log_pop": 4.973504, "log_mass": 7.591161, "log_pop_c": -0.205828, "log_mass_c": -0.173307, "lat": 47.4445275575768, "lon": 40.0843079446833}, {"country_iso": "RUS", "city_id": 4362, "city": "Syktyvkar", "pop_total": 80798.3393536734, "mass_total": 37012353.1347054, "log_pop": 4.907402, "log_mass": 7.568347, "log_pop_c": -0.27193, "log_mass_c": -0.196122, "lat": 61.6629208689904, "lon": 50.8275744574572}, {"country_iso": "RUS", "city_id": 4400, "city": "Saransk", "pop_total": 132185.802860207, "mass_total": 53421557.2344848, "log_pop": 5.121185, "log_mass": 7.727717, "log_pop_c": -0.058147, "log_mass_c": -0.036752, "lat": 54.1925881620726, "lon": 45.1779202640803}, {"country_iso": "RUS", "city_id": 4423, "city": "Maykop", "pop_total": 77446.5797387015, "mass_total": 34391658.0592567, "log_pop": 4.889002, "log_mass": 7.536453, "log_pop_c": -0.29033, "log_mass_c": -0.228015, "lat": 44.6108215793863, "lon": 40.1022641829482}, {"country_iso": "RUS", "city_id": 4425, "city": "Sochi", "pop_total": 52365.8063296879, "mass_total": 30775186.6915362, "log_pop": 4.719048, "log_mass": 7.488201, "log_pop_c": -0.460284, "log_mass_c": -0.276268, "lat": 43.5933928459251, "lon": 39.7324805802616}, {"country_iso": "RUS", "city_id": 4440, "city": "Penza", "pop_total": 267304.595806156, "mass_total": 93713481.8496934, "log_pop": 5.427006, "log_mass": 7.971802, "log_pop_c": 0.247674, "log_mass_c": 0.207333, "lat": 53.192154061911, "lon": 44.9974217065531}, {"country_iso": "RUS", "city_id": 4448, "city": "Vesyoloye", "pop_total": 57074.8810617026, "mass_total": 35596734.6448406, "log_pop": 4.756445, "log_mass": 7.55141, "log_pop_c": -0.422887, "log_mass_c": -0.213058, "lat": 43.4323034662924, "lon": 39.9438067659624}, {"country_iso": "RUS", "city_id": 4454, "city": "Cheboksary", "pop_total": 257204.390837037, "mass_total": 81120869.8795925, "log_pop": 5.410278, "log_mass": 7.909133, "log_pop_c": 0.230946, "log_mass_c": 0.144664, "lat": 56.1152819823641, "lon": 47.2545148853366}, {"country_iso": "RUS", "city_id": 4467, "city": "Yoshkar-Ola", "pop_total": 169594.185584818, "mass_total": 50193089.3108722, "log_pop": 5.229411, "log_mass": 7.700644, "log_pop_c": 0.050079, "log_mass_c": -0.063825, "lat": 56.6353485739028, "lon": 47.8837058947404}, {"country_iso": "RUS", "city_id": 4473, "city": "Kirov", "pop_total": 157709.170289429, "mass_total": 78551189.1811814, "log_pop": 5.197857, "log_mass": 7.895153, "log_pop_c": 0.018525, "log_mass_c": 0.130684, "lat": 58.6023467855563, "lon": 49.6245769812316}, {"country_iso": "RUS", "city_id": 4474, "city": "Novocheboksarsk", "pop_total": 61093.0297825561, "mass_total": 18506836.1016497, "log_pop": 4.785992, "log_mass": 7.267332, "log_pop_c": -0.39334, "log_mass_c": -0.497136, "lat": 56.1148946212723, "lon": 47.4923605866175}, {"country_iso": "RUS", "city_id": 4482, "city": "Volgodonsk", "pop_total": 90264.7452935733, "mass_total": 34104579.3214239, "log_pop": 4.955518, "log_mass": 7.532813, "log_pop_c": -0.223814, "log_mass_c": -0.231656, "lat": 47.5128881891964, "lon": 42.1894122635521}, {"country_iso": "RUS", "city_id": 4493, "city": "Armavir", "pop_total": 105045.846980375, "mass_total": 41958119.6780903, "log_pop": 5.021379, "log_mass": 7.622816, "log_pop_c": -0.157953, "log_mass_c": -0.141653, "lat": 44.9923374020614, "lon": 41.1126334959529}, {"country_iso": "RUS", "city_id": 4536, "city": "Stavropol", "pop_total": 245962.55144928, "mass_total": 87312282.5974085, "log_pop": 5.390869, "log_mass": 7.941075, "log_pop_c": 0.211537, "log_mass_c": 0.176607, "lat": 45.06134364203, "lon": 41.9720306969021}, {"country_iso": "RUS", "city_id": 4539, "city": "Kuznetsk", "pop_total": 63433.3817123647, "mass_total": 22247636.1272801, "log_pop": 4.802318, "log_mass": 7.347284, "log_pop_c": -0.377014, "log_mass_c": -0.417185, "lat": 53.1144167261632, "lon": 46.6002327666485}, {"country_iso": "RUS", "city_id": 4545, "city": "Nevinnomyssk", "pop_total": 60720.8420830825, "mass_total": 24274247.5269181, "log_pop": 4.783338, "log_mass": 7.385146, "log_pop_c": -0.395994, "log_mass_c": -0.379323, "lat": 44.6317784872836, "lon": 41.9413315766142}, {"country_iso": "RUS", "city_id": 4552, "city": "Kazan", "pop_total": 672458.306052691, "mass_total": 249821919.76846, "log_pop": 5.827665, "log_mass": 8.397631, "log_pop_c": 0.648333, "log_mass_c": 0.633162, "lat": 55.7975627759238, "lon": 49.1334218947399}, {"country_iso": "RUS", "city_id": 4554, "city": "Saratov", "pop_total": 519540.182024649, "mass_total": 164542043.890795, "log_pop": 5.715619, "log_mass": 8.216277, "log_pop_c": 0.536287, "log_mass_c": 0.451808, "lat": 51.5419244929367, "lon": 45.9690310463754}, {"country_iso": "RUS", "city_id": 4563, "city": "Cherkessk", "pop_total": 88479.5651060539, "mass_total": 29777304.2687006, "log_pop": 4.946843, "log_mass": 7.473885, "log_pop_c": -0.232489, "log_mass_c": -0.290583, "lat": 44.2224217067047, "lon": 42.0528170982952}, {"country_iso": "RUS", "city_id": 4570, "city": "Engels", "pop_total": 81513.3845747027, "mass_total": 48269963.4823416, "log_pop": 4.911229, "log_mass": 7.683677, "log_pop_c": -0.268103, "log_mass_c": -0.080792, "lat": 51.4819538443629, "lon": 46.1242919103469}, {"country_iso": "RUS", "city_id": 4571, "city": "Volgograd", "pop_total": 489655.499771673, "mass_total": 189754585.63917, "log_pop": 5.689891, "log_mass": 8.278192, "log_pop_c": 0.510559, "log_mass_c": 0.513724, "lat": 48.7243877701245, "lon": 44.5056033374751}, {"country_iso": "RUS", "city_id": 4579, "city": "Kamyshin", "pop_total": 69445.4935171234, "mass_total": 21374974.9777363, "log_pop": 4.841644, "log_mass": 7.329906, "log_pop_c": -0.337688, "log_mass_c": -0.434563, "lat": 50.0924089680394, "lon": 45.4080511028388}, {"country_iso": "RUS", "city_id": 4580, "city": "Kirova", "pop_total": 105647.474741799, "mass_total": 44724144.275474, "log_pop": 5.023859, "log_mass": 7.650542, "log_pop_c": -0.155473, "log_mass_c": -0.113927, "lat": 48.5035322026049, "lon": 44.580020004987}, {"country_iso": "RUS", "city_id": 4583, "city": "Volzhskiy", "pop_total": 169804.984631056, "mass_total": 60718458.7176538, "log_pop": 5.22995, "log_mass": 7.783321, "log_pop_c": 0.050618, "log_mass_c": 0.018852, "lat": 48.795373228987, "lon": 44.777533276435}, {"country_iso": "RUS", "city_id": 4584, "city": "Ulyanovsk", "pop_total": 211385.360212093, "mass_total": 81266622.3862347, "log_pop": 5.325075, "log_mass": 7.909912, "log_pop_c": 0.145743, "log_mass_c": 0.145444, "lat": 54.2962715222467, "lon": 48.3296680530733}, {"country_iso": "RUS", "city_id": 4596, "city": "\u041b\u0435\u043d\u0438\u043d\u0441\u043a\u0438\u0439", "pop_total": 85392.8256067624, "mass_total": 37152708.1638628, "log_pop": 4.931421, "log_mass": 7.56999, "log_pop_c": -0.247911, "log_mass_c": -0.194478, "lat": 54.3588299181212, "lon": 48.5936366566008}, {"country_iso": "RUS", "city_id": 4614, "city": "Kislovodsk", "pop_total": 68202.3552180384, "mass_total": 16592012.3253629, "log_pop": 4.833799, "log_mass": 7.219899, "log_pop_c": -0.345533, "log_mass_c": -0.54457, "lat": 43.9181045715902, "lon": 42.7194986404666}, {"country_iso": "RUS", "city_id": 4616, "city": "Yessentuki", "pop_total": 56051.7367306672, "mass_total": 22805397.6744418, "log_pop": 4.748589, "log_mass": 7.358038, "log_pop_c": -0.430743, "log_mass_c": -0.406431, "lat": 44.0404287351119, "lon": 42.8618521910195}, {"country_iso": "RUS", "city_id": 4625, "city": "Pyatigorsk", "pop_total": 130241.196915917, "mass_total": 37443824.6382412, "log_pop": 5.114748, "log_mass": 7.57338, "log_pop_c": -0.064584, "log_mass_c": -0.191088, "lat": 44.0385767747603, "lon": 43.0517779232511}, {"country_iso": "RUS", "city_id": 4636, "city": "Syzran", "pop_total": 75243.131434116, "mass_total": 35057181.9157217, "log_pop": 4.876467, "log_mass": 7.544777, "log_pop_c": -0.302865, "log_mass_c": -0.219692, "lat": 53.1632638812178, "lon": 48.4697582633359}, {"country_iso": "RUS", "city_id": 4644, "city": "Balakovo", "pop_total": 61852.2982921469, "mass_total": 33786709.5366266, "log_pop": 4.791356, "log_mass": 7.528746, "log_pop_c": -0.387976, "log_mass_c": -0.235723, "lat": 52.0185758791311, "lon": 47.7908334740921}, {"country_iso": "RUS", "city_id": 4653, "city": "Georgiyevsk", "pop_total": 54998.9480221781, "mass_total": 21812148.0460356, "log_pop": 4.740354, "log_mass": 7.338698, "log_pop_c": -0.438978, "log_mass_c": -0.42577, "lat": 44.1391985064699, "lon": 43.447930490334}, {"country_iso": "RUS", "city_id": 4664, "city": "Dimitrovgrad", "pop_total": 61897.4503602657, "mass_total": 25628820.8844596, "log_pop": 4.791673, "log_mass": 7.408729, "log_pop_c": -0.387659, "log_mass_c": -0.35574, "lat": 54.2159700183682, "lon": 49.6067513292199}, {"country_iso": "RUS", "city_id": 4668, "city": "Tolyatti", "pop_total": 347687.339989131, "mass_total": 114766777.351445, "log_pop": 5.541189, "log_mass": 8.059816, "log_pop_c": 0.361857, "log_mass_c": 0.295348, "lat": 53.5444414472048, "lon": 49.3512884738713}, {"country_iso": "RUS", "city_id": 4686, "city": "Nalchik", "pop_total": 143460.218549132, "mass_total": 39955019.234813, "log_pop": 5.156731, "log_mass": 7.601571, "log_pop_c": -0.0226, "log_mass_c": -0.162897, "lat": 43.4953325330301, "lon": 43.6179752288288}, {"country_iso": "RUS", "city_id": 4696, "city": "\u0412\u043e\u0434\u043d\u0438\u043a", "pop_total": 86509.7051002933, "mass_total": 23837705.4058797, "log_pop": 4.937065, "log_mass": 7.377264, "log_pop_c": -0.242267, "log_mass_c": -0.387204, "lat": 53.4690674983467, "lon": 49.5312225669529}, {"country_iso": "RUS", "city_id": 4739, "city": "Nizhnekamsk", "pop_total": 52895.09666743, "mass_total": 24428866.0243761, "log_pop": 4.723415, "log_mass": 7.387903, "log_pop_c": -0.455917, "log_mass_c": -0.376565, "lat": 55.6228906061278, "lon": 51.8135198636012}, {"country_iso": "RUS", "city_id": 4756, "city": "Samara", "pop_total": 642498.677309219, "mass_total": 206578136.69858, "log_pop": 5.807872, "log_mass": 8.315084, "log_pop_c": 0.62854, "log_mass_c": 0.550616, "lat": 53.2252388998473, "lon": 50.2198256078089}, {"country_iso": "RUS", "city_id": 4761, "city": "Izhevsk", "pop_total": 374771.642480519, "mass_total": 120476938.394475, "log_pop": 5.573767, "log_mass": 8.080904, "log_pop_c": 0.394435, "log_mass_c": 0.316435, "lat": 56.846774553704, "lon": 53.2105452976728}, {"country_iso": "RUS", "city_id": 4762, "city": "Podstepnovka", "pop_total": 55385.6380123351, "mass_total": 18080983.2632809, "log_pop": 4.743397, "log_mass": 7.257222, "log_pop_c": -0.435935, "log_mass_c": -0.507247, "lat": 53.1216713598469, "lon": 50.0850581026597}, {"country_iso": "RUS", "city_id": 4775, "city": "Naberezhnye Chelny", "pop_total": 331202.632141423, "mass_total": 105840584.087829, "log_pop": 5.520094, "log_mass": 8.024652, "log_pop_c": 0.340762, "log_mass_c": 0.260184, "lat": 55.7079945710486, "lon": 52.3764447654405}, {"country_iso": "RUS", "city_id": 4812, "city": "Vladikavkaz", "pop_total": 193400.084311017, "mass_total": 62255295.6202307, "log_pop": 5.286457, "log_mass": 7.794176, "log_pop_c": 0.107125, "log_mass_c": 0.029708, "lat": 43.0531031765784, "lon": 44.6771254271934}, {"country_iso": "RUS", "city_id": 4877, "city": "Sarapul", "pop_total": 50348.8196596052, "mass_total": 20764949.3647082, "log_pop": 4.701989, "log_mass": 7.317331, "log_pop_c": -0.477343, "log_mass_c": -0.447138, "lat": 56.4647484586091, "lon": 53.7828862803671}, {"country_iso": "RUS", "city_id": 4884, "city": "Berezniki", "pop_total": 51887.3019287974, "mass_total": 31391061.3900766, "log_pop": 4.715061, "log_mass": 7.496806, "log_pop_c": -0.464271, "log_mass_c": -0.267663, "lat": 59.4109162179328, "lon": 56.7934627310206}, {"country_iso": "RUS", "city_id": 4944, "city": "Grozny", "pop_total": 51617.7127157716, "mass_total": 40798328.3702234, "log_pop": 4.712799, "log_mass": 7.610642, "log_pop_c": -0.466533, "log_mass_c": -0.153826, "lat": 43.3166930233106, "lon": 45.7008730474628}, {"country_iso": "RUS", "city_id": 4993, "city": "Neftekamsk", "pop_total": 58398.1493495558, "mass_total": 19090412.4379692, "log_pop": 4.766399, "log_mass": 7.280815, "log_pop_c": -0.412933, "log_mass_c": -0.483653, "lat": 56.0906720261452, "lon": 54.267796370812}, {"country_iso": "RUS", "city_id": 5066, "city": "Astrakhan", "pop_total": 386127.4340978, "mass_total": 123276724.738988, "log_pop": 5.586731, "log_mass": 8.090881, "log_pop_c": 0.407399, "log_mass_c": 0.326413, "lat": 46.3520380507976, "lon": 48.0252049921682}, {"country_iso": "RUS", "city_id": 5117, "city": "Khasavyurt", "pop_total": 101194.715515099, "mass_total": 22073189.1384957, "log_pop": 5.005158, "log_mass": 7.343865, "log_pop_c": -0.174174, "log_mass_c": -0.420603, "lat": 43.2527648042894, "lon": 46.5928308109206}, {"country_iso": "RUS", "city_id": 5250, "city": "Makhachkala", "pop_total": 375215.988331155, "mass_total": 74644360.0388774, "log_pop": 5.574281, "log_mass": 7.872997, "log_pop_c": 0.394949, "log_mass_c": 0.108528, "lat": 42.964160268345, "lon": 47.4787596019006}, {"country_iso": "RUS", "city_id": 5287, "city": "Kaspiysk", "pop_total": 90604.8255067059, "mass_total": 13918794.2576456, "log_pop": 4.957151, "log_mass": 7.143602, "log_pop_c": -0.222181, "log_mass_c": -0.620867, "lat": 42.8819361825527, "lon": 47.629512196509}, {"country_iso": "RUS", "city_id": 5344, "city": "Ufa", "pop_total": 535064.013444768, "mass_total": 183647733.674447, "log_pop": 5.728406, "log_mass": 8.263986, "log_pop_c": 0.549074, "log_mass_c": 0.499517, "lat": 54.7896567550094, "lon": 56.0435264759316}, {"country_iso": "RUS", "city_id": 5396, "city": "Derbent", "pop_total": 72785.0062054746, "mass_total": 10073590.9247467, "log_pop": 4.862042, "log_mass": 7.003184, "log_pop_c": -0.31729, "log_mass_c": -0.761284, "lat": 42.0620342220159, "lon": 48.2913836376298}, {"country_iso": "RUS", "city_id": 5408, "city": "Nizhny Tagil", "pop_total": 160805.047347295, "mass_total": 102402183.822523, "log_pop": 5.2063, "log_mass": 8.010309, "log_pop_c": 0.026968, "log_mass_c": 0.245841, "lat": 57.9163062737591, "lon": 60.0059706834959}, {"country_iso": "RUS", "city_id": 5411, "city": "Sterlitamak", "pop_total": 162411.86343061, "mass_total": 52123854.9446591, "log_pop": 5.210618, "log_mass": 7.717037, "log_pop_c": 0.031286, "log_mass_c": -0.047432, "lat": 53.642071581834, "lon": 55.9492424766687}, {"country_iso": "RUS", "city_id": 5422, "city": "Salavat", "pop_total": 71628.735816201, "mass_total": 28599384.5809563, "log_pop": 4.855087, "log_mass": 7.456357, "log_pop_c": -0.324245, "log_mass_c": -0.308112, "lat": 53.3780397322485, "lon": 55.911434485817}, {"country_iso": "RUS", "city_id": 5443, "city": "Orenburg", "pop_total": 316444.877183451, "mass_total": 95972581.5460771, "log_pop": 5.500298, "log_mass": 7.982147, "log_pop_c": 0.320966, "log_mass_c": 0.217679, "lat": 51.8000843788653, "lon": 55.1280771505446}, {"country_iso": "RUS", "city_id": 5489, "city": "Yekaterinburg", "pop_total": 670656.736308301, "mass_total": 270715025.325628, "log_pop": 5.8265, "log_mass": 8.432512, "log_pop_c": 0.647168, "log_mass_c": 0.668044, "lat": 56.8345414597647, "lon": 60.5977179227587}, {"country_iso": "RUS", "city_id": 5584, "city": "Magnitogorsk", "pop_total": 217273.028241827, "mass_total": 129565875.024691, "log_pop": 5.337006, "log_mass": 8.112491, "log_pop_c": 0.157674, "log_mass_c": 0.348022, "lat": 53.4107700036229, "lon": 59.033614887641}, {"country_iso": "RUS", "city_id": 5589, "city": "Kamensk-Uralsky", "pop_total": 68433.357000732, "mass_total": 34549835.7374493, "log_pop": 4.835268, "log_mass": 7.538446, "log_pop_c": -0.344064, "log_mass_c": -0.226023, "lat": 56.4052234683475, "lon": 61.9278838849172}, {"country_iso": "RUS", "city_id": 5633, "city": "Chelyabinsk", "pop_total": 740030.574722968, "mass_total": 301750299.50598, "log_pop": 5.86925, "log_mass": 8.479648, "log_pop_c": 0.689918, "log_mass_c": 0.715179, "lat": 55.1681453873894, "lon": 61.4002909633098}, {"country_iso": "RUS", "city_id": 5681, "city": "Orsk", "pop_total": 51591.8366353371, "mass_total": 34501435.78732, "log_pop": 4.712581, "log_mass": 7.537837, "log_pop_c": -0.466751, "log_mass_c": -0.226631, "lat": 51.2417487487865, "lon": 58.4841066965256}, {"country_iso": "RUS", "city_id": 5735, "city": "Tyumen", "pop_total": 335612.784495925, "mass_total": 130360570.367051, "log_pop": 5.525838, "log_mass": 8.115146, "log_pop_c": 0.346507, "log_mass_c": 0.350678, "lat": 57.1470693486808, "lon": 65.5757422945202}, {"country_iso": "RUS", "city_id": 5787, "city": "Kurgan", "pop_total": 148537.295569781, "mass_total": 65896844.7469093, "log_pop": 5.171836, "log_mass": 7.818865, "log_pop_c": -0.007496, "log_mass_c": 0.054396, "lat": 55.4514054083443, "lon": 65.3237295910482}, {"country_iso": "RUS", "city_id": 5914, "city": "Omsk", "pop_total": 670952.823515912, "mass_total": 252533197.299456, "log_pop": 5.826692, "log_mass": 8.402318, "log_pop_c": 0.64736, "log_mass_c": 0.63785, "lat": 54.9861275072013, "lon": 73.3466596379314}, {"country_iso": "RUS", "city_id": 6019, "city": "Tomsk", "pop_total": 314224.206289044, "mass_total": 115674425.933165, "log_pop": 5.49724, "log_mass": 8.063237, "log_pop_c": 0.317908, "log_mass_c": 0.298769, "lat": 56.529475251512, "lon": 84.9612847507576}, {"country_iso": "RUS", "city_id": 6025, "city": "Novosibirsk", "pop_total": 861805.149679998, "mass_total": 309861175.205008, "log_pop": 5.935409, "log_mass": 8.491167, "log_pop_c": 0.756077, "log_mass_c": 0.726699, "lat": 55.008782057111, "lon": 82.9503458227845}, {"country_iso": "RUS", "city_id": 6040, "city": "Berdsk", "pop_total": 50490.5812836771, "mass_total": 21416122.7088596, "log_pop": 4.70321, "log_mass": 7.330741, "log_pop_c": -0.476122, "log_mass_c": -0.433728, "lat": 54.7604949983986, "lon": 83.0938649512792}, {"country_iso": "RUS", "city_id": 6088, "city": "Kemerovo", "pop_total": 251361.790600038, "mass_total": 100103784.968145, "log_pop": 5.400299, "log_mass": 8.00045, "log_pop_c": 0.220967, "log_mass_c": 0.235982, "lat": 55.3505645061719, "lon": 86.070433960411}, {"country_iso": "RUS", "city_id": 6089, "city": "Rubtsovsk", "pop_total": 86140.5584772718, "mass_total": 31620784.8917093, "log_pop": 4.935208, "log_mass": 7.499973, "log_pop_c": -0.244124, "log_mass_c": -0.264496, "lat": 51.5182674563166, "lon": 81.2038382452935}, {"country_iso": "RUS", "city_id": 6098, "city": "Barnaul", "pop_total": 304721.128273273, "mass_total": 127125432.230894, "log_pop": 5.483903, "log_mass": 8.104232, "log_pop_c": 0.304571, "log_mass_c": 0.339764, "lat": 53.3467722738557, "lon": 83.7042727461209}, {"country_iso": "RUS", "city_id": 6149, "city": "Biysk", "pop_total": 99161.1925429985, "mass_total": 44412671.4205484, "log_pop": 4.996342, "log_mass": 7.647507, "log_pop_c": -0.18299, "log_mass_c": -0.116962, "lat": 52.5286099514815, "lon": 85.1984097145654}, {"country_iso": "RUS", "city_id": 6157, "city": "Novokuznetsk", "pop_total": 210044.094155639, "mass_total": 77106776.0689516, "log_pop": 5.32231, "log_mass": 7.887093, "log_pop_c": 0.142979, "log_mass_c": 0.122624, "lat": 53.7663825657801, "lon": 87.1896719514993}, {"country_iso": "RUS", "city_id": 6266, "city": "Krasnoyarsk", "pop_total": 638503.890596273, "mass_total": 249447780.702263, "log_pop": 5.805164, "log_mass": 8.39698, "log_pop_c": 0.625832, "log_mass_c": 0.632511, "lat": 56.0263766495168, "lon": 92.9198868308254}, {"country_iso": "RUS", "city_id": 6376, "city": "Abakan", "pop_total": 94750.1628526922, "mass_total": 49755758.8539971, "log_pop": 4.97658, "log_mass": 7.696843, "log_pop_c": -0.202752, "log_mass_c": -0.067625, "lat": 53.709552912695, "lon": 91.4180149088875}, {"country_iso": "RUS", "city_id": 8031, "city": "Angarsk", "pop_total": 85401.0007435806, "mass_total": 56533737.8011183, "log_pop": 4.931463, "log_mass": 7.752308, "log_pop_c": -0.247869, "log_mass_c": -0.012161, "lat": 52.5495326394488, "lon": 103.890717395932}, {"country_iso": "RUS", "city_id": 8145, "city": "\u041c\u0430\u043c\u043e\u043d\u044b", "pop_total": 107134.543952234, "mass_total": 43742432.2539109, "log_pop": 5.02993, "log_mass": 7.640903, "log_pop_c": -0.149402, "log_mass_c": -0.123566, "lat": 52.3428331038672, "lon": 104.211610501853}, {"country_iso": "RUS", "city_id": 8177, "city": "Irkutsk", "pop_total": 252290.62282665, "mass_total": 104277304.564056, "log_pop": 5.401901, "log_mass": 8.01819, "log_pop_c": 0.222569, "log_mass_c": 0.253721, "lat": 52.2764165030062, "lon": 104.302951452004}, {"country_iso": "RUS", "city_id": 8869, "city": "Ulan-Ude", "pop_total": 228541.426036417, "mass_total": 101013782.968086, "log_pop": 5.358965, "log_mass": 8.004381, "log_pop_c": 0.179633, "log_mass_c": 0.239912, "lat": 51.8310696747526, "lon": 107.626499968725}, {"country_iso": "RUS", "city_id": 9075, "city": "Yakutsk", "pop_total": 97407.3468300171, "mass_total": 82891585.957323, "log_pop": 4.988592, "log_mass": 7.91851, "log_pop_c": -0.19074, "log_mass_c": 0.154042, "lat": 62.0547992704091, "lon": 129.723517365606}, {"country_iso": "RUS", "city_id": 9680, "city": "Chita", "pop_total": 93994.8811092843, "mass_total": 56944968.0217436, "log_pop": 4.973104, "log_mass": 7.755455, "log_pop_c": -0.206228, "log_mass_c": -0.009013, "lat": 52.0437670631927, "lon": 113.475855607624}, {"country_iso": "RUS", "city_id": 10454, "city": "Blagoveshchensk", "pop_total": 219089.034050954, "mass_total": 78128928.7310336, "log_pop": 5.340621, "log_mass": 7.892812, "log_pop_c": 0.161289, "log_mass_c": 0.128343, "lat": 50.2705498272336, "lon": 127.522772730653}, {"country_iso": "RUS", "city_id": 11424, "city": "Komsomolsk-on-Amur", "pop_total": 111801.909434889, "mass_total": 52573455.1153653, "log_pop": 5.048449, "log_mass": 7.720767, "log_pop_c": -0.130883, "log_mass_c": -0.043702, "lat": 50.5655273557035, "lon": 137.024636214741}, {"country_iso": "RUS", "city_id": 11628, "city": "Khabarovsk", "pop_total": 343685.379388099, "mass_total": 130680179.310121, "log_pop": 5.536161, "log_mass": 8.11621, "log_pop_c": 0.356829, "log_mass_c": 0.351741, "lat": 48.467392172221, "lon": 135.092207500475}, {"country_iso": "RUS", "city_id": 12155, "city": "Ussurijsk", "pop_total": 63871.8019838357, "mass_total": 29789161.7545213, "log_pop": 4.805309, "log_mass": 7.474058, "log_pop_c": -0.374023, "log_mass_c": -0.29041, "lat": 43.8100897849917, "lon": 131.958034853502}, {"country_iso": "RUS", "city_id": 12251, "city": "Vladivostok", "pop_total": 384485.771993168, "mass_total": 107259072.34559, "log_pop": 5.58488, "log_mass": 8.030434, "log_pop_c": 0.405548, "log_mass_c": 0.265965, "lat": 43.164876767266, "lon": 131.957421447415}, {"country_iso": "RUS", "city_id": 12388, "city": "Nahodka", "pop_total": 63645.9544248829, "mass_total": 27622692.3327034, "log_pop": 4.803771, "log_mass": 7.441266, "log_pop_c": -0.375561, "log_mass_c": -0.323203, "lat": 42.8184399807578, "lon": 132.896372999589}, {"country_iso": "RUS", "city_id": 12643, "city": "Yuzhno-Sakhalinsk", "pop_total": 80331.2664378765, "mass_total": 39698100.1399564, "log_pop": 4.904885, "log_mass": 7.59877, "log_pop_c": -0.274447, "log_mass_c": -0.165699, "lat": 46.9480971270442, "lon": 142.732677368332}]