[{"country_iso": "VEN", "city_id": 697, "city": "San Crist\u00f3bal", "pop_total": 79780.3668291017, "mass_total": 16981046.5405933, "log_pop": 4.901896, "log_mass": 7.229964, "log_pop_c": -0.24371, "log_mass_c": -0.324187, "lat": 7.77307540930161, "lon": -72.2340835170439}, {"country_iso": "VEN", "city_id": 719, "city": "Maracaibo", "pop_total": 1234699.34990471, "mass_total": 179457544.018941, "log_pop": 6.091561, "log_mass": 8.253962, "log_pop_c": 0.945955, "log_mass_c": 0.69981, "lat": 10.6361575197309, "lon": -71.6538833149033}, {"country_iso": "VEN", "city_id": 726, "city": "Cabimas", "pop_total": 125758.651767543, "mass_total": 30049811.1535404, "log_pop": 5.099538, "log_mass": 7.477842, "log_pop_c": -0.046068, "log_mass_c": -0.07631, "lat": 10.3827512078727, "lon": -71.4374447890475}, {"country_iso": "VEN", "city_id": 727, "city": "Ciudad Ojeda", "pop_total": 70705.8323716145, "mass_total": 18774956.277868, "log_pop": 4.849455, "log_mass": 7.273579, "log_pop_c": -0.29615, "log_mass_c": -0.280573, "lat": 10.2048773456502, "lon": -71.3177327004834}, {"country_iso": "VEN", "city_id": 756, "city": "Barinas", "pop_total": 66541.0120658201, "mass_total": 24611239.5936782, "log_pop": 4.823089, "log_mass": 7.391133, "log_pop_c": -0.322516, "log_mass_c": -0.163018, "lat": 8.62416918033303, "lon": -70.2242273862958}, {"country_iso": "VEN", "city_id": 767, "city": "Punto Fijo", "pop_total": 85833.0007612042, "mass_total": 35365757.323474, "log_pop": 4.933654, "log_mass": 7.548583, "log_pop_c": -0.211951, "log_mass_c": -0.005569, "lat": 11.6859081362005, "lon": -70.2001845522079}, {"country_iso": "VEN", "city_id": 782, "city": "Coro", "pop_total": 58081.9281220417, "mass_total": 15773194.276015, "log_pop": 4.764041, "log_mass": 7.19792, "log_pop_c": -0.381565, "log_mass_c": -0.356232, "lat": 11.4034421898216, "lon": -69.6690972268442}, {"country_iso": "VEN", "city_id": 783, "city": "Barquisimeto", "pop_total": 311963.713866414, "mass_total": 82898260.3848788, "log_pop": 5.494104, "log_mass": 7.918545, "log_pop_c": 0.348498, "log_mass_c": 0.364394, "lat": 10.060619028702, "lon": -69.3601086419823}, {"country_iso": "VEN", "city_id": 786, "city": "Acarigua", "pop_total": 75227.3601643431, "mass_total": 23831848.5330474, "log_pop": 4.876376, "log_mass": 7.377158, "log_pop_c": -0.26923, "log_mass_c": -0.176994, "lat": 9.56947803987386, "lon": -69.2102080150588}, {"country_iso": "VEN", "city_id": 821, "city": "Valencia", "pop_total": 628642.69583027, "mass_total": 144211103.529629, "log_pop": 5.798404, "log_mass": 8.158999, "log_pop_c": 0.652798, "log_mass_c": 0.604847, "lat": 10.1880302805728, "lon": -67.9723073935694}, {"country_iso": "VEN", "city_id": 824, "city": "Puerto Cabello", "pop_total": 54909.0722550336, "mass_total": 13145155.3112543, "log_pop": 4.739644, "log_mass": 7.118766, "log_pop_c": -0.405962, "log_mass_c": -0.435386, "lat": 10.4698320538683, "lon": -68.0276426262656}, {"country_iso": "VEN", "city_id": 833, "city": "Maracay", "pop_total": 335302.610383105, "mass_total": 84690543.4031065, "log_pop": 5.525437, "log_mass": 7.927835, "log_pop_c": 0.379831, "log_mass_c": 0.373683, "lat": 10.2299962010466, "lon": -67.5441851501379}, {"country_iso": "VEN", "city_id": 854, "city": "Catia La Mar", "pop_total": 79731.552435774, "mass_total": 23470429.7436186, "log_pop": 4.90163, "log_mass": 7.370521, "log_pop_c": -0.243976, "log_mass_c": -0.183631, "lat": 10.6009242495429, "lon": -66.9613967382948}, {"country_iso": "VEN", "city_id": 857, "city": "Caracas", "pop_total": 1176060.15531986, "mass_total": 171114309.636962, "log_pop": 6.07043, "log_mass": 8.233286, "log_pop_c": 0.924824, "log_mass_c": 0.679135, "lat": 10.4674576683206, "lon": -66.8907917394101}, {"country_iso": "VEN", "city_id": 869, "city": "Guarenas", "pop_total": 103204.507756562, "mass_total": 22566184.7481344, "log_pop": 5.013699, "log_mass": 7.353458, "log_pop_c": -0.131907, "log_mass_c": -0.200693, "lat": 10.4698789958509, "lon": -66.5728046857986}, {"country_iso": "VEN", "city_id": 904, "city": "Barcelona", "pop_total": 267430.449909041, "mass_total": 58727330.5698062, "log_pop": 5.427211, "log_mass": 7.76884, "log_pop_c": 0.281605, "log_mass_c": 0.214689, "lat": 10.1661178087549, "lon": -64.659787973567}, {"country_iso": "VEN", "city_id": 924, "city": "Cumana", "pop_total": 116499.909504382, "mass_total": 24149897.4278013, "log_pop": 5.066326, "log_mass": 7.382915, "log_pop_c": -0.07928, "log_mass_c": -0.171236, "lat": 10.4523884570072, "lon": -64.16408538485}, {"country_iso": "VEN", "city_id": 934, "city": "Porlamar", "pop_total": 126645.964183102, "mass_total": 29898568.4147003, "log_pop": 5.102591, "log_mass": 7.47565, "log_pop_c": -0.043014, "log_mass_c": -0.078501, "lat": 10.9779474612145, "lon": -63.8605935996281}, {"country_iso": "VEN", "city_id": 935, "city": "Ciudad Bol\u00edvar", "pop_total": 57126.4292922506, "mass_total": 25054769.4489405, "log_pop": 4.756837, "log_mass": 7.39889, "log_pop_c": -0.388769, "log_mass_c": -0.155261, "lat": 8.09460493119749, "lon": -63.5546875385266}, {"country_iso": "VEN", "city_id": 951, "city": "Maturin", "pop_total": 53900.4570472661, "mass_total": 30260008.2947316, "log_pop": 4.731592, "log_mass": 7.480869, "log_pop_c": -0.414013, "log_mass_c": -0.073283, "lat": 9.73923673543576, "lon": -63.20689223454}, {"country_iso": "VEN", "city_id": 957, "city": "Ciudad Guayana", "pop_total": 123084.870750621, "mass_total": 19882317.4632159, "log_pop": 5.090205, "log_mass": 7.298467, "log_pop_c": -0.055401, "log_mass_c": -0.255685, "lat": 8.28304730586762, "lon": -62.7392502432333}]