[{"country_iso": "BEL", "city_id": 2075, "city": "Bredene", "pop_total": 53316.0363769578, "mass_total": 28118477.6467491, "log_pop": 4.726858, "log_mass": 7.448992, "log_pop_c": -0.393391, "log_mass_c": -0.414052, "lat": 51.2237454277016, "lon": 2.93516547573376}, {"country_iso": "BEL", "city_id": 2093, "city": "Kortrijk", "pop_total": 71517.1950419739, "mass_total": 50786391.5003941, "log_pop": 4.85441, "log_mass": 7.705747, "log_pop_c": -0.265839, "log_mass_c": -0.157297, "lat": 50.8418766526819, "lon": 3.29017094913474}, {"country_iso": "BEL", "city_id": 2112, "city": "Ghent", "pop_total": 195748.353737653, "mass_total": 128149901.163232, "log_pop": 5.291698, "log_mass": 8.107718, "log_pop_c": 0.171449, "log_mass_c": 0.244674, "lat": 51.0857958337383, "lon": 3.74824072210823}, {"country_iso": "BEL", "city_id": 2119, "city": "Mons", "pop_total": 62441.1952785819, "mass_total": 38576642.7037335, "log_pop": 4.795471, "log_mass": 7.586324, "log_pop_c": -0.324778, "log_mass_c": -0.27672, "lat": 50.4390533339507, "lon": 3.90051161249205}, {"country_iso": "BEL", "city_id": 2129, "city": "La Louvi\u00e8re", "pop_total": 54722.8195829817, "mass_total": 32642950.5232685, "log_pop": 4.738168, "log_mass": 7.513789, "log_pop_c": -0.382081, "log_mass_c": -0.349255, "lat": 50.4780057370137, "lon": 4.21078817225274}, {"country_iso": "BEL", "city_id": 2133, "city": "Antwerp", "pop_total": 550760.364270803, "mass_total": 300163206.237979, "log_pop": 5.740963, "log_mass": 8.477357, "log_pop_c": 0.620713, "log_mass_c": 0.614313, "lat": 51.2163789371394, "lon": 4.39615063122432}, {"country_iso": "BEL", "city_id": 2135, "city": "Brussels", "pop_total": 1067524.83069637, "mass_total": 323802091.277009, "log_pop": 6.028378, "log_mass": 8.51028, "log_pop_c": 0.908129, "log_mass_c": 0.647235, "lat": 50.8499857348895, "lon": 4.37027486462719}, {"country_iso": "BEL", "city_id": 2142, "city": "Charleroi", "pop_total": 175408.050708653, "mass_total": 106843183.764429, "log_pop": 5.24405, "log_mass": 8.028747, "log_pop_c": 0.1238, "log_mass_c": 0.165703, "lat": 50.4276202460491, "lon": 4.44030083005317}, {"country_iso": "BEL", "city_id": 2149, "city": "Mechelen", "pop_total": 61257.7480357675, "mass_total": 36689765.4769074, "log_pop": 4.787161, "log_mass": 7.564545, "log_pop_c": -0.333088, "log_mass_c": -0.298499, "lat": 51.0508128038894, "lon": 4.48985275781322}, {"country_iso": "BEL", "city_id": 2171, "city": "Leuven", "pop_total": 50370.0779562988, "mass_total": 25623834.9362015, "log_pop": 4.702173, "log_mass": 7.408644, "log_pop_c": -0.418077, "log_mass_c": -0.4544, "lat": 50.8855003898891, "lon": 4.7077800423978}, {"country_iso": "BEL", "city_id": 2208, "city": "Li\u00e8ge", "pop_total": 259066.429928287, "mass_total": 138465749.566517, "log_pop": 5.413411, "log_mass": 8.141342, "log_pop_c": 0.293162, "log_mass_c": 0.278298, "lat": 50.6391215887711, "lon": 5.56221837103548}]