[{"country_iso": "TZA", "city_id": 4120, "city": "Kilima Hewa", "pop_total": 89765.6083540393, "mass_total": 11231638.7449887, "log_pop": 4.95311, "log_mass": 7.050443, "log_pop_c": -0.273716, "log_mass_c": -0.174447, "lat": -4.88189372036276, "lon": 29.6474112108275}, {"country_iso": "TZA", "city_id": 4455, "city": "Tabora", "pop_total": 72823.6733994746, "mass_total": 8875993.31104351, "log_pop": 4.862273, "log_mass": 6.948217, "log_pop_c": -0.364554, "log_mass_c": -0.276673, "lat": -5.01956180879794, "lon": 32.8171919336142}, {"country_iso": "TZA", "city_id": 4470, "city": "Mwanza", "pop_total": 281291.088340228, "mass_total": 24781266.894266, "log_pop": 5.449156, "log_mass": 7.394124, "log_pop_c": 0.22233, "log_mass_c": 0.169234, "lat": -2.53619001442262, "lon": 32.9289817333282}, {"country_iso": "TZA", "city_id": 4498, "city": "Mbeya", "pop_total": 202742.919713366, "mass_total": 23655561.1116285, "log_pop": 5.306946, "log_mass": 7.373933, "log_pop_c": 0.08012, "log_mass_c": 0.149043, "lat": -8.91331212192956, "lon": 33.4794089933415}, {"country_iso": "TZA", "city_id": 4537, "city": "Musoma", "pop_total": 53486.183938479, "mass_total": 4903192.02050737, "log_pop": 4.728242, "log_mass": 6.690479, "log_pop_c": -0.498584, "log_mass_c": -0.534411, "lat": -1.51369583308897, "lon": 33.8061208937182}, {"country_iso": "TZA", "city_id": 4647, "city": "Songea", "pop_total": 53673.3030174648, "mass_total": 5585457.39148025, "log_pop": 4.729758, "log_mass": 6.747059, "log_pop_c": -0.497068, "log_mass_c": -0.477831, "lat": -10.6673886378886, "lon": 35.6466890638137}, {"country_iso": "TZA", "city_id": 4679, "city": "Dodoma", "pop_total": 119087.204295878, "mass_total": 18685272.3390823, "log_pop": 5.075865, "log_mass": 7.271499, "log_pop_c": -0.150961, "log_mass_c": 0.04661, "lat": -6.16613002587497, "lon": 35.7455042995197}, {"country_iso": "TZA", "city_id": 5222, "city": "Dar es Salaam", "pop_total": 3012400.75382304, "mass_total": 204504570.126616, "log_pop": 6.478913, "log_mass": 8.310703, "log_pop_c": 1.252087, "log_mass_c": 1.085813, "lat": -6.82168465506822, "lon": 39.2010075642018}, {"country_iso": "TZA", "city_id": 5249, "city": "Tanga", "pop_total": 126764.143217853, "mass_total": 11264578.5978356, "log_pop": 5.102996, "log_mass": 7.051715, "log_pop_c": -0.12383, "log_mass_c": -0.173175, "lat": -5.08863519988173, "lon": 39.1002600006773}, {"country_iso": "TZA", "city_id": 5262, "city": "Zanzibar City", "pop_total": 381068.172517956, "mass_total": 25746996.9317743, "log_pop": 5.581003, "log_mass": 7.410727, "log_pop_c": 0.354177, "log_mass_c": 0.185837, "lat": -6.16168755371615, "lon": 39.2284395624901}]