[{"country_iso": "MOZ", "city_id": 4220, "city": "Maputo", "pop_total": 1316959.86260541, "mass_total": 164950767.759815, "log_pop": 6.119573, "log_mass": 8.217354, "log_pop_c": 0.898612, "log_mass_c": 0.854079, "lat": -25.8751888611924, "lon": 32.5542932204662}, {"country_iso": "MOZ", "city_id": 4521, "city": "Beira", "pop_total": 105810.453047225, "mass_total": 16266678.6367494, "log_pop": 5.024529, "log_mass": 7.211299, "log_pop_c": -0.196432, "log_mass_c": -0.151976, "lat": -19.82931046907, "lon": 34.8577499190932}, {"country_iso": "MOZ", "city_id": 4698, "city": "Quelimane", "pop_total": 70342.7834812875, "mass_total": 9508196.18445171, "log_pop": 4.84722, "log_mass": 6.978098, "log_pop_c": -0.373741, "log_mass_c": -0.385177, "lat": -17.8656475823603, "lon": 36.8995639638948}, {"country_iso": "MOZ", "city_id": 5145, "city": "Nampula", "pop_total": 220731.721449957, "mass_total": 25515099.0368506, "log_pop": 5.343865, "log_mass": 7.406797, "log_pop_c": 0.122904, "log_mass_c": 0.043522, "lat": -15.1190527719116, "lon": 39.262396220179}, {"country_iso": "MOZ", "city_id": 5374, "city": NaN, "pop_total": 58832.7151448979, "mass_total": 10065333.8154091, "log_pop": 4.769619, "log_mass": 7.002828, "log_pop_c": -0.451342, "log_mass_c": -0.360447, "lat": NaN, "lon": NaN}]