[{"country_iso": "NZL", "city_id": 13071, "city": "Christchurch", "pop_total": 188187.827742148, "mass_total": 87618592.4009707, "log_pop": 5.274592, "log_mass": 7.942596, "log_pop_c": 0.106464, "log_mass_c": 0.152169, "lat": -43.5254151409305, "lon": 172.621462249597}, {"country_iso": "NZL", "city_id": 13121, "city": "Wellington", "pop_total": 65218.3037272714, "mass_total": 22445132.5793606, "log_pop": 4.814369, "log_mass": 7.351122, "log_pop_c": -0.353758, "log_mass_c": -0.439306, "lat": -41.3056955928229, "lon": 174.786060461521}, {"country_iso": "NZL", "city_id": 13127, "city": "Hamilton", "pop_total": 98913.5237522402, "mass_total": 44231750.1877288, "log_pop": 4.995256, "log_mass": 7.645734, "log_pop_c": -0.172872, "log_mass_c": -0.144694, "lat": -37.7738051551153, "lon": 175.271248526758}, {"country_iso": "NZL", "city_id": 13129, "city": "Auckland", "pop_total": 798627.947483954, "mass_total": 300583240.532713, "log_pop": 5.902345, "log_mass": 8.477965, "log_pop_c": 0.734217, "log_mass_c": 0.687537, "lat": -36.9201783668208, "lon": 174.796515852377}, {"country_iso": "NZL", "city_id": 13130, "city": "Hillcrest", "pop_total": 166717.94198283, "mass_total": 62270504.22539, "log_pop": 5.221982, "log_mass": 7.794282, "log_pop_c": 0.053855, "log_mass_c": 0.003855, "lat": -36.7711554126758, "lon": 174.74415907106}, {"country_iso": "NZL", "city_id": 13131, "city": "Tauranga", "pop_total": 63127.6340793027, "mass_total": 33952120.4330111, "log_pop": 4.80022, "log_mass": 7.530867, "log_pop_c": -0.367908, "log_mass_c": -0.259561, "lat": -37.6840895310494, "lon": 176.183685597926}]