[{"country_iso": "COD", "city_id": 3089, "city": "Matadi", "pop_total": 52011.6498252719, "mass_total": 10328109.9025204, "log_pop": 4.716101, "log_mass": 7.014021, "log_pop_c": -0.697921, "log_mass_c": -0.384825, "lat": -5.83382539240647, "lon": 13.4633391012531}, {"country_iso": "COD", "city_id": 3209, "city": "Kinshasa", "pop_total": 3943188.20686077, "mass_total": 179662326.96471, "log_pop": 6.595848, "log_mass": 8.254457, "log_pop_c": 1.181826, "log_mass_c": 0.855611, "lat": -4.39663513829622, "lon": 15.3192104265347}, {"country_iso": "COD", "city_id": 3486, "city": "Kananga", "pop_total": 50112.9396724701, "mass_total": 5583897.76303675, "log_pop": 4.69995, "log_mass": 6.746937, "log_pop_c": -0.714072, "log_mass_c": -0.651908, "lat": -5.89575911621081, "lon": 22.4134547093862}, {"country_iso": "COD", "city_id": 3541, "city": "Mbuji-Mayi", "pop_total": 938245.771243971, "mass_total": 18370221.0013922, "log_pop": 5.972317, "log_mass": 7.264114, "log_pop_c": 0.558295, "log_mass_c": -0.134731, "lat": -6.12231509164529, "lon": 23.6025452157602}, {"country_iso": "COD", "city_id": 3625, "city": "Kisangani", "pop_total": 177910.706193558, "mass_total": 30330073.0084963, "log_pop": 5.250202, "log_mass": 7.481873, "log_pop_c": -0.163819, "log_mass_c": 0.083028, "lat": 0.520848597389806, "lon": 25.1902468161294}, {"country_iso": "COD", "city_id": 3663, "city": "Kindu", "pop_total": 102145.645156468, "mass_total": 15024847.938154, "log_pop": 5.00922, "log_mass": 7.17681, "log_pop_c": -0.404802, "log_mass_c": -0.222036, "lat": -2.94704129298517, "lon": 25.9257035620362}, {"country_iso": "COD", "city_id": 3709, "city": "Likasi", "pop_total": 130557.101203986, "mass_total": 22701597.8362128, "log_pop": 5.1158, "log_mass": 7.356056, "log_pop_c": -0.298221, "log_mass_c": -0.042789, "lat": -10.9916507903929, "lon": 26.7359598716267}, {"country_iso": "COD", "city_id": 3756, "city": "Lubumbashi", "pop_total": 1115266.68414174, "mass_total": 117892863.180686, "log_pop": 6.047379, "log_mass": 8.071488, "log_pop_c": 0.633357, "log_mass_c": 0.672642, "lat": -11.6566705448837, "lon": 27.485051590571}, {"country_iso": "COD", "city_id": 4007, "city": "Bukavu", "pop_total": 338363.763030325, "mass_total": 20177803.8872726, "log_pop": 5.529384, "log_mass": 7.304874, "log_pop_c": 0.115362, "log_mass_c": -0.093972, "lat": -2.5069821276804, "lon": 28.864351297539}, {"country_iso": "COD", "city_id": 4052, "city": "Goma", "pop_total": 198351.870875579, "mass_total": 32742139.6627164, "log_pop": 5.297436, "log_mass": 7.515107, "log_pop_c": -0.116585, "log_mass_c": 0.116261, "lat": -1.66642780570418, "lon": 29.2385398826094}, {"country_iso": "COD", "city_id": 4077, "city": "Butembo", "pop_total": 124739.694915397, "mass_total": 28869918.9685942, "log_pop": 5.096005, "log_mass": 7.460446, "log_pop_c": -0.318017, "log_mass_c": 0.0616, "lat": 0.121013182116925, "lon": 29.2993305307221}, {"country_iso": "COD", "city_id": 4099, "city": "Beni", "pop_total": 435129.027372442, "mass_total": 13802713.8479622, "log_pop": 5.638618, "log_mass": 7.139964, "log_pop_c": 0.224596, "log_mass_c": -0.258881, "lat": 0.497250670882287, "lon": 29.4652294358158}]