[{"country_iso": "DEU", "city_id": 2245, "city": "Aachen", "pop_total": 114741.231244074, "mass_total": 60126788.1580043, "log_pop": 5.05972, "log_mass": 7.779068, "log_pop_c": -0.14895, "log_mass_c": -0.137981, "lat": 50.7852082314574, "lon": 6.10484348280664}, {"country_iso": "DEU", "city_id": 2272, "city": "M\u00f6nchengladbach", "pop_total": 115135.061935962, "mass_total": 58504051.3972235, "log_pop": 5.061208, "log_mass": 7.767186, "log_pop_c": -0.147462, "log_mass_c": -0.149863, "lat": 51.1776798423315, "lon": 6.44122889929167}, {"country_iso": "DEU", "city_id": 2276, "city": "Dortmund", "pop_total": 2076854.29299785, "mass_total": 1027651298.03741, "log_pop": 6.317406, "log_mass": 9.011846, "log_pop_c": 1.108737, "log_mass_c": 1.094797, "lat": 51.4891964113944, "lon": 7.06808517487395}, {"country_iso": "DEU", "city_id": 2288, "city": "Dusseldorf", "pop_total": 470247.227085004, "mass_total": 219943206.999332, "log_pop": 5.672326, "log_mass": 8.342311, "log_pop_c": 0.463657, "log_mass_c": 0.425262, "lat": 51.2207618448804, "lon": 6.77437237915463}, {"country_iso": "DEU", "city_id": 2310, "city": "Cologne", "pop_total": 892743.717960401, "mass_total": 424322658.954854, "log_pop": 5.950727, "log_mass": 8.627696, "log_pop_c": 0.742058, "log_mass_c": 0.710647, "lat": 50.933017638173, "lon": 6.97973275764212}, {"country_iso": "DEU", "city_id": 2317, "city": "Wuppertal", "pop_total": 318302.127174874, "mass_total": 152176566.335161, "log_pop": 5.50284, "log_mass": 8.182348, "log_pop_c": 0.29417, "log_mass_c": 0.265299, "lat": 51.2210084246184, "lon": 7.0968102958295}, {"country_iso": "DEU", "city_id": 2325, "city": "Saarbruecken", "pop_total": 72607.6823104615, "mass_total": 51520615.8457654, "log_pop": 4.860983, "log_mass": 7.711981, "log_pop_c": -0.347687, "log_mass_c": -0.205068, "lat": 49.237837942992, "lon": 6.94864057648573}, {"country_iso": "DEU", "city_id": 2329, "city": "Bonn", "pop_total": 233938.828208873, "mass_total": 101732517.823489, "log_pop": 5.369102, "log_mass": 8.00746, "log_pop_c": 0.160433, "log_mass_c": 0.090411, "lat": 50.7359816144292, "lon": 7.13073178772712}, {"country_iso": "DEU", "city_id": 2353, "city": "Hagen", "pop_total": 126926.821136085, "mass_total": 71765682.4403773, "log_pop": 5.103553, "log_mass": 7.855917, "log_pop_c": -0.105116, "log_mass_c": -0.061132, "lat": 51.3729111930299, "lon": 7.54038347494201}, {"country_iso": "DEU", "city_id": 2359, "city": "M\u00fcnster", "pop_total": 123531.057038065, "mass_total": 60049480.1945001, "log_pop": 5.091776, "log_mass": 7.778509, "log_pop_c": -0.116893, "log_mass_c": -0.13854, "lat": 51.9498021315665, "lon": 7.6276921018719}, {"country_iso": "DEU", "city_id": 2369, "city": "Koblenz", "pop_total": 74015.2632547832, "mass_total": 47544760.5553504, "log_pop": 4.869321, "log_mass": 7.677103, "log_pop_c": -0.339348, "log_mass_c": -0.239946, "lat": 50.373633767664, "lon": 7.58081503940923}, {"country_iso": "DEU", "city_id": 2389, "city": "Osnabr\u00fcck", "pop_total": 65136.1937008923, "mass_total": 42530568.1362239, "log_pop": 4.813822, "log_mass": 7.628701, "log_pop_c": -0.394847, "log_mass_c": -0.288348, "lat": 52.2803883588351, "lon": 8.04679632572798}, {"country_iso": "DEU", "city_id": 2395, "city": "Oldenburg", "pop_total": 82183.0112992881, "mass_total": 39929982.2243576, "log_pop": 4.914782, "log_mass": 7.601299, "log_pop_c": -0.293887, "log_mass_c": -0.31575, "lat": 53.1436617245079, "lon": 8.21377965064477}, {"country_iso": "DEU", "city_id": 2408, "city": "Freiburg im Breisgau", "pop_total": 99233.3952701419, "mass_total": 36454209.455505, "log_pop": 4.996658, "log_mass": 7.561748, "log_pop_c": -0.212011, "log_mass_c": -0.355301, "lat": 48.002398166223, "lon": 7.83648541038448}, {"country_iso": "DEU", "city_id": 2417, "city": "Bremerhaven", "pop_total": 69110.6580228357, "mass_total": 44915941.2102722, "log_pop": 4.839545, "log_mass": 7.652401, "log_pop_c": -0.369124, "log_mass_c": -0.264648, "lat": 53.5595821301032, "lon": 8.57671331569739}, {"country_iso": "DEU", "city_id": 2423, "city": "Wiesbaden", "pop_total": 240119.121915395, "mass_total": 108801239.011901, "log_pop": 5.380427, "log_mass": 8.036634, "log_pop_c": 0.171758, "log_mass_c": 0.119585, "lat": 50.0181878627355, "lon": 8.24489916131479}, {"country_iso": "DEU", "city_id": 2432, "city": "Bielefeld", "pop_total": 131012.09577015, "mass_total": 64547384.8565058, "log_pop": 5.117311, "log_mass": 7.809879, "log_pop_c": -0.091358, "log_mass_c": -0.10717, "lat": 52.020500177932, "lon": 8.55312909793423}, {"country_iso": "DEU", "city_id": 2439, "city": "Bremen", "pop_total": 234760.426073883, "mass_total": 132808685.31161, "log_pop": 5.370625, "log_mass": 8.123226, "log_pop_c": 0.161956, "log_mass_c": 0.206178, "lat": 53.0792416892236, "lon": 8.83280226460898}, {"country_iso": "DEU", "city_id": 2441, "city": "Karlsruhe", "pop_total": 161456.521737935, "mass_total": 82268229.7180026, "log_pop": 5.208056, "log_mass": 7.915232, "log_pop_c": -0.000614, "log_mass_c": -0.001817, "lat": 49.0150817192961, "lon": 8.39095549977363}, {"country_iso": "DEU", "city_id": 2442, "city": "Mannheim", "pop_total": 303915.511441536, "mass_total": 172147256.264833, "log_pop": 5.482753, "log_mass": 8.2359, "log_pop_c": 0.274084, "log_mass_c": 0.318851, "lat": 49.490501399725, "lon": 8.46707677337286}, {"country_iso": "DEU", "city_id": 2445, "city": "Frankfurt am Main", "pop_total": 571932.966367566, "mass_total": 269490985.251999, "log_pop": 5.757345, "log_mass": 8.430544, "log_pop_c": 0.548676, "log_mass_c": 0.513495, "lat": 50.1207153243842, "lon": 8.68166070022941}, {"country_iso": "DEU", "city_id": 2448, "city": "Paderborn", "pop_total": 56851.0946152163, "mass_total": 36378157.0316133, "log_pop": 4.754739, "log_mass": 7.560841, "log_pop_c": -0.45393, "log_mass_c": -0.356208, "lat": 51.7280631395763, "lon": 8.74742570975258}, {"country_iso": "DEU", "city_id": 2461, "city": "Darmstadt", "pop_total": 68740.6891019886, "mass_total": 38366215.3591375, "log_pop": 4.837214, "log_mass": 7.583949, "log_pop_c": -0.371455, "log_mass_c": -0.3331, "lat": 49.8842643567375, "lon": 8.6428016875581}, {"country_iso": "DEU", "city_id": 2467, "city": "Heidelberg", "pop_total": 101418.540332441, "mass_total": 42979503.9931414, "log_pop": 5.006117, "log_mass": 7.633261, "log_pop_c": -0.202552, "log_mass_c": -0.283788, "lat": 49.3865137670153, "lon": 8.6654730781645}, {"country_iso": "DEU", "city_id": 2514, "city": "Stuttgart", "pop_total": 543334.057786932, "mass_total": 231741618.600155, "log_pop": 5.735067, "log_mass": 8.365004, "log_pop_c": 0.526398, "log_mass_c": 0.447955, "lat": 48.8067538702343, "lon": 9.20268660441326}, {"country_iso": "DEU", "city_id": 2523, "city": "Hanover", "pop_total": 370350.942239807, "mass_total": 193127193.610679, "log_pop": 5.568613, "log_mass": 8.285843, "log_pop_c": 0.359944, "log_mass_c": 0.368794, "lat": 52.3854126899349, "lon": 9.74924330289372}, {"country_iso": "DEU", "city_id": 2524, "city": "Kassel", "pop_total": 132930.401790352, "mass_total": 69014846.1305946, "log_pop": 5.123624, "log_mass": 7.838943, "log_pop_c": -0.085045, "log_mass_c": -0.078106, "lat": 51.3110282605772, "lon": 9.49314868397719}, {"country_iso": "DEU", "city_id": 2527, "city": "Heilbronn", "pop_total": 70894.48725378, "mass_total": 42914508.8286948, "log_pop": 4.850612, "log_mass": 7.632604, "log_pop_c": -0.358057, "log_mass_c": -0.284445, "lat": 49.1726680059967, "lon": 9.21142131602248}, {"country_iso": "DEU", "city_id": 2531, "city": "Hamburg", "pop_total": 947410.392926524, "mass_total": 414050983.095333, "log_pop": 5.976538, "log_mass": 8.617054, "log_pop_c": 0.767869, "log_mass_c": 0.700005, "lat": 53.5741626349631, "lon": 9.99361953138307}, {"country_iso": "DEU", "city_id": 2533, "city": "Reutlingen", "pop_total": 62471.7046556548, "mass_total": 30176145.3863031, "log_pop": 4.795683, "log_mass": 7.479664, "log_pop_c": -0.412986, "log_mass_c": -0.437385, "lat": 48.4959809222671, "lon": 9.20212401617785}, {"country_iso": "DEU", "city_id": 2554, "city": "Kiel", "pop_total": 112738.168641873, "mass_total": 53752604.8463948, "log_pop": 5.052071, "log_mass": 7.7304, "log_pop_c": -0.156598, "log_mass_c": -0.186649, "lat": 54.3410152734001, "lon": 10.1267518570455}, {"country_iso": "DEU", "city_id": 2585, "city": "G\u00f6ttingen", "pop_total": 54703.9822282511, "mass_total": 26435137.2003521, "log_pop": 4.738019, "log_mass": 7.422182, "log_pop_c": -0.47065, "log_mass_c": -0.494867, "lat": 51.5379735850768, "lon": 9.92301193216732}, {"country_iso": "DEU", "city_id": 2612, "city": "W\u00fcrzburg", "pop_total": 69708.2416914641, "mass_total": 38979880.6168236, "log_pop": 4.843284, "log_mass": 7.590841, "log_pop_c": -0.365385, "log_mass_c": -0.326208, "lat": 49.7965890281996, "lon": 9.9334276007581}, {"country_iso": "DEU", "city_id": 2630, "city": "L\u00fcbeck", "pop_total": 85939.9011455429, "mass_total": 47633209.4552782, "log_pop": 4.934195, "log_mass": 7.67791, "log_pop_c": -0.274474, "log_mass_c": -0.239139, "lat": 53.8700007670983, "lon": 10.6746645790265}, {"country_iso": "DEU", "city_id": 2637, "city": "Ulm", "pop_total": 53326.5049767775, "mass_total": 33417836.7465017, "log_pop": 4.726943, "log_mass": 7.523978, "log_pop_c": -0.481726, "log_mass_c": -0.393071, "lat": 48.402562485904, "lon": 9.99047316840164}, {"country_iso": "DEU", "city_id": 2641, "city": "Brunswick", "pop_total": 108955.134493611, "mass_total": 61001238.69006, "log_pop": 5.037248, "log_mass": 7.785339, "log_pop_c": -0.171421, "log_mass_c": -0.13171, "lat": 52.2697732529591, "lon": 10.5249791721891}, {"country_iso": "DEU", "city_id": 2713, "city": "Erfurt", "pop_total": 79551.0021380592, "mass_total": 47812911.8228975, "log_pop": 4.900646, "log_mass": 7.679545, "log_pop_c": -0.308023, "log_mass_c": -0.237504, "lat": 50.9889102727378, "lon": 11.0325420284858}, {"country_iso": "DEU", "city_id": 2730, "city": "Nuremberg", "pop_total": 373412.28657185, "mass_total": 177401978.96826, "log_pop": 5.572189, "log_mass": 8.248958, "log_pop_c": 0.363519, "log_mass_c": 0.331909, "lat": 49.4515858346374, "lon": 11.0467197090611}, {"country_iso": "DEU", "city_id": 2734, "city": "Augsburg", "pop_total": 193658.001787515, "mass_total": 82464553.0076195, "log_pop": 5.287035, "log_mass": 7.916267, "log_pop_c": 0.078366, "log_mass_c": -0.000782, "lat": 48.3638825918633, "lon": 10.8913640021314}, {"country_iso": "DEU", "city_id": 2748, "city": "Magdeburg", "pop_total": 125076.739789247, "mass_total": 74403364.2052269, "log_pop": 5.097177, "log_mass": 7.871593, "log_pop_c": -0.111493, "log_mass_c": -0.045456, "lat": 52.1354513112128, "lon": 11.6361349540867}, {"country_iso": "DEU", "city_id": 2753, "city": "Rostock", "pop_total": 99853.0872424528, "mass_total": 55401716.9244107, "log_pop": 4.999361, "log_mass": 7.743523, "log_pop_c": -0.209308, "log_mass_c": -0.173526, "lat": 54.1238296919348, "lon": 12.1069506871688}, {"country_iso": "DEU", "city_id": 2771, "city": "Ingolstadt", "pop_total": 58200.8390747285, "mass_total": 34802232.2397857, "log_pop": 4.764929, "log_mass": 7.541607, "log_pop_c": -0.44374, "log_mass_c": -0.375442, "lat": 48.7614459645064, "lon": 11.4318341110829}, {"country_iso": "DEU", "city_id": 2782, "city": "Halle (Saale)", "pop_total": 120866.243146271, "mass_total": 59816859.0095355, "log_pop": 5.082305, "log_mass": 7.776824, "log_pop_c": -0.126364, "log_mass_c": -0.140225, "lat": 51.4746736900526, "lon": 11.9665896232935}, {"country_iso": "DEU", "city_id": 2784, "city": "Munich", "pop_total": 1004022.50760473, "mass_total": 282168472.576798, "log_pop": 6.001743, "log_mass": 8.450508, "log_pop_c": 0.793074, "log_mass_c": 0.53346, "lat": 48.1380393918396, "lon": 11.5634470215025}, {"country_iso": "DEU", "city_id": 2806, "city": "Leipzig", "pop_total": 279261.995892919, "mass_total": 145203348.327792, "log_pop": 5.446012, "log_mass": 8.161977, "log_pop_c": 0.237343, "log_mass_c": 0.244928, "lat": 51.3402167209356, "lon": 12.3671529668881}, {"country_iso": "DEU", "city_id": 2818, "city": "Regensburg", "pop_total": 84127.9601896949, "mass_total": 45884195.311427, "log_pop": 4.92494, "log_mass": 7.661663, "log_pop_c": -0.283729, "log_mass_c": -0.255386, "lat": 49.0196973963934, "lon": 12.1082716983993}, {"country_iso": "DEU", "city_id": 2849, "city": "Potsdam", "pop_total": 62371.0418051495, "mass_total": 31576642.531737, "log_pop": 4.794983, "log_mass": 7.499366, "log_pop_c": -0.413686, "log_mass_c": -0.417683, "lat": 52.389244998639, "lon": 13.0771050625451}, {"country_iso": "DEU", "city_id": 2851, "city": "Berlin", "pop_total": 2265695.04228579, "mass_total": 780197490.756346, "log_pop": 6.355201, "log_mass": 8.892205, "log_pop_c": 1.146532, "log_mass_c": 0.975156, "lat": 52.5070324855265, "lon": 13.4098100216572}, {"country_iso": "DEU", "city_id": 2852, "city": "Chemnitz", "pop_total": 94172.6410559107, "mass_total": 55529364.5358534, "log_pop": 4.973925, "log_mass": 7.744523, "log_pop_c": -0.234744, "log_mass_c": -0.172526, "lat": 50.8257311233565, "lon": 12.9087203936001}, {"country_iso": "DEU", "city_id": 2887, "city": "Dresden", "pop_total": 325652.605911077, "mass_total": 158157785.274183, "log_pop": 5.512755, "log_mass": 8.199091, "log_pop_c": 0.304085, "log_mass_c": 0.282042, "lat": 51.0556629859801, "lon": 13.737443543343}]