[{"country_iso": "CAN", "city_id": 160, "city": "Victoria", "pop_total": 178793.719764923, "mass_total": 74574513.7497408, "log_pop": 5.252352, "log_mass": 7.87259, "log_pop_c": 0.093477, "log_mass_c": 0.078989, "lat": 48.4509949817363, "lon": -123.361265741553}, {"country_iso": "CAN", "city_id": 173, "city": "Nanaimo", "pop_total": 50298.9919654082, "mass_total": 32562239.9835983, "log_pop": 4.701559, "log_mass": 7.512714, "log_pop_c": -0.457316, "log_mass_c": -0.280887, "lat": 49.1994862441959, "lon": -123.985623477202}, {"country_iso": "CAN", "city_id": 187, "city": "Vancouver", "pop_total": 1591017.46392928, "mass_total": 545262453.992521, "log_pop": 6.201675, "log_mass": 8.736606, "log_pop_c": 1.0428, "log_mass_c": 0.943004, "lat": 49.2293463064478, "lon": -122.985226167521}, {"country_iso": "CAN", "city_id": 194, "city": "White Rock", "pop_total": 60649.4457726472, "mass_total": 24534399.5705357, "log_pop": 4.782827, "log_mass": 7.389775, "log_pop_c": -0.376048, "log_mass_c": -0.403826, "lat": 49.0414278605823, "lon": -122.815056027573}, {"country_iso": "CAN", "city_id": 199, "city": "Langley", "pop_total": 77788.8698844938, "mass_total": 31770520.4409688, "log_pop": 4.890917, "log_mass": 7.502024, "log_pop_c": -0.267958, "log_mass_c": -0.291577, "lat": 49.1089371476309, "lon": -122.691394042736}, {"country_iso": "CAN", "city_id": 204, "city": "Maple Ridge", "pop_total": 58228.7225676967, "mass_total": 22672112.8563341, "log_pop": 4.765137, "log_mass": 7.355492, "log_pop_c": -0.393738, "log_mass_c": -0.438109, "lat": 49.2172676541065, "lon": -122.624347143122}, {"country_iso": "CAN", "city_id": 205, "city": "Abbotsford", "pop_total": 85626.8429497847, "mass_total": 34465457.4132099, "log_pop": 4.93261, "log_mass": 7.537384, "log_pop_c": -0.226265, "log_mass_c": -0.256217, "lat": 49.0522352798494, "lon": -122.307172567998}, {"country_iso": "CAN", "city_id": 361, "city": "Midnapore", "pop_total": 71570.2708862328, "mass_total": 22387119.4640337, "log_pop": 4.854733, "log_mass": 7.349998, "log_pop_c": -0.304142, "log_mass_c": -0.443603, "lat": 50.900752736539, "lon": -114.070326313308}, {"country_iso": "CAN", "city_id": 362, "city": "Calgary", "pop_total": 784122.67730454, "mass_total": 349008527.293239, "log_pop": 5.894384, "log_mass": 8.542836, "log_pop_c": 0.735509, "log_mass_c": 0.749235, "lat": 51.0397373881991, "lon": -114.070454623758}, {"country_iso": "CAN", "city_id": 389, "city": "Red Deer", "pop_total": 68578.1898419254, "mass_total": 39971233.9184662, "log_pop": 4.836186, "log_mass": 7.601748, "log_pop_c": -0.322689, "log_mass_c": -0.191854, "lat": 52.2741234229938, "lon": -113.805605381529}, {"country_iso": "CAN", "city_id": 403, "city": "Edmonton", "pop_total": 751686.340183712, "mass_total": 419130643.772029, "log_pop": 5.876037, "log_mass": 8.622349, "log_pop_c": 0.717162, "log_mass_c": 0.828748, "lat": 53.5420619809045, "lon": -113.485657943195}, {"country_iso": "CAN", "city_id": 457, "city": "Regina", "pop_total": 156896.436889636, "mass_total": 81385739.9843092, "log_pop": 5.195613, "log_mass": 7.910548, "log_pop_c": 0.036738, "log_mass_c": 0.116947, "lat": 50.4562255214735, "lon": -104.607831820075}, {"country_iso": "CAN", "city_id": 462, "city": "Saskatoon", "pop_total": 181986.647951345, "mass_total": 87612223.7136589, "log_pop": 5.26004, "log_mass": 7.942565, "log_pop_c": 0.101164, "log_mass_c": 0.148963, "lat": 52.1322922356016, "lon": -106.643846337963}, {"country_iso": "CAN", "city_id": 625, "city": "Winnipeg", "pop_total": 546003.081815335, "mass_total": 249957394.695595, "log_pop": 5.737195, "log_mass": 8.397866, "log_pop_c": 0.57832, "log_mass_c": 0.604265, "lat": 49.8795053916761, "lon": -97.1510702560531}, {"country_iso": "CAN", "city_id": 773, "city": "Thunder Bay", "pop_total": 62582.7734747807, "mass_total": 35740771.8274581, "log_pop": 4.796455, "log_mass": 7.553164, "log_pop_c": -0.36242, "log_mass_c": -0.240438, "lat": 48.4124062020101, "lon": -89.2524105003269}, {"country_iso": "CAN", "city_id": 812, "city": "Sarnia", "pop_total": 75261.4818446381, "mass_total": 58254482.8131144, "log_pop": 4.876573, "log_mass": 7.765329, "log_pop_c": -0.282302, "log_mass_c": -0.028272, "lat": 42.9788778989772, "lon": -82.4095544339785}, {"country_iso": "CAN", "city_id": 834, "city": "London", "pop_total": 254334.909505723, "mass_total": 103062403.734899, "log_pop": 5.405406, "log_mass": 8.0131, "log_pop_c": 0.246531, "log_mass_c": 0.219499, "lat": 42.9843969376611, "lon": -81.2423179668568}, {"country_iso": "CAN", "city_id": 837, "city": "Sault Ste. Marie", "pop_total": 53841.0847371405, "mass_total": 39311764.5180947, "log_pop": 4.731114, "log_mass": 7.594523, "log_pop_c": -0.427761, "log_mass_c": -0.199079, "lat": 46.5148161588378, "lon": -84.338137228953}, {"country_iso": "CAN", "city_id": 865, "city": "Kitchener", "pop_total": 235703.93070249, "mass_total": 92910904.0622975, "log_pop": 5.372367, "log_mass": 7.968067, "log_pop_c": 0.213492, "log_mass_c": 0.174465, "lat": 43.448109204488, "lon": -80.49865773625}, {"country_iso": "CAN", "city_id": 866, "city": "Brantford", "pop_total": 68621.26636193, "mass_total": 30252999.103269, "log_pop": 4.836459, "log_mass": 7.480768, "log_pop_c": -0.322416, "log_mass_c": -0.312833, "lat": 43.1559444485059, "lon": -80.2580965745034}, {"country_iso": "CAN", "city_id": 870, "city": "Cambridge", "pop_total": 90458.2712851582, "mass_total": 39745242.2451932, "log_pop": 4.956448, "log_mass": 7.599285, "log_pop_c": -0.202427, "log_mass_c": -0.194316, "lat": 43.387888346018, "lon": -80.3135264255339}, {"country_iso": "CAN", "city_id": 873, "city": "Guelph", "pop_total": 78972.9287869668, "mass_total": 35645814.7337241, "log_pop": 4.897478, "log_mass": 7.552009, "log_pop_c": -0.261397, "log_mass_c": -0.241593, "lat": 43.5408747555231, "lon": -80.2541010138355}, {"country_iso": "CAN", "city_id": 875, "city": "Toronto", "pop_total": 4834870.44350714, "mass_total": 1644327646.17414, "log_pop": 6.684385, "log_mass": 9.215988, "log_pop_c": 1.52551, "log_mass_c": 1.422387, "lat": 43.6527873081482, "lon": -79.5344621884505}, {"country_iso": "CAN", "city_id": 881, "city": "Milton", "pop_total": 65776.2646081104, "mass_total": 26155118.5309284, "log_pop": 4.818069, "log_mass": 7.417557, "log_pop_c": -0.340806, "log_mass_c": -0.376045, "lat": 43.5163866889253, "lon": -79.8711163585108}, {"country_iso": "CAN", "city_id": 885, "city": "St. Catharines", "pop_total": 113721.409947748, "mass_total": 58328592.6267962, "log_pop": 5.055842, "log_mass": 7.765881, "log_pop_c": -0.103033, "log_mass_c": -0.02772, "lat": 43.1667121135585, "lon": -79.233767440694}, {"country_iso": "CAN", "city_id": 893, "city": "Newmarket", "pop_total": 103402.375881081, "mass_total": 40018006.2152921, "log_pop": 5.014531, "log_mass": 7.602255, "log_pop_c": -0.144345, "log_mass_c": -0.191346, "lat": 44.0326762131973, "lon": -79.4612604356774}, {"country_iso": "CAN", "city_id": 894, "city": "Barrie", "pop_total": 92354.9228959629, "mass_total": 38811868.2764656, "log_pop": 4.96546, "log_mass": 7.588965, "log_pop_c": -0.193415, "log_mass_c": -0.204637, "lat": 44.3723361577381, "lon": -79.6842964988858}, {"country_iso": "CAN", "city_id": 899, "city": "Oshawa", "pop_total": 220594.310099745, "mass_total": 90955619.067699, "log_pop": 5.343594, "log_mass": 7.95883, "log_pop_c": 0.184719, "log_mass_c": 0.165228, "lat": 43.8950998743967, "lon": -78.8828577064029}, {"country_iso": "CAN", "city_id": 959, "city": "Kingston", "pop_total": 73245.2770642128, "mass_total": 31457729.8116663, "log_pop": 4.86478, "log_mass": 7.497727, "log_pop_c": -0.294095, "log_mass_c": -0.295874, "lat": 44.2460765148109, "lon": -76.5368142399194}, {"country_iso": "CAN", "city_id": 985, "city": "Kanata", "pop_total": 57005.984027408, "mass_total": 18991608.8474843, "log_pop": 4.75592, "log_mass": 7.278562, "log_pop_c": -0.402955, "log_mass_c": -0.51504, "lat": 45.3144532497447, "lon": -75.8980591881814}, {"country_iso": "CAN", "city_id": 988, "city": "Honey Gables", "pop_total": 59993.8031836593, "mass_total": 15600981.460716, "log_pop": 4.778106, "log_mass": 7.193152, "log_pop_c": -0.380769, "log_mass_c": -0.60045, "lat": 45.2791408717227, "lon": -75.7284241828091}, {"country_iso": "CAN", "city_id": 989, "city": "Ottawa", "pop_total": 544914.80010274, "mass_total": 195419930.386824, "log_pop": 5.736329, "log_mass": 8.290969, "log_pop_c": 0.577454, "log_mass_c": 0.497367, "lat": 45.4178367462518, "lon": -75.6940887198163}, {"country_iso": "CAN", "city_id": 1002, "city": "Orl\u00e9ans", "pop_total": 83134.0124572942, "mass_total": 25090207.3892488, "log_pop": 4.919779, "log_mass": 7.399504, "log_pop_c": -0.239096, "log_mass_c": -0.394097, "lat": 45.4654034379753, "lon": -75.5030699996273}, {"country_iso": "CAN", "city_id": 1017, "city": "Montreal", "pop_total": 2506255.01699435, "mass_total": 856531330.586332, "log_pop": 6.399025, "log_mass": 8.932743, "log_pop_c": 1.24015, "log_mass_c": 1.139142, "lat": 45.5328091394733, "lon": -73.6683041991287}, {"country_iso": "CAN", "city_id": 1026, "city": "Terrebonne", "pop_total": 67707.2271184083, "mass_total": 27500582.1150475, "log_pop": 4.830635, "log_mass": 7.439342, "log_pop_c": -0.32824, "log_mass_c": -0.35426, "lat": 45.7188791633833, "lon": -73.6337693518574}, {"country_iso": "CAN", "city_id": 1027, "city": "Saint-Jean-sur-Richelieu", "pop_total": 55599.4020298373, "mass_total": 26941370.0647348, "log_pop": 4.74507, "log_mass": 7.43042, "log_pop_c": -0.413805, "log_mass_c": -0.363182, "lat": 45.3212937220271, "lon": -73.2707453278553}, {"country_iso": "CAN", "city_id": 1030, "city": "Repentigny", "pop_total": 79994.3679718897, "mass_total": 30092854.8177962, "log_pop": 4.903059, "log_mass": 7.478463, "log_pop_c": -0.255816, "log_mass_c": -0.315138, "lat": 45.750202978794, "lon": -73.4601299500472}, {"country_iso": "CAN", "city_id": 1041, "city": "Sherbrooke", "pop_total": 84330.9497112815, "mass_total": 37145522.0921995, "log_pop": 4.925987, "log_mass": 7.569906, "log_pop_c": -0.232888, "log_mass_c": -0.223695, "lat": 45.3968904496268, "lon": -71.9197231432923}, {"country_iso": "CAN", "city_id": 1044, "city": "Trois-Rivi\u00e8res", "pop_total": 80322.0530717396, "mass_total": 43088500.3491565, "log_pop": 4.904835, "log_mass": 7.634361, "log_pop_c": -0.25404, "log_mass_c": -0.15924, "lat": 46.3521981421883, "lon": -72.5566467682663}, {"country_iso": "CAN", "city_id": 1048, "city": "Quebec", "pop_total": 456129.108335066, "mass_total": 190890798.404962, "log_pop": 5.659088, "log_mass": 8.280785, "log_pop_c": 0.500213, "log_mass_c": 0.487184, "lat": 46.8204637497046, "lon": -71.2717070996878}, {"country_iso": "CAN", "city_id": 1115, "city": "Halifax", "pop_total": 143159.299041745, "mass_total": 57744059.4336121, "log_pop": 5.15582, "log_mass": 7.761507, "log_pop_c": -0.003056, "log_mass_c": -0.032094, "lat": 44.6648326380133, "lon": -63.5803760055239}]