[{"country_iso": "VNM", "city_id": 11115, "city": "Th\u00e1i Nguy\u00ean", "pop_total": 94169.7770697201, "mass_total": 17604757.5683537, "log_pop": 4.973912, "log_mass": 7.24563, "log_pop_c": -0.187306, "log_mass_c": -0.159699, "lat": 21.5898241569472, "lon": 105.834418899026}, {"country_iso": "VNM", "city_id": 11136, "city": "Hanoi", "pop_total": 2964344.80875285, "mass_total": 352370058.916066, "log_pop": 6.471929, "log_mass": 8.546999, "log_pop_c": 1.310711, "log_mass_c": 1.14167, "lat": 21.0372294526379, "lon": 105.858003129872}, {"country_iso": "VNM", "city_id": 11171, "city": "B\u1eafc Ninh", "pop_total": 109176.402575078, "mass_total": 16290663.6660202, "log_pop": 5.038129, "log_mass": 7.211939, "log_pop_c": -0.123089, "log_mass_c": -0.19339, "lat": 21.1847153416453, "lon": 106.069256658443}, {"country_iso": "VNM", "city_id": 11186, "city": "B\u1eafc Giang", "pop_total": 76531.3477483263, "mass_total": 15444368.2665554, "log_pop": 4.883839, "log_mass": 7.18877, "log_pop_c": -0.277379, "log_mass_c": -0.216558, "lat": 21.2933861189611, "lon": 106.213679431873}, {"country_iso": "VNM", "city_id": 11212, "city": "H\u1ea3i D\u01b0\u01a1ng", "pop_total": 152490.072524318, "mass_total": 24185960.2072954, "log_pop": 5.183242, "log_mass": 7.383563, "log_pop_c": 0.022024, "log_mass_c": -0.021765, "lat": 20.932341409295, "lon": 106.292463786705}, {"country_iso": "VNM", "city_id": 11215, "city": "Thanh H\u00f3a", "pop_total": 134953.591233065, "mass_total": 23143885.5372352, "log_pop": 5.130184, "log_mass": 7.364436, "log_pop_c": -0.031033, "log_mass_c": -0.040892, "lat": 19.7951949167114, "lon": 105.782938663229}, {"country_iso": "VNM", "city_id": 11221, "city": "Ninh B\u00ecnh", "pop_total": 59591.9141659475, "mass_total": 11780388.0992177, "log_pop": 4.775187, "log_mass": 7.07116, "log_pop_c": -0.386031, "log_mass_c": -0.334169, "lat": 20.2460119707425, "lon": 105.985657031358}, {"country_iso": "VNM", "city_id": 11236, "city": "Nam \u0110\u1ecbnh", "pop_total": 133608.554373059, "mass_total": 16711285.568272, "log_pop": 5.125834, "log_mass": 7.22301, "log_pop_c": -0.035384, "log_mass_c": -0.182319, "lat": 20.4311252413255, "lon": 106.185056736227}, {"country_iso": "VNM", "city_id": 11265, "city": "Th\u00e1i B\u00ecnh", "pop_total": 83922.6340755649, "mass_total": 15485382.2150247, "log_pop": 4.923879, "log_mass": 7.189922, "log_pop_c": -0.237339, "log_mass_c": -0.215407, "lat": 20.443166683868, "lon": 106.339086386263}, {"country_iso": "VNM", "city_id": 11275, "city": "Haiphong", "pop_total": 594438.377748495, "mass_total": 85898002.4341035, "log_pop": 5.774107, "log_mass": 7.933983, "log_pop_c": 0.612889, "log_mass_c": 0.528654, "lat": 20.8717772432338, "lon": 106.659632613178}, {"country_iso": "VNM", "city_id": 11276, "city": "Vinh", "pop_total": 225461.35020109, "mass_total": 32946076.6917773, "log_pop": 5.353072, "log_mass": 7.517804, "log_pop_c": 0.191854, "log_mass_c": 0.112475, "lat": 18.6902137135803, "lon": 105.675116323662}, {"country_iso": "VNM", "city_id": 11327, "city": "Ha Long", "pop_total": 72013.3042042658, "mass_total": 25348967.9245294, "log_pop": 4.857413, "log_mass": 7.40396, "log_pop_c": -0.303805, "log_mass_c": -0.001368, "lat": 20.9646568908129, "lon": 107.069683218819}, {"country_iso": "VNM", "city_id": 11357, "city": "C\u1ea9m Ph\u1ea3", "pop_total": 57559.7947016407, "mass_total": 18468761.4461201, "log_pop": 4.760119, "log_mass": 7.266438, "log_pop_c": -0.401099, "log_mass_c": -0.138891, "lat": 21.0031418950704, "lon": 107.283023263466}, {"country_iso": "VNM", "city_id": 11441, "city": "Mong Cai", "pop_total": 68166.4371666235, "mass_total": 17016239.0238625, "log_pop": 4.833571, "log_mass": 7.230864, "log_pop_c": -0.327647, "log_mass_c": -0.174465, "lat": 21.5407386331568, "lon": 107.969911198141}, {"country_iso": "VNM", "city_id": 11583, "city": "R\u1ea1ch Gi\u00e1", "pop_total": 110548.802907968, "mass_total": 14091720.3221998, "log_pop": 5.043554, "log_mass": 7.148964, "log_pop_c": -0.117664, "log_mass_c": -0.256365, "lat": 9.97571290637359, "lon": 105.106759193019}, {"country_iso": "VNM", "city_id": 11588, "city": "Hong Ngu", "pop_total": 51675.9284727396, "mass_total": 13345138.7149094, "log_pop": 4.713288, "log_mass": 7.125323, "log_pop_c": -0.44793, "log_mass_c": -0.280005, "lat": 10.6349472441552, "lon": 105.334586226536}, {"country_iso": "VNM", "city_id": 11612, "city": "Ca Mau", "pop_total": 58025.5895988764, "mass_total": 10213494.8876533, "log_pop": 4.76362, "log_mass": 7.009174, "log_pop_c": -0.397598, "log_mass_c": -0.396154, "lat": 9.17828957191989, "lon": 105.169121963011}, {"country_iso": "VNM", "city_id": 11624, "city": "Long Xuyen", "pop_total": 146255.762988504, "mass_total": 22432543.9264184, "log_pop": 5.165113, "log_mass": 7.350879, "log_pop_c": 0.003895, "log_mass_c": -0.05445, "lat": 10.328364046174, "lon": 105.492665737649}, {"country_iso": "VNM", "city_id": 11673, "city": "Can Tho", "pop_total": 276817.169607923, "mass_total": 34429715.3197955, "log_pop": 5.442193, "log_mass": 7.536933, "log_pop_c": 0.280975, "log_mass_c": 0.131605, "lat": 10.0458655492541, "lon": 105.753217156493}, {"country_iso": "VNM", "city_id": 11674, "city": "Sa Dec City", "pop_total": 104894.684160315, "mass_total": 21956348.7398412, "log_pop": 5.020753, "log_mass": 7.34156, "log_pop_c": -0.140464, "log_mass_c": -0.063768, "lat": 10.2612299071038, "lon": 105.886553329179}, {"country_iso": "VNM", "city_id": 11690, "city": "T\u00e2y Ninh", "pop_total": 100837.891732936, "mass_total": 20036500.7906776, "log_pop": 5.003624, "log_mass": 7.301822, "log_pop_c": -0.157594, "log_mass_c": -0.103507, "lat": 11.2977906359032, "lon": 106.110933806757}, {"country_iso": "VNM", "city_id": 11696, "city": "Hue", "pop_total": 194050.021668589, "mass_total": 23058127.5659691, "log_pop": 5.287914, "log_mass": 7.362824, "log_pop_c": 0.126696, "log_mass_c": -0.042505, "lat": 16.4742069103195, "lon": 107.586423024377}, {"country_iso": "VNM", "city_id": 11769, "city": "My Tho", "pop_total": 143251.658670115, "mass_total": 22273100.2664299, "log_pop": 5.1561, "log_mass": 7.347781, "log_pop_c": -0.005118, "log_mass_c": -0.057548, "lat": 10.3386295768601, "lon": 106.35667815921}, {"country_iso": "VNM", "city_id": 11800, "city": "Ho Chi Minh City", "pop_total": 7583056.15609292, "mass_total": 665344360.205652, "log_pop": 6.879844, "log_mass": 8.823046, "log_pop_c": 1.718626, "log_mass_c": 1.417718, "lat": 10.851877857485, "lon": 106.712827015734}, {"country_iso": "VNM", "city_id": 11821, "city": "\u0110\u00e0 N\u1eb5ng", "pop_total": 667931.401667561, "mass_total": 88281297.4137853, "log_pop": 5.824732, "log_mass": 7.945869, "log_pop_c": 0.663514, "log_mass_c": 0.54054, "lat": 16.0409482902698, "lon": 108.195408748376}, {"country_iso": "VNM", "city_id": 11906, "city": "Pleiku", "pop_total": 66775.534231745, "mass_total": 19208708.1183883, "log_pop": 4.824617, "log_mass": 7.283498, "log_pop_c": -0.336601, "log_mass_c": -0.12183, "lat": 13.9817010935157, "lon": 108.003076639033}, {"country_iso": "VNM", "city_id": 11907, "city": "Vung Tau", "pop_total": 216076.296080655, "mass_total": 32314445.6060692, "log_pop": 5.334607, "log_mass": 7.509397, "log_pop_c": 0.173389, "log_mass_c": 0.104068, "lat": 10.3880675040899, "lon": 107.135440354755}, {"country_iso": "VNM", "city_id": 11959, "city": "Bu\u00f4n Ma Thu\u1ed9t", "pop_total": 72398.2856172992, "mass_total": 18287144.8621143, "log_pop": 4.859728, "log_mass": 7.262146, "log_pop_c": -0.30149, "log_mass_c": -0.143183, "lat": 12.6747061868575, "lon": 108.039115042181}, {"country_iso": "VNM", "city_id": 11965, "city": "Qu\u1ea3ng Ng\u00e3i", "pop_total": 61918.2004020635, "mass_total": 11790484.3104929, "log_pop": 4.791818, "log_mass": 7.071532, "log_pop_c": -0.3694, "log_mass_c": -0.333797, "lat": 15.1249549050299, "lon": 108.792499490205}, {"country_iso": "VNM", "city_id": 12026, "city": "Phan Thiet", "pop_total": 80617.5267324625, "mass_total": 16387265.0119573, "log_pop": 4.906429, "log_mass": 7.214506, "log_pop_c": -0.254788, "log_mass_c": -0.190822, "lat": 10.9418560469668, "lon": 108.103903366191}, {"country_iso": "VNM", "city_id": 12074, "city": "Quy Nh\u01a1n", "pop_total": 116603.140431311, "mass_total": 21668805.971804, "log_pop": 5.06671, "log_mass": 7.335835, "log_pop_c": -0.094508, "log_mass_c": -0.069494, "lat": 13.7773474784562, "lon": 109.18286642304}, {"country_iso": "VNM", "city_id": 12134, "city": "Nha Trang", "pop_total": 188482.330586297, "mass_total": 31179162.1464607, "log_pop": 5.275271, "log_mass": 7.493864, "log_pop_c": 0.114053, "log_mass_c": 0.088536, "lat": 12.2580987123517, "lon": 109.152834674344}, {"country_iso": "VNM", "city_id": 12146, "city": "Phan Rang - Th\u00e1p Ch\u00e0m", "pop_total": 75137.9001125074, "mass_total": 13564757.9793254, "log_pop": 4.875859, "log_mass": 7.132412, "log_pop_c": -0.285359, "log_mass_c": -0.272917, "lat": 11.5655079259692, "lon": 109.008756818429}]