[{"country_iso": "MLI", "city_id": 1552, "city": "Kati", "pop_total": 56762.7770134645, "mass_total": 6070865.37901084, "log_pop": 4.754064, "log_mass": 6.783251, "log_pop_c": -0.435696, "log_mass_c": -0.323345, "lat": 12.7437786220255, "lon": -8.07456884882}, {"country_iso": "MLI", "city_id": 1553, "city": "Bamako", "pop_total": 2238914.56071013, "mass_total": 131220297.588851, "log_pop": 6.350038, "log_mass": 8.118001, "log_pop_c": 1.160278, "log_mass_c": 1.011406, "lat": 12.6206486156824, "lon": -7.97971548467722}, {"country_iso": "MLI", "city_id": 1555, "city": "S\u00e9nou", "pop_total": 71976.8039386113, "mass_total": 4064955.94114183, "log_pop": 4.857193, "log_mass": 6.609056, "log_pop_c": -0.332567, "log_mass_c": -0.49754, "lat": 12.5174959296518, "lon": -7.92875397595797}, {"country_iso": "MLI", "city_id": 1596, "city": "S\u00e9gou", "pop_total": 94314.6084613725, "mass_total": 10947146.4952254, "log_pop": 4.974579, "log_mass": 7.039301, "log_pop_c": -0.215181, "log_mass_c": -0.067294, "lat": 13.4341707151384, "lon": -6.2583195448556}, {"country_iso": "MLI", "city_id": 1614, "city": "Sikasso", "pop_total": 142562.46273052, "mass_total": 12945745.1027017, "log_pop": 5.154005, "log_mass": 7.112127, "log_pop_c": -0.035755, "log_mass_c": 0.005532, "lat": 11.3147589870321, "lon": -5.6710411438402}, {"country_iso": "MLI", "city_id": 1624, "city": "Koutiala", "pop_total": 111861.749360331, "mass_total": 9502472.3585745, "log_pop": 5.048682, "log_mass": 6.977837, "log_pop_c": -0.141078, "log_mass_c": -0.128759, "lat": 12.3811099117494, "lon": -5.46336711375837}]