[{"country_iso": "CIV", "city_id": 1562, "city": "Man", "pop_total": 67313.9912173926, "mass_total": 9831600.18334057, "log_pop": 4.828105, "log_mass": 6.992624, "log_pop_c": -0.375249, "log_mass_c": -0.338246, "lat": 7.40604057143802, "lon": -7.54753067476696}, {"country_iso": "CIV", "city_id": 1583, "city": "San-P\u00e9dro", "pop_total": 83966.4714317135, "mass_total": 13078991.3662375, "log_pop": 4.924106, "log_mass": 7.116574, "log_pop_c": -0.279249, "log_mass_c": -0.214296, "lat": 4.75914085917055, "lon": -6.65226467959029}, {"country_iso": "CIV", "city_id": 1590, "city": "Daloa", "pop_total": 125761.831658251, "mass_total": 18284720.3581391, "log_pop": 5.099549, "log_mass": 7.262088, "log_pop_c": -0.103806, "log_mass_c": -0.068782, "lat": 6.877406418941, "lon": -6.44765655586901}, {"country_iso": "CIV", "city_id": 1603, "city": "Gagnoa", "pop_total": 60187.4970498889, "mass_total": 9187410.27957993, "log_pop": 4.779506, "log_mass": 6.963193, "log_pop_c": -0.423848, "log_mass_c": -0.367677, "lat": 6.13117264743893, "lon": -5.94981307386785}, {"country_iso": "CIV", "city_id": 1615, "city": "Korhogo", "pop_total": 142621.610101139, "mass_total": 22974301.8952495, "log_pop": 5.154185, "log_mass": 7.361242, "log_pop_c": -0.049169, "log_mass_c": 0.030372, "lat": 9.46144296483144, "lon": -5.62713237762296}, {"country_iso": "CIV", "city_id": 1633, "city": "Yamoussoukro", "pop_total": 67275.7800836685, "mass_total": 12088943.6806056, "log_pop": 4.827859, "log_mass": 7.082388, "log_pop_c": -0.375496, "log_mass_c": -0.248482, "lat": 6.8042753825712, "lon": -5.26679359653702}, {"country_iso": "CIV", "city_id": 1642, "city": "Bouak\u00e9", "pop_total": 299256.755417291, "mass_total": 35454840.527995, "log_pop": 5.476044, "log_mass": 7.549676, "log_pop_c": 0.272689, "log_mass_c": 0.218806, "lat": 7.70082108510272, "lon": -5.03165537007619}, {"country_iso": "CIV", "city_id": 1675, "city": "Abidjan", "pop_total": 3447335.21033096, "mass_total": 208532350.552832, "log_pop": 6.537484, "log_mass": 8.319173, "log_pop_c": 1.334129, "log_mass_c": 0.988303, "lat": 5.3495680073677, "lon": -4.00269608595695}]