[{"country_iso": "BGD", "city_id": 9590, "city": "Chapainawabganj", "pop_total": 60339.5905835133, "mass_total": 4050784.89253686, "log_pop": 4.780602, "log_mass": 6.607539, "log_pop_c": -0.455891, "log_mass_c": -0.383049, "lat": 24.6140495908872, "lon": 88.2377916732112}, {"country_iso": "BGD", "city_id": 9593, "city": "Dinajpur", "pop_total": 59500.8894421634, "mass_total": 3640365.7339224, "log_pop": 4.774523, "log_mass": 6.561145, "log_pop_c": -0.46197, "log_mass_c": -0.429443, "lat": 25.6245957451765, "lon": 88.62560010035}, {"country_iso": "BGD", "city_id": 9650, "city": "Rajshahi", "pop_total": 185872.042767895, "mass_total": 10974861.7244309, "log_pop": 5.269214, "log_mass": 7.040399, "log_pop_c": 0.032721, "log_mass_c": 0.049811, "lat": 24.4142734311107, "lon": 88.6198520799065}, {"country_iso": "BGD", "city_id": 9657, "city": "Rangpur", "pop_total": 90777.6748151779, "mass_total": 6440992.06203572, "log_pop": 4.957979, "log_mass": 6.808953, "log_pop_c": -0.278514, "log_mass_c": -0.181636, "lat": 25.735394009948, "lon": 89.2936493529302}, {"country_iso": "BGD", "city_id": 9726, "city": "Bogura", "pop_total": 138656.172660319, "mass_total": 7638438.66064231, "log_pop": 5.141939, "log_mass": 6.883005, "log_pop_c": -0.094554, "log_mass_c": -0.107584, "lat": 24.9428431677691, "lon": 89.3787660337218}, {"country_iso": "BGD", "city_id": 9755, "city": "Barkhada", "pop_total": 80399.7375230789, "mass_total": 5319533.24303197, "log_pop": 4.905255, "log_mass": 6.725874, "log_pop_c": -0.331238, "log_mass_c": -0.264715, "lat": 23.9005907999227, "lon": 89.1005341110044}, {"country_iso": "BGD", "city_id": 9769, "city": "Pabna", "pop_total": 57994.7774457932, "mass_total": 4908752.52660346, "log_pop": 4.763389, "log_mass": 6.690971, "log_pop_c": -0.473104, "log_mass_c": -0.299617, "lat": 24.0156742916975, "lon": 89.260803345241}, {"country_iso": "BGD", "city_id": 9817, "city": "Jamalpur", "pop_total": 63298.6883878708, "mass_total": 5317087.90515183, "log_pop": 4.801395, "log_mass": 6.725674, "log_pop_c": -0.435098, "log_mass_c": -0.264915, "lat": 24.9681660905205, "lon": 89.9717340601424}, {"country_iso": "BGD", "city_id": 9820, "city": "Jessore", "pop_total": 100931.445927414, "mass_total": 5978725.75881204, "log_pop": 5.004026, "log_mass": 6.776609, "log_pop_c": -0.232467, "log_mass_c": -0.21398, "lat": 23.1666845014799, "lon": 89.2084371839028}, {"country_iso": "BGD", "city_id": 9863, "city": "Khulna", "pop_total": 448569.121876402, "mass_total": 20751010.4053429, "log_pop": 5.651829, "log_mass": 7.317039, "log_pop_c": 0.415336, "log_mass_c": 0.326451, "lat": 22.8401573624493, "lon": 89.5553617359815}, {"country_iso": "BGD", "city_id": 9866, "city": "Mymensingh", "pop_total": 149043.747481365, "mass_total": 7459923.16161253, "log_pop": 5.173314, "log_mass": 6.872734, "log_pop_c": -0.063179, "log_mass_c": -0.117854, "lat": 24.7490448250953, "lon": 90.3898585755468}, {"country_iso": "BGD", "city_id": 9872, "city": "Dhaka", "pop_total": 11300006.7914513, "mass_total": 435541671.166083, "log_pop": 7.053079, "log_mass": 8.63903, "log_pop_c": 1.816586, "log_mass_c": 1.648441, "lat": 23.8071916545623, "lon": 90.4020097904105}, {"country_iso": "BGD", "city_id": 9924, "city": "Brahmanbaria", "pop_total": 148658.145444492, "mass_total": 9067636.10928608, "log_pop": 5.172189, "log_mass": 6.957494, "log_pop_c": -0.064304, "log_mass_c": -0.033094, "lat": 24.0572440574482, "lon": 90.9841626152022}, {"country_iso": "BGD", "city_id": 9935, "city": "Barisal", "pop_total": 131040.008853393, "mass_total": 5228017.24119016, "log_pop": 5.117404, "log_mass": 6.718337, "log_pop_c": -0.119089, "log_mass_c": -0.272251, "lat": 22.7069630733082, "lon": 90.3524717635538}, {"country_iso": "BGD", "city_id": 9982, "city": "Sylhet", "pop_total": 235515.138985634, "mass_total": 10520043.0318136, "log_pop": 5.372019, "log_mass": 7.022018, "log_pop_c": 0.135526, "log_mass_c": 0.031429, "lat": 24.878610263045, "lon": 91.9033953931755}, {"country_iso": "BGD", "city_id": 10013, "city": "Feni", "pop_total": 63486.3225579355, "mass_total": 4259103.5073321, "log_pop": 4.80268, "log_mass": 6.629318, "log_pop_c": -0.433813, "log_mass_c": -0.36127, "lat": 23.0055198258516, "lon": 91.4001890146412}, {"country_iso": "BGD", "city_id": 10035, "city": "Chattogram", "pop_total": 1903469.32360132, "mass_total": 73091300.9665364, "log_pop": 6.279546, "log_mass": 7.863866, "log_pop_c": 1.043053, "log_mass_c": 0.873277, "lat": 22.43884077232, "lon": 91.8244767476025}]