[{"country_iso": "MWI", "city_id": 4490, "city": "Likuni", "pop_total": 70417.3280116356, "mass_total": 3861133.13288155, "log_pop": 4.84768, "log_mass": 6.586715, "log_pop_c": -0.353307, "log_mass_c": -0.519998, "lat": -14.0211368944294, "lon": 33.7167122212922}, {"country_iso": "MWI", "city_id": 4495, "city": "Lilongwe", "pop_total": 480266.520890473, "mass_total": 44210361.2660827, "log_pop": 5.681482, "log_mass": 7.645524, "log_pop_c": 0.480496, "log_mass_c": 0.538812, "lat": -13.9669942487246, "lon": 33.7799885366959}, {"country_iso": "MWI", "city_id": 4526, "city": "Mzuzu", "pop_total": 66431.5751122004, "mass_total": 5842899.6507224, "log_pop": 4.822375, "log_mass": 6.766628, "log_pop_c": -0.378612, "log_mass_c": -0.340084, "lat": -11.4457982889129, "lon": 34.0092210822182}, {"country_iso": "MWI", "city_id": 4558, "city": "Blantyre", "pop_total": 268571.848595894, "mass_total": 18823777.3024484, "log_pop": 5.42906, "log_mass": 7.274707, "log_pop_c": 0.228074, "log_mass_c": 0.167994, "lat": -15.7570301609876, "lon": 35.0321339964236}, {"country_iso": "MWI", "city_id": 4562, "city": "Limbe", "pop_total": 167622.956222065, "mass_total": 18196491.5758894, "log_pop": 5.224333, "log_mass": 7.259988, "log_pop_c": 0.023347, "log_mass_c": 0.153275, "lat": -15.8294365080266, "lon": 35.0400113423904}]