[{"country_iso": "TWN", "city_id": 12687, "city": "Luliao", "pop_total": 108563.549196256, "mass_total": 39473234.9424295, "log_pop": 5.035684, "log_mass": 7.596303, "log_pop_c": -0.369874, "log_mass_c": -0.212491, "lat": 24.2360931457385, "lon": 120.548639144692}, {"country_iso": "TWN", "city_id": 12689, "city": "Zhanghua City", "pop_total": 262793.910887038, "mass_total": 76901229.8067883, "log_pop": 5.419615, "log_mass": 7.885933, "log_pop_c": 0.014057, "log_mass_c": 0.077139, "lat": 24.0719427322824, "lon": 120.508812776033}, {"country_iso": "TWN", "city_id": 12691, "city": "Hsinchu", "pop_total": 455503.009439206, "mass_total": 116541850.776698, "log_pop": 5.658491, "log_mass": 8.066482, "log_pop_c": 0.252933, "log_mass_c": 0.257688, "lat": 24.8233397707968, "lon": 120.992799017851}, {"country_iso": "TWN", "city_id": 12692, "city": "Toufen", "pop_total": 114526.158333835, "mass_total": 30413000.4237184, "log_pop": 5.058905, "log_mass": 7.483059, "log_pop_c": -0.346654, "log_mass_c": -0.325735, "lat": 24.6928945648562, "lon": 120.888973471146}, {"country_iso": "TWN", "city_id": 12693, "city": "Taichung", "pop_total": 1582937.53889406, "mass_total": 283442802.668665, "log_pop": 6.199464, "log_mass": 8.452465, "log_pop_c": 0.793906, "log_mass_c": 0.643672, "lat": 24.16872503184, "lon": 120.669833739103}, {"country_iso": "TWN", "city_id": 12694, "city": "Miaoli", "pop_total": 56494.5239940905, "mass_total": 13853930.6395694, "log_pop": 4.752006, "log_mass": 7.141573, "log_pop_c": -0.653552, "log_mass_c": -0.667221, "lat": 24.5435734155887, "lon": 120.8238284656}, {"country_iso": "TWN", "city_id": 12696, "city": "New Taipei [Taipei]", "pop_total": 5786121.86677284, "mass_total": 738864697.023241, "log_pop": 6.762388, "log_mass": 8.868565, "log_pop_c": 1.356829, "log_mass_c": 1.059771, "lat": 25.0069392169208, "lon": 121.41285707929}, {"country_iso": "TWN", "city_id": 12697, "city": "Yuanlin City", "pop_total": 121408.827921419, "mass_total": 48611917.7183201, "log_pop": 5.08425, "log_mass": 7.686743, "log_pop_c": -0.321308, "log_mass_c": -0.122051, "lat": 23.9287306417439, "lon": 120.558559350881}, {"country_iso": "TWN", "city_id": 12699, "city": "Nantou City", "pop_total": 77353.5043487418, "mass_total": 23307804.0364397, "log_pop": 4.88848, "log_mass": 7.367501, "log_pop_c": -0.517078, "log_mass_c": -0.441292, "lat": 23.954121586066, "lon": 120.679108336903}, {"country_iso": "TWN", "city_id": 12701, "city": "Danhai", "pop_total": 50281.3081680887, "mass_total": 16197582.2406389, "log_pop": 4.701407, "log_mass": 7.20945, "log_pop_c": -0.704152, "log_mass_c": -0.599344, "lat": 25.1842832902857, "lon": 121.434453903993}, {"country_iso": "TWN", "city_id": 12702, "city": "Chiayi", "pop_total": 254286.819718473, "mass_total": 46832192.5666412, "log_pop": 5.405324, "log_mass": 7.670544, "log_pop_c": -0.000234, "log_mass_c": -0.138249, "lat": 23.477562275993, "lon": 120.449825839899}, {"country_iso": "TWN", "city_id": 12703, "city": "Tainan", "pop_total": 726851.214229218, "mass_total": 183662975.632396, "log_pop": 5.861446, "log_mass": 8.264022, "log_pop_c": 0.455887, "log_mass_c": 0.455228, "lat": 22.9868665666678, "lon": 120.230906539153}, {"country_iso": "TWN", "city_id": 12709, "city": "Kaohsiung", "pop_total": 1762560.08691895, "mass_total": 352194449.938288, "log_pop": 6.246144, "log_mass": 8.546783, "log_pop_c": 0.840586, "log_mass_c": 0.737989, "lat": 22.6526617244606, "lon": 120.333698723377}, {"country_iso": "TWN", "city_id": 12714, "city": "Pingtung City", "pop_total": 125589.748897365, "mass_total": 30949125.7650754, "log_pop": 5.098954, "log_mass": 7.490648, "log_pop_c": -0.306604, "log_mass_c": -0.318145, "lat": 22.6575541072518, "lon": 120.486807704259}, {"country_iso": "TWN", "city_id": 12721, "city": "Hualien", "pop_total": 81436.0376162941, "mass_total": 25225230.8517801, "log_pop": 4.910817, "log_mass": 7.401835, "log_pop_c": -0.494742, "log_mass_c": -0.406959, "lat": 23.9779897442117, "lon": 121.599971276595}]