[{"country_iso": "SRB", "city_id": 3230, "city": "Subotica", "pop_total": 54123.0027805992, "mass_total": 18513830.4269458, "log_pop": 4.733382, "log_mass": 7.267496, "log_pop_c": -0.469994, "log_mass_c": -0.332208, "lat": 46.0984379857668, "lon": 19.6648376714672}, {"country_iso": "SRB", "city_id": 3240, "city": "Novi Sad", "pop_total": 191597.730779385, "mass_total": 49908592.2992001, "log_pop": 5.28239, "log_mass": 7.698175, "log_pop_c": 0.079015, "log_mass_c": 0.098471, "lat": 45.2601704406226, "lon": 19.8238563932779}, {"country_iso": "SRB", "city_id": 3270, "city": "Belgrade", "pop_total": 801417.160754975, "mass_total": 181086026.959369, "log_pop": 5.903859, "log_mass": 8.257885, "log_pop_c": 0.700483, "log_mass_c": 0.65818, "lat": 44.797615057611, "lon": 20.4565709032178}, {"country_iso": "SRB", "city_id": 3304, "city": "Kragujevac", "pop_total": 90064.9364937745, "mass_total": 23249198.8017684, "log_pop": 4.954556, "log_mass": 7.366408, "log_pop_c": -0.24882, "log_mass_c": -0.233297, "lat": 44.007475091538, "lon": 20.9059165409706}, {"country_iso": "SRB", "city_id": 3340, "city": "Ni\u0161", "pop_total": 138896.560101303, "mass_total": 25618751.0750791, "log_pop": 5.142691, "log_mass": 7.408558, "log_pop_c": -0.060684, "log_mass_c": -0.191147, "lat": 43.321281680345, "lon": 21.9101063654198}]