[{"country_iso": "HUN", "city_id": 3114, "city": "Gy\u0151r", "pop_total": 59458.5772254252, "mass_total": 27730732.516538, "log_pop": 4.774215, "log_mass": 7.442961, "log_pop_c": -0.256113, "log_mass_c": -0.160799, "lat": 47.6846515348412, "lon": 17.6531119565846}, {"country_iso": "HUN", "city_id": 3164, "city": "Sz\u00e9kesfeh\u00e9rv\u00e1r", "pop_total": 50261.2989227351, "mass_total": 22870174.6707609, "log_pop": 4.701234, "log_mass": 7.359269, "log_pop_c": -0.329094, "log_mass_c": -0.244491, "lat": 47.1923299471996, "lon": 18.4302569039071}, {"country_iso": "HUN", "city_id": 3165, "city": "P\u00e9cs", "pop_total": 86331.5860533443, "mass_total": 26178790.1904324, "log_pop": 4.93617, "log_mass": 7.41795, "log_pop_c": -0.094158, "log_mass_c": -0.185811, "lat": 46.0705017222256, "lon": 18.2340047790339}, {"country_iso": "HUN", "city_id": 3193, "city": "Budapest", "pop_total": 1370160.51189654, "mass_total": 387588228.714035, "log_pop": 6.136771, "log_mass": 8.588371, "log_pop_c": 1.106444, "log_mass_c": 0.98461, "lat": 47.4830473998249, "lon": 19.1097563528188}, {"country_iso": "HUN", "city_id": 3246, "city": "Szeged", "pop_total": 80706.280477341, "mass_total": 30742732.7077647, "log_pop": 4.906907, "log_mass": 7.487742, "log_pop_c": -0.12342, "log_mass_c": -0.116018, "lat": 46.2544497357039, "lon": 20.1526682174383}, {"country_iso": "HUN", "city_id": 3253, "city": "Miskolc", "pop_total": 85883.1961712828, "mass_total": 32691040.9179191, "log_pop": 4.933908, "log_mass": 7.514429, "log_pop_c": -0.096419, "log_mass_c": -0.089332, "lat": 48.0971637619993, "lon": 20.7706905982908}, {"country_iso": "HUN", "city_id": 3297, "city": "Ny\u00edregyh\u00e1za", "pop_total": 55299.1640398287, "mass_total": 24941063.8473337, "log_pop": 4.742719, "log_mass": 7.396915, "log_pop_c": -0.287609, "log_mass_c": -0.206846, "lat": 47.9501037617587, "lon": 21.7258792306688}, {"country_iso": "HUN", "city_id": 3298, "city": "Debrecen", "pop_total": 129031.390680697, "mass_total": 41922616.6889133, "log_pop": 5.110695, "log_mass": 7.622448, "log_pop_c": 0.080368, "log_mass_c": 0.018688, "lat": 47.5323425184117, "lon": 21.6279532522816}]