[{"country_iso": "URY", "city_id": 1098, "city": "Paysand\u00fa", "pop_total": 55619.0747945902, "mass_total": 12146890.5072001, "log_pop": 4.745224, "log_mass": 7.084465, "log_pop_c": -0.313549, "log_mass_c": -0.291122, "lat": -32.3156209539909, "lon": -58.0787768598179}, {"country_iso": "URY", "city_id": 1137, "city": "Las Piedras", "pop_total": 76880.5384659902, "mass_total": 14357688.0005447, "log_pop": 4.885816, "log_mass": 7.157085, "log_pop_c": -0.172956, "log_mass_c": -0.218503, "lat": -34.7243538994759, "lon": -56.2198316095269}, {"country_iso": "URY", "city_id": 1138, "city": "Montevideo", "pop_total": 1053679.82941158, "mass_total": 173046563.198668, "log_pop": 6.022709, "log_mass": 8.238163, "log_pop_c": 0.963936, "log_mass_c": 0.862576, "lat": -34.8589962993679, "lon": -56.1720527841504}, {"country_iso": "URY", "city_id": 1146, "city": "Ciudad de la Costa", "pop_total": 60135.8672002937, "mass_total": 20796742.3809094, "log_pop": 4.779134, "log_mass": 7.317995, "log_pop_c": -0.279639, "log_mass_c": -0.057592, "lat": -34.8221976490324, "lon": -55.9622621054129}, {"country_iso": "URY", "city_id": 1163, "city": "Maldonado", "pop_total": 72607.4153724996, "mass_total": 12028973.6081234, "log_pop": 4.860981, "log_mass": 7.080229, "log_pop_c": -0.197792, "log_mass_c": -0.295359, "lat": -34.9006631006732, "lon": -54.9606136493588}]