[{"country_iso": "IND", "city_id": 6442, "city": "Srinagar", "pop_total": 277467.057603218, "mass_total": 57972081.4721787, "log_pop": 5.443211, "log_mass": 7.763219, "log_pop_c": 0.233846, "log_mass_c": 0.526511, "lat": 34.0982073415042, "lon": 74.8193477087146}, {"country_iso": "IND", "city_id": 6446, "city": "Gandhidham", "pop_total": 100202.606864631, "mass_total": 17696208.9161127, "log_pop": 5.000879, "log_mass": 7.24788, "log_pop_c": -0.208487, "log_mass_c": 0.011172, "lat": 23.0675567348215, "lon": 70.1100449667397}, {"country_iso": "IND", "city_id": 6458, "city": "Jamnagar", "pop_total": 205849.287341292, "mass_total": 24123334.5313805, "log_pop": 5.313549, "log_mass": 7.382437, "log_pop_c": 0.104183, "log_mass_c": 0.145729, "lat": 22.4627250293961, "lon": 70.0607853975329}, {"country_iso": "IND", "city_id": 6480, "city": "Barmer", "pop_total": 57364.766146931, "mass_total": 8924221.67423377, "log_pop": 4.758645, "log_mass": 6.95057, "log_pop_c": -0.450721, "log_mass_c": -0.286138, "lat": 25.7500420056507, "lon": 71.4010205622713}, {"country_iso": "IND", "city_id": 6503, "city": "Jammu", "pop_total": 371923.597132534, "mass_total": 51203236.2432325, "log_pop": 5.570454, "log_mass": 7.709297, "log_pop_c": 0.361088, "log_mass_c": 0.47259, "lat": 32.7020500501495, "lon": 74.8662000908544}, {"country_iso": "IND", "city_id": 6516, "city": "Morbi", "pop_total": 65476.1066657291, "mass_total": 11846919.3759917, "log_pop": 4.816083, "log_mass": 7.073605, "log_pop_c": -0.393283, "log_mass_c": -0.163102, "lat": 22.8213688051423, "lon": 70.8447489518935}, {"country_iso": "IND", "city_id": 6517, "city": "Junagadh", "pop_total": 86970.5012979339, "mass_total": 11537473.0694997, "log_pop": 4.939372, "log_mass": 7.062111, "log_pop_c": -0.269994, "log_mass_c": -0.174597, "lat": 21.5236726065553, "lon": 70.4508594304038}, {"country_iso": "IND", "city_id": 6522, "city": "Rajkot", "pop_total": 757799.994192991, "mass_total": 58799716.8355286, "log_pop": 5.879555, "log_mass": 7.769375, "log_pop_c": 0.670189, "log_mass_c": 0.532667, "lat": 22.2881439634978, "lon": 70.797551789313}, {"country_iso": "IND", "city_id": 6524, "city": "Veraval", "pop_total": 68207.0642875709, "mass_total": 6590244.91329947, "log_pop": 4.833829, "log_mass": 6.818902, "log_pop_c": -0.375537, "log_mass_c": -0.417806, "lat": 20.9083093457896, "lon": 70.3848215974913}, {"country_iso": "IND", "city_id": 6538, "city": "Sri Ganganagar", "pop_total": 102482.660416447, "mass_total": 15119288.4955214, "log_pop": 5.01065, "log_mass": 7.179531, "log_pop_c": -0.198716, "log_mass_c": -0.057177, "lat": 29.9072983773604, "lon": 73.8752574643266}, {"country_iso": "IND", "city_id": 6546, "city": "Balotra", "pop_total": 51565.9668544769, "mass_total": 7683730.07263967, "log_pop": 4.712363, "log_mass": 6.885572, "log_pop_c": -0.497003, "log_mass_c": -0.351136, "lat": 25.8281564407017, "lon": 72.2354794387198}, {"country_iso": "IND", "city_id": 6548, "city": "Amritsar", "pop_total": 598037.917876131, "mass_total": 78920566.2079037, "log_pop": 5.776729, "log_mass": 7.89719, "log_pop_c": 0.567363, "log_mass_c": 0.660482, "lat": 31.6423572427682, "lon": 74.8768745700117}, {"country_iso": "IND", "city_id": 6558, "city": "Firozpur", "pop_total": 75775.7889909399, "mass_total": 17342810.4503088, "log_pop": 4.87953, "log_mass": 7.239119, "log_pop_c": -0.329835, "log_mass_c": 0.002412, "lat": 30.9373260685802, "lon": 74.6169720637659}, {"country_iso": "IND", "city_id": 6559, "city": "Bikaner", "pop_total": 358381.454787701, "mass_total": 37970728.2951557, "log_pop": 5.554346, "log_mass": 7.579449, "log_pop_c": 0.34498, "log_mass_c": 0.342741, "lat": 28.0226995752915, "lon": 73.3194357433465}, {"country_iso": "IND", "city_id": 6571, "city": "Batala", "pop_total": 71288.8105714443, "mass_total": 12169330.463823, "log_pop": 4.853021, "log_mass": 7.085267, "log_pop_c": -0.356345, "log_mass_c": -0.151441, "lat": 31.814734978033, "lon": 75.2006828401848}, {"country_iso": "IND", "city_id": 6588, "city": "Surendranagar", "pop_total": 96397.9520877932, "mass_total": 11145555.28342, "log_pop": 4.984068, "log_mass": 7.047102, "log_pop_c": -0.225298, "log_mass_c": -0.189606, "lat": 22.72303546208, "lon": 71.6453291447149}, {"country_iso": "IND", "city_id": 6591, "city": "Pathankot", "pop_total": 68449.322877566, "mass_total": 11128038.030922, "log_pop": 4.835369, "log_mass": 7.046419, "log_pop_c": -0.373997, "log_mass_c": -0.190289, "lat": 32.267083333169, "lon": 75.6478899446282}, {"country_iso": "IND", "city_id": 6595, "city": "Jodhpur", "pop_total": 476880.41652985, "mass_total": 76129110.7058583, "log_pop": 5.678409, "log_mass": 7.881551, "log_pop_c": 0.469044, "log_mass_c": 0.644843, "lat": 26.2702704566453, "lon": 73.0214321447019}, {"country_iso": "IND", "city_id": 6610, "city": "Moga", "pop_total": 68813.5818543519, "mass_total": 13944150.2263676, "log_pop": 4.837674, "log_mass": 7.144392, "log_pop_c": -0.371692, "log_mass_c": -0.092316, "lat": 30.8199766841356, "lon": 75.1754278931244}, {"country_iso": "IND", "city_id": 6611, "city": "Palanpur", "pop_total": 51277.8872814945, "mass_total": 6326889.28832628, "log_pop": 4.70993, "log_mass": 6.80119, "log_pop_c": -0.499436, "log_mass_c": -0.435518, "lat": 24.1765081619454, "lon": 72.4291728335762}, {"country_iso": "IND", "city_id": 6614, "city": "Bathinda", "pop_total": 190102.555529846, "mass_total": 38658768.2223189, "log_pop": 5.278988, "log_mass": 7.587248, "log_pop_c": 0.069622, "log_mass_c": 0.35054, "lat": 30.2095567721184, "lon": 74.9489557937696}, {"country_iso": "IND", "city_id": 6618, "city": "Jalandhar", "pop_total": 648689.201214362, "mass_total": 78271695.2586925, "log_pop": 5.812037, "log_mass": 7.893605, "log_pop_c": 0.602671, "log_mass_c": 0.656897, "lat": 31.3298053475167, "lon": 75.5749132630705}, {"country_iso": "IND", "city_id": 6622, "city": "Mahesana", "pop_total": 85567.907561837, "mass_total": 10357598.0682186, "log_pop": 4.932311, "log_mass": 7.015259, "log_pop_c": -0.277055, "log_mass_c": -0.221449, "lat": 23.5991354382726, "lon": 72.3784509231918}, {"country_iso": "IND", "city_id": 6630, "city": "Pali", "pop_total": 66815.81435361, "mass_total": 14013240.5109493, "log_pop": 4.824879, "log_mass": 7.146539, "log_pop_c": -0.384487, "log_mass_c": -0.090169, "lat": 25.7788837220967, "lon": 73.3211344373463}, {"country_iso": "IND", "city_id": 6637, "city": "Hoshiarpur", "pop_total": 79348.2489610485, "mass_total": 14597235.461191, "log_pop": 4.899537, "log_mass": 7.164271, "log_pop_c": -0.309829, "log_mass_c": -0.072437, "lat": 31.5231149615217, "lon": 75.9113198077257}, {"country_iso": "IND", "city_id": 6639, "city": "Phagwara", "pop_total": 56120.7664107678, "mass_total": 11933000.4719278, "log_pop": 4.749124, "log_mass": 7.07675, "log_pop_c": -0.460242, "log_mass_c": -0.159958, "lat": 31.219912784624, "lon": 75.7693598540344}, {"country_iso": "IND", "city_id": 6648, "city": "Sirsa", "pop_total": 112341.997429045, "mass_total": 20145343.1590212, "log_pop": 5.050542, "log_mass": 7.304175, "log_pop_c": -0.158824, "log_mass_c": 0.067467, "lat": 29.5383469520175, "lon": 75.0333041057926}, {"country_iso": "IND", "city_id": 6651, "city": "Ahmedabad", "pop_total": 4747256.07528079, "mass_total": 189140015.239802, "log_pop": 6.676443, "log_mass": 8.276783, "log_pop_c": 1.467077, "log_mass_c": 1.040076, "lat": 23.0311039689892, "lon": 72.5832225458749}, {"country_iso": "IND", "city_id": 6654, "city": "Bhavnagar", "pop_total": 227172.614914546, "mass_total": 24936491.1070576, "log_pop": 5.356356, "log_mass": 7.396835, "log_pop_c": 0.14699, "log_mass_c": 0.160127, "lat": 21.7579672870225, "lon": 72.1388061164981}, {"country_iso": "IND", "city_id": 6659, "city": "Ludhiana", "pop_total": 1121494.77754971, "mass_total": 146057354.04475, "log_pop": 6.049797, "log_mass": 8.164523, "log_pop_c": 0.840431, "log_mass_c": 0.927816, "lat": 30.8958506600986, "lon": 75.8922710438024}, {"country_iso": "IND", "city_id": 6680, "city": "Malerkotla", "pop_total": 50342.6907678801, "mass_total": 9535586.62528036, "log_pop": 4.701936, "log_mass": 6.979347, "log_pop_c": -0.50743, "log_mass_c": -0.25736, "lat": 30.5258039754765, "lon": 75.8800043815806}, {"country_iso": "IND", "city_id": 6694, "city": "Nadiad", "pop_total": 94784.1809329052, "mass_total": 9360980.74717905, "log_pop": 4.976736, "log_mass": 6.971321, "log_pop_c": -0.23263, "log_mass_c": -0.265387, "lat": 22.6973181162331, "lon": 72.8558239414112}, {"country_iso": "IND", "city_id": 6704, "city": "Anand", "pop_total": 132444.521364459, "mass_total": 16490066.8931654, "log_pop": 5.122034, "log_mass": 7.217222, "log_pop_c": -0.087332, "log_mass_c": -0.019485, "lat": 22.5525516291601, "lon": 72.943160362076}, {"country_iso": "IND", "city_id": 6712, "city": "Udaipur", "pop_total": 229445.751789033, "mass_total": 36246941.4731497, "log_pop": 5.36068, "log_mass": 7.559271, "log_pop_c": 0.151314, "log_mass_c": 0.322563, "lat": 24.5876844796391, "lon": 73.7138416491906}, {"country_iso": "IND", "city_id": 6719, "city": "Beawar", "pop_total": 60705.4919249647, "mass_total": 6976711.32841768, "log_pop": 4.783228, "log_mass": 6.843651, "log_pop_c": -0.426138, "log_mass_c": -0.393057, "lat": 26.1015532137414, "lon": 74.3222355997028}, {"country_iso": "IND", "city_id": 6728, "city": "Surat", "pop_total": 1993814.78101683, "mass_total": 89795775.8786413, "log_pop": 6.299685, "log_mass": 7.953256, "log_pop_c": 1.090319, "log_mass_c": 0.716548, "lat": 21.1773084742508, "lon": 72.7565235721605}, {"country_iso": "IND", "city_id": 6735, "city": "Hisar", "pop_total": 191957.771217894, "mass_total": 30052075.3576756, "log_pop": 5.283206, "log_mass": 7.477874, "log_pop_c": 0.07384, "log_mass_c": 0.241167, "lat": 29.1383622894319, "lon": 75.7517121827029}, {"country_iso": "IND", "city_id": 6737, "city": "Vadodara", "pop_total": 1053415.75977232, "mass_total": 82333359.8144944, "log_pop": 6.0226, "log_mass": 7.915576, "log_pop_c": 0.813234, "log_mass_c": 0.678868, "lat": 22.3140795697103, "lon": 73.1722369390325}, {"country_iso": "IND", "city_id": 6744, "city": "Ajmer", "pop_total": 188296.83749252, "mass_total": 24811950.0593382, "log_pop": 5.274843, "log_mass": 7.394661, "log_pop_c": 0.065477, "log_mass_c": 0.157953, "lat": 26.4628709277711, "lon": 74.6447704208189}, {"country_iso": "IND", "city_id": 6750, "city": "Patiala", "pop_total": 292057.958173034, "mass_total": 41988858.2074017, "log_pop": 5.465469, "log_mass": 7.623134, "log_pop_c": 0.256103, "log_mass_c": 0.386426, "lat": 30.3456066845091, "lon": 76.3959077907131}, {"country_iso": "IND", "city_id": 6752, "city": "Sikar", "pop_total": 86290.7389524161, "mass_total": 12086227.4503704, "log_pop": 4.935964, "log_mass": 7.082291, "log_pop_c": -0.273402, "log_mass_c": -0.154417, "lat": 27.6079304106057, "lon": 75.1535084932682}, {"country_iso": "IND", "city_id": 6755, "city": "Bharuch", "pop_total": 88104.7716547125, "mass_total": 13745492.3657351, "log_pop": 4.944999, "log_mass": 7.13816, "log_pop_c": -0.264366, "log_mass_c": -0.098548, "lat": 21.7201536616282, "lon": 73.0048006547295}, {"country_iso": "IND", "city_id": 6760, "city": "Chandigarh", "pop_total": 1099362.79971471, "mass_total": 129326695.249265, "log_pop": 6.041141, "log_mass": 8.111688, "log_pop_c": 0.831775, "log_mass_c": 0.87498, "lat": 30.7111801101776, "lon": 76.760563220299}, {"country_iso": "IND", "city_id": 6763, "city": "Ankleshwar", "pop_total": 76673.7091863819, "mass_total": 12027474.8568741, "log_pop": 4.884646, "log_mass": 7.080174, "log_pop_c": -0.324719, "log_mass_c": -0.156533, "lat": 21.6280675282332, "lon": 73.0183805852187}, {"country_iso": "IND", "city_id": 6771, "city": "Rajpura", "pop_total": 62939.1302489467, "mass_total": 11245772.8000588, "log_pop": 4.798921, "log_mass": 7.050989, "log_pop_c": -0.410445, "log_mass_c": -0.185719, "lat": 30.4738852459935, "lon": 76.5843803771507}, {"country_iso": "IND", "city_id": 6772, "city": "Kishangarh", "pop_total": 68043.8160384702, "mass_total": 9363362.9573007, "log_pop": 4.832789, "log_mass": 6.971432, "log_pop_c": -0.376577, "log_mass_c": -0.265276, "lat": 26.5765234731621, "lon": 74.860343650861}, {"country_iso": "IND", "city_id": 6790, "city": "Kaithal", "pop_total": 85920.7301203494, "mass_total": 14236448.6870656, "log_pop": 4.934098, "log_mass": 7.153402, "log_pop_c": -0.275268, "log_mass_c": -0.083306, "lat": 29.793255017821, "lon": 76.4054347948789}, {"country_iso": "IND", "city_id": 6808, "city": "Godhra", "pop_total": 52957.3827607024, "mass_total": 5052234.52650288, "log_pop": 4.723927, "log_mass": 6.703484, "log_pop_c": -0.485439, "log_mass_c": -0.533224, "lat": 22.7796461570662, "lon": 73.622982862982}, {"country_iso": "IND", "city_id": 6810, "city": "Vapi", "pop_total": 125741.380482902, "mass_total": 23322676.5285327, "log_pop": 5.099478, "log_mass": 7.367778, "log_pop_c": -0.109888, "log_mass_c": 0.13107, "lat": 20.3748835732678, "lon": 72.9215726845181}, {"country_iso": "IND", "city_id": 6811, "city": "Boisar", "pop_total": 50709.8769945201, "mass_total": 10527553.0527496, "log_pop": 4.705093, "log_mass": 7.022327, "log_pop_c": -0.504273, "log_mass_c": -0.21438, "lat": 19.7999288876268, "lon": 72.7286279778644}, {"country_iso": "IND", "city_id": 6816, "city": "Ambala", "pop_total": 249144.535088133, "mass_total": 38941763.8118974, "log_pop": 5.396451, "log_mass": 7.590416, "log_pop_c": 0.187085, "log_mass_c": 0.353708, "lat": 30.3629451694548, "lon": 76.8149635142544}, {"country_iso": "IND", "city_id": 6822, "city": "Bhilwara", "pop_total": 134976.641146565, "mass_total": 15247892.0342211, "log_pop": 5.130259, "log_mass": 7.18321, "log_pop_c": -0.079107, "log_mass_c": -0.053498, "lat": 25.3373582397591, "lon": 74.6254242174709}, {"country_iso": "IND", "city_id": 6824, "city": "Jind", "pop_total": 74059.2403022, "mass_total": 11249395.4410022, "log_pop": 4.869579, "log_mass": 7.051129, "log_pop_c": -0.339787, "log_mass_c": -0.185579, "lat": 29.3158574525558, "lon": 76.3161691694278}, {"country_iso": "IND", "city_id": 6832, "city": "Bhiwani", "pop_total": 108365.392910193, "mass_total": 15339130.557184, "log_pop": 5.034891, "log_mass": 7.185801, "log_pop_c": -0.174475, "log_mass_c": -0.050907, "lat": 28.7954095780775, "lon": 76.1369304069779}, {"country_iso": "IND", "city_id": 6834, "city": "Silvassa", "pop_total": 55276.9374062688, "mass_total": 8771479.67949899, "log_pop": 4.742544, "log_mass": 6.943073, "log_pop_c": -0.466822, "log_mass_c": -0.293635, "lat": 20.2433421387484, "lon": 73.0226609925523}, {"country_iso": "IND", "city_id": 6840, "city": "Vasai-Virar", "pop_total": 477137.753409236, "mass_total": 37737262.6287235, "log_pop": 5.678644, "log_mass": 7.57677, "log_pop_c": 0.469278, "log_mass_c": 0.340062, "lat": 19.4071527282749, "lon": 72.8275703563948}, {"country_iso": "IND", "city_id": 6845, "city": "Mumbai", "pop_total": 13265668.0713559, "mass_total": 547057517.313094, "log_pop": 7.122729, "log_mass": 8.738033, "log_pop_c": 1.913363, "log_mass_c": 1.501325, "lat": 19.14112920527, "lon": 72.9708006047107}, {"country_iso": "IND", "city_id": 6856, "city": "Kurukshetra", "pop_total": 102923.562429566, "mass_total": 18441862.4590551, "log_pop": 5.012515, "log_mass": 7.265805, "log_pop_c": -0.196851, "log_mass_c": 0.029097, "lat": 29.9670846523891, "lon": 76.8548865464582}, {"country_iso": "IND", "city_id": 6891, "city": "Rohtak", "pop_total": 224740.127555608, "mass_total": 29325326.0604273, "log_pop": 5.351681, "log_mass": 7.467243, "log_pop_c": 0.142315, "log_mass_c": 0.230535, "lat": 28.8903745479546, "lon": 76.5963930411247}, {"country_iso": "IND", "city_id": 6893, "city": "Jaipur", "pop_total": 1838846.15937792, "mass_total": 178107954.412352, "log_pop": 6.264545, "log_mass": 8.250683, "log_pop_c": 1.055179, "log_mass_c": 1.013975, "lat": 26.8961209256408, "lon": 75.7833372621958}, {"country_iso": "IND", "city_id": 6900, "city": "Karnal", "pop_total": 182016.307912578, "mass_total": 25834537.8822346, "log_pop": 5.26011, "log_mass": 7.412201, "log_pop_c": 0.050744, "log_mass_c": 0.175493, "lat": 29.6716074024917, "lon": 76.9891434481093}, {"country_iso": "IND", "city_id": 6901, "city": "Sithana", "pop_total": 57324.1414109305, "mass_total": 11565989.1998804, "log_pop": 4.758338, "log_mass": 7.063183, "log_pop_c": -0.451028, "log_mass_c": -0.173525, "lat": 29.4645216496491, "lon": 76.8747564331503}, {"country_iso": "IND", "city_id": 6907, "city": "Yamunanagar", "pop_total": 262312.807966905, "mass_total": 31629953.715582, "log_pop": 5.418819, "log_mass": 7.500099, "log_pop_c": 0.209454, "log_mass_c": 0.263391, "lat": 30.1339065386527, "lon": 77.2908682153554}, {"country_iso": "IND", "city_id": 6912, "city": "Panipat", "pop_total": 315022.942564899, "mass_total": 41002858.7227003, "log_pop": 5.498342, "log_mass": 7.612814, "log_pop_c": 0.288976, "log_mass_c": 0.376106, "lat": 29.3930511970699, "lon": 76.9772698136557}, {"country_iso": "IND", "city_id": 6948, "city": "Rewari", "pop_total": 71105.2261507502, "mass_total": 10327155.8044581, "log_pop": 4.851902, "log_mass": 7.013981, "log_pop_c": -0.357464, "log_mass_c": -0.222727, "lat": 28.1948085658762, "lon": 76.620400443148}, {"country_iso": "IND", "city_id": 6955, "city": "Delhi [New Delhi]", "pop_total": 18184597.5493308, "mass_total": 1292926677.41632, "log_pop": 7.259704, "log_mass": 9.111574, "log_pop_c": 2.050338, "log_mass_c": 1.874866, "lat": 28.6289217249706, "lon": 77.2034729838117}, {"country_iso": "IND", "city_id": 6965, "city": "Saharanpur", "pop_total": 580387.234856548, "mass_total": 28901330.0336034, "log_pop": 5.763718, "log_mass": 7.460918, "log_pop_c": 0.554352, "log_mass_c": 0.22421, "lat": 29.963097042283, "lon": 77.5607322799368}, {"country_iso": "IND", "city_id": 6970, "city": "Nashik", "pop_total": 641074.63004441, "mass_total": 59338235.1574593, "log_pop": 5.806909, "log_mass": 7.773335, "log_pop_c": 0.597543, "log_mass_c": 0.536627, "lat": 19.9799557681174, "lon": 73.7899931733472}, {"country_iso": "IND", "city_id": 6974, "city": "Shamli", "pop_total": 59848.0727463666, "mass_total": 5689244.32922414, "log_pop": 4.77705, "log_mass": 6.755055, "log_pop_c": -0.432316, "log_mass_c": -0.481653, "lat": 29.4475590638077, "lon": 77.3092032408663}, {"country_iso": "IND", "city_id": 6978, "city": "Bhiwadi", "pop_total": 119131.633288984, "mass_total": 24346741.4687113, "log_pop": 5.076027, "log_mass": 7.386441, "log_pop_c": -0.133339, "log_mass_c": 0.149733, "lat": 28.2021254601819, "lon": 76.8357664831823}, {"country_iso": "IND", "city_id": 6995, "city": "Alwar", "pop_total": 184440.180781796, "mass_total": 23277197.6919675, "log_pop": 5.265856, "log_mass": 7.366931, "log_pop_c": 0.05649, "log_mass_c": 0.130223, "lat": 27.5493462959148, "lon": 76.6454507926853}, {"country_iso": "IND", "city_id": 7011, "city": "Ratlam", "pop_total": 92953.1181220447, "mass_total": 10944890.0994905, "log_pop": 4.968264, "log_mass": 7.039211, "log_pop_c": -0.241102, "log_mass_c": -0.197496, "lat": 23.3378485830304, "lon": 75.0400178523802}, {"country_iso": "IND", "city_id": 7016, "city": "Dehradun", "pop_total": 404546.134102752, "mass_total": 44569343.4048992, "log_pop": 5.606968, "log_mass": 7.649036, "log_pop_c": 0.397602, "log_mass_c": 0.412328, "lat": 30.3106064140659, "lon": 78.0387602691467}, {"country_iso": "IND", "city_id": 7028, "city": "Kota", "pop_total": 401593.354488343, "mass_total": 49401272.1186349, "log_pop": 5.603787, "log_mass": 7.693738, "log_pop_c": 0.394421, "log_mass_c": 0.45703, "lat": 25.1731189973943, "lon": 75.8566373568556}, {"country_iso": "IND", "city_id": 7030, "city": "Muzaffarnagar", "pop_total": 320065.254648016, "mass_total": 24479951.9856425, "log_pop": 5.505239, "log_mass": 7.388811, "log_pop_c": 0.295873, "log_mass_c": 0.152103, "lat": 29.4688178705224, "lon": 77.7117686626706}, {"country_iso": "IND", "city_id": 7033, "city": "Roorkee", "pop_total": 123042.47688927, "mass_total": 12274363.3849406, "log_pop": 5.090055, "log_mass": 7.088999, "log_pop_c": -0.119311, "log_mass_c": -0.147709, "lat": 29.8577716707585, "lon": 77.886783671828}, {"country_iso": "IND", "city_id": 7041, "city": "Pune", "pop_total": 3300799.25969495, "mass_total": 279424658.122132, "log_pop": 6.518619, "log_mass": 8.446265, "log_pop_c": 1.309253, "log_mass_c": 1.209557, "lat": 18.5691411443226, "lon": 73.852561340158}, {"country_iso": "IND", "city_id": 7055, "city": "Haridwar", "pop_total": 175684.784019375, "mass_total": 22355307.0087022, "log_pop": 5.244734, "log_mass": 7.349381, "log_pop_c": 0.035368, "log_mass_c": 0.112673, "lat": 29.9394762940481, "lon": 78.1012172186159}, {"country_iso": "IND", "city_id": 7061, "city": "Meerut", "pop_total": 956543.993130465, "mass_total": 78243247.597673, "log_pop": 5.980705, "log_mass": 7.893447, "log_pop_c": 0.771339, "log_mass_c": 0.656739, "lat": 28.9858749071465, "lon": 77.6990738940854}, {"country_iso": "IND", "city_id": 7063, "city": "Modinagar", "pop_total": 91110.1096489738, "mass_total": 9129967.19735515, "log_pop": 4.959567, "log_mass": 6.960469, "log_pop_c": -0.249799, "log_mass_c": -0.276239, "lat": 28.830211326227, "lon": 77.574171193141}, {"country_iso": "IND", "city_id": 7077, "city": "Palwal", "pop_total": 68656.4953881114, "mass_total": 8513150.88790576, "log_pop": 4.836682, "log_mass": 6.93009, "log_pop_c": -0.372684, "log_mass_c": -0.306618, "lat": 28.1489478645353, "lon": 77.3316733890825}, {"country_iso": "IND", "city_id": 7081, "city": "Rishikesh", "pop_total": 62979.5275839768, "mass_total": 7462054.02506717, "log_pop": 4.799199, "log_mass": 6.872858, "log_pop_c": -0.410167, "log_mass_c": -0.36385, "lat": 30.0870723010312, "lon": 78.2753867950674}, {"country_iso": "IND", "city_id": 7084, "city": "Malegaon", "pop_total": 196422.550554287, "mass_total": 16321130.1302836, "log_pop": 5.293191, "log_mass": 7.21275, "log_pop_c": 0.083825, "log_mass_c": -0.023958, "lat": 20.5531613871722, "lon": 74.5284895864072}, {"country_iso": "IND", "city_id": 7085, "city": "Greater Noida", "pop_total": 69454.4577663702, "mass_total": 27060066.7656164, "log_pop": 4.8417, "log_mass": 7.432329, "log_pop_c": -0.367666, "log_mass_c": 0.195621, "lat": 28.4608449905017, "lon": 77.5270548628684}, {"country_iso": "IND", "city_id": 7108, "city": "Hapur", "pop_total": 138431.884818696, "mass_total": 12028606.1565504, "log_pop": 5.141236, "log_mass": 7.080215, "log_pop_c": -0.06813, "log_mass_c": -0.156493, "lat": 28.7339710877701, "lon": 77.7858782211575}, {"country_iso": "IND", "city_id": 7109, "city": "Dhule", "pop_total": 151790.846066984, "mass_total": 17402754.3105671, "log_pop": 5.181246, "log_mass": 7.240618, "log_pop_c": -0.02812, "log_mass_c": 0.00391, "lat": 20.8944335553796, "lon": 74.7683864263392}, {"country_iso": "IND", "city_id": 7115, "city": "Sikandarabad", "pop_total": 66766.2374744555, "mass_total": 7221477.4664296, "log_pop": 4.824557, "log_mass": 6.858626, "log_pop_c": -0.384809, "log_mass_c": -0.378082, "lat": 28.4651550971971, "lon": 77.6778626612738}, {"country_iso": "IND", "city_id": 7122, "city": "Bijnor", "pop_total": 62665.73468601, "mass_total": 6163680.57689641, "log_pop": 4.79703, "log_mass": 6.78984, "log_pop_c": -0.412336, "log_mass_c": -0.446868, "lat": 29.3809072532648, "lon": 78.1363971934842}, {"country_iso": "IND", "city_id": 7135, "city": "Najibabad", "pop_total": 65220.9876795451, "mass_total": 5398330.3934824, "log_pop": 4.814387, "log_mass": 6.732259, "log_pop_c": -0.394979, "log_mass_c": -0.504448, "lat": 29.6128363262519, "lon": 78.3274823337449}, {"country_iso": "IND", "city_id": 7139, "city": "Satara", "pop_total": 56705.0106147953, "mass_total": 10725996.741536, "log_pop": 4.753621, "log_mass": 7.030438, "log_pop_c": -0.455744, "log_mass_c": -0.20627, "lat": 17.6864970419131, "lon": 74.0138662364593}, {"country_iso": "IND", "city_id": 7145, "city": "Bulandshahr", "pop_total": 160498.367417687, "mass_total": 11731641.6887127, "log_pop": 5.205471, "log_mass": 7.069359, "log_pop_c": -0.003895, "log_mass_c": -0.167349, "lat": 28.4046063142914, "lon": 77.8411327061438}, {"country_iso": "IND", "city_id": 7158, "city": "Ujjain", "pop_total": 174598.45206426, "mass_total": 19711111.1641226, "log_pop": 5.24204, "log_mass": 7.294711, "log_pop_c": 0.032674, "log_mass_c": 0.058003, "lat": 23.1752553692887, "lon": 75.797877235556}, {"country_iso": "IND", "city_id": 7163, "city": "Khurja", "pop_total": 77866.9809527715, "mass_total": 6792859.51933118, "log_pop": 4.891353, "log_mass": 6.832053, "log_pop_c": -0.318013, "log_mass_c": -0.404655, "lat": 28.2388968146274, "lon": 77.8465255800432}, {"country_iso": "IND", "city_id": 7184, "city": "Bharatpur", "pop_total": 113144.856096305, "mass_total": 13484692.6878055, "log_pop": 5.053635, "log_mass": 7.129841, "log_pop_c": -0.155731, "log_mass_c": -0.106867, "lat": 27.2182667853343, "lon": 77.4970728827215}, {"country_iso": "IND", "city_id": 7187, "city": "Mathura", "pop_total": 83829.1058378594, "mass_total": 24214995.8791456, "log_pop": 4.923395, "log_mass": 7.384084, "log_pop_c": -0.285971, "log_mass_c": 0.147376, "lat": 27.4967269648138, "lon": 77.6620757672404}, {"country_iso": "IND", "city_id": 7190, "city": "Indore", "pop_total": 1491079.44016798, "mass_total": 113047037.901968, "log_pop": 6.173501, "log_mass": 8.053259, "log_pop_c": 0.964135, "log_mass_c": 0.816551, "lat": 22.681097248, "lon": 75.8416504130096}, {"country_iso": "IND", "city_id": 7197, "city": "Ahmadnagar", "pop_total": 128964.143256429, "mass_total": 21840286.7120784, "log_pop": 5.110469, "log_mass": 7.339258, "log_pop_c": -0.098897, "log_mass_c": 0.10255, "lat": 19.1122832204515, "lon": 74.7302835992128}, {"country_iso": "IND", "city_id": 7207, "city": "Gokul", "pop_total": 55343.56533714, "mass_total": 6516493.0913291, "log_pop": 4.743067, "log_mass": 6.814014, "log_pop_c": -0.466299, "log_mass_c": -0.422694, "lat": 27.3999987147308, "lon": 77.6918576513129}, {"country_iso": "IND", "city_id": 7218, "city": "Kolhapur", "pop_total": 249121.524671772, "mass_total": 22780662.9982301, "log_pop": 5.396411, "log_mass": 7.357566, "log_pop_c": 0.187045, "log_mass_c": 0.120858, "lat": 16.6915828420561, "lon": 74.2428535994074}, {"country_iso": "IND", "city_id": 7220, "city": "Dewas", "pop_total": 80804.8753797419, "mass_total": 12688464.5230038, "log_pop": 4.907438, "log_mass": 7.103409, "log_pop_c": -0.301928, "log_mass_c": -0.133299, "lat": 22.9561029328643, "lon": 76.0400929039353}, {"country_iso": "IND", "city_id": 7221, "city": "Amroha", "pop_total": 76588.3470522376, "mass_total": 5903401.22391341, "log_pop": 4.884163, "log_mass": 6.771102, "log_pop_c": -0.325203, "log_mass_c": -0.465606, "lat": 28.8949125330998, "lon": 78.4694081898783}, {"country_iso": "IND", "city_id": 7227, "city": "Aligarh", "pop_total": 587214.402134873, "mass_total": 46199379.6384239, "log_pop": 5.768797, "log_mass": 7.664636, "log_pop_c": 0.559431, "log_mass_c": 0.427928, "lat": 27.9036715156162, "lon": 78.0816048296287}, {"country_iso": "IND", "city_id": 7248, "city": "Jalgaon", "pop_total": 210433.089621361, "mass_total": 20959390.3008259, "log_pop": 5.323114, "log_mass": 7.321379, "log_pop_c": 0.113748, "log_mass_c": 0.084671, "lat": 21.000440447374, "lon": 75.5595627975307}, {"country_iso": "IND", "city_id": 7251, "city": "Moradabad", "pop_total": 575251.891403886, "mass_total": 39068504.0765783, "log_pop": 5.759858, "log_mass": 7.591827, "log_pop_c": 0.550492, "log_mass_c": 0.355119, "lat": 28.8274845219316, "lon": 78.743446053984}, {"country_iso": "IND", "city_id": 7254, "city": "Hathras", "pop_total": 95271.5042022033, "mass_total": 9733487.27401615, "log_pop": 4.978963, "log_mass": 6.988268, "log_pop_c": -0.230403, "log_mass_c": -0.248439, "lat": 27.6272822014591, "lon": 78.0629518180639}, {"country_iso": "IND", "city_id": 7257, "city": "Ranjangoan", "pop_total": 64700.2650643442, "mass_total": 13007618.3647766, "log_pop": 4.810906, "log_mass": 7.114198, "log_pop_c": -0.39846, "log_mass_c": -0.12251, "lat": 19.8345077940209, "lon": 75.2268070291077}, {"country_iso": "IND", "city_id": 7264, "city": "Agra", "pop_total": 1256747.50916568, "mass_total": 89089788.409848, "log_pop": 6.099248, "log_mass": 7.949828, "log_pop_c": 0.889882, "log_mass_c": 0.71312, "lat": 27.1690708867017, "lon": 77.9997462064304}, {"country_iso": "IND", "city_id": 7266, "city": "Aurangabad", "pop_total": 640774.692911159, "mass_total": 47719884.0277009, "log_pop": 5.806705, "log_mass": 7.678699, "log_pop_c": 0.597339, "log_mass_c": 0.441991, "lat": 19.8740250548786, "lon": 75.3385103829682}, {"country_iso": "IND", "city_id": 7267, "city": "Sambhal", "pop_total": 89360.0696681415, "mass_total": 7108611.74297539, "log_pop": 4.951143, "log_mass": 6.851785, "log_pop_c": -0.258222, "log_mass_c": -0.384923, "lat": 28.5746555523743, "lon": 78.5698560629945}, {"country_iso": "IND", "city_id": 7272, "city": "Ichalkaranji", "pop_total": 113457.270894997, "mass_total": 9723236.96096679, "log_pop": 5.054832, "log_mass": 6.987811, "log_pop_c": -0.154534, "log_mass_c": -0.248897, "lat": 16.6982862034624, "lon": 74.4547779798584}, {"country_iso": "IND", "city_id": 7275, "city": "Thakurdwara", "pop_total": 80573.6556335094, "mass_total": 10389001.038284, "log_pop": 4.906193, "log_mass": 7.016574, "log_pop_c": -0.303173, "log_mass_c": -0.220134, "lat": 29.1991193705936, "lon": 78.9234552556903}, {"country_iso": "IND", "city_id": 7288, "city": "Sangli", "pop_total": 150280.419659117, "mass_total": 13438155.8586212, "log_pop": 5.176902, "log_mass": 7.12834, "log_pop_c": -0.032464, "log_mass_c": -0.108368, "lat": 16.8566083056679, "lon": 74.6041029668681}, {"country_iso": "IND", "city_id": 7298, "city": "Dhaulpur", "pop_total": 57695.508144072, "mass_total": 6856485.70323588, "log_pop": 4.761142, "log_mass": 6.836102, "log_pop_c": -0.448224, "log_mass_c": -0.400606, "lat": 26.7050678436929, "lon": 77.8838953155728}, {"country_iso": "IND", "city_id": 7299, "city": "Bhusawal", "pop_total": 63533.0666599535, "mass_total": 6987097.48780289, "log_pop": 4.803, "log_mass": 6.844297, "log_pop_c": -0.406366, "log_mass_c": -0.392411, "lat": 21.0433609708135, "lon": 75.8055310078538}, {"country_iso": "IND", "city_id": 7323, "city": "Chandausi", "pop_total": 73573.3543352688, "mass_total": 4946485.45852527, "log_pop": 4.866721, "log_mass": 6.694297, "log_pop_c": -0.342645, "log_mass_c": -0.542411, "lat": 28.4497763245647, "lon": 78.7846406026352}, {"country_iso": "IND", "city_id": 7337, "city": "Morena", "pop_total": 80982.8779119379, "mass_total": 8393699.99137845, "log_pop": 4.908393, "log_mass": 6.923953, "log_pop_c": -0.300973, "log_mass_c": -0.312754, "lat": 26.4923081029573, "lon": 77.9864269601559}, {"country_iso": "IND", "city_id": 7341, "city": "Rampur", "pop_total": 217284.116071118, "mass_total": 12123218.369927, "log_pop": 5.337028, "log_mass": 7.083618, "log_pop_c": 0.127662, "log_mass_c": -0.15309, "lat": 28.7925602677865, "lon": 79.0304835696659}, {"country_iso": "IND", "city_id": 7352, "city": "Khandwa", "pop_total": 60881.4621863403, "mass_total": 6377659.59735263, "log_pop": 4.784485, "log_mass": 6.804661, "log_pop_c": -0.424881, "log_mass_c": -0.432047, "lat": 21.8232355437453, "lon": 76.3419152239174}, {"country_iso": "IND", "city_id": 7355, "city": "Firozabad", "pop_total": 296910.320083487, "mass_total": 19010814.5213493, "log_pop": 5.472625, "log_mass": 7.279001, "log_pop_c": 0.263259, "log_mass_c": 0.042293, "lat": 27.1646240757924, "lon": 78.4005004856863}, {"country_iso": "IND", "city_id": 7365, "city": "Burhanpur", "pop_total": 64807.3686102325, "mass_total": 6476987.52430431, "log_pop": 4.811624, "log_mass": 6.811373, "log_pop_c": -0.397742, "log_mass_c": -0.425335, "lat": 21.3174185412087, "lon": 76.2169031343336}, {"country_iso": "IND", "city_id": 7376, "city": "Etah", "pop_total": 76307.4282524221, "mass_total": 6674966.27722694, "log_pop": 4.882567, "log_mass": 6.824449, "log_pop_c": -0.326799, "log_mass_c": -0.412259, "lat": 27.5643367236689, "lon": 78.6582064056977}, {"country_iso": "IND", "city_id": 7384, "city": "Jalna", "pop_total": 85611.5111128078, "mass_total": 10230154.019061, "log_pop": 4.932532, "log_mass": 7.009882, "log_pop_c": -0.276834, "log_mass_c": -0.226826, "lat": 19.8470847226501, "lon": 75.8839024178955}, {"country_iso": "IND", "city_id": 7387, "city": "Gwalior", "pop_total": 488311.542215269, "mass_total": 43372597.2232038, "log_pop": 5.688697, "log_mass": 7.637215, "log_pop_c": 0.479331, "log_mass_c": 0.400508, "lat": 26.2244632797861, "lon": 78.1752972623925}, {"country_iso": "IND", "city_id": 7391, "city": "Haldwani", "pop_total": 96348.865925671, "mass_total": 14771234.8484672, "log_pop": 4.983847, "log_mass": 7.169417, "log_pop_c": -0.225519, "log_mass_c": -0.067291, "lat": 29.2130763677989, "lon": 79.5190330167268}, {"country_iso": "IND", "city_id": 7392, "city": "Rudrapur", "pop_total": 106721.497767594, "mass_total": 17680794.7735864, "log_pop": 5.028252, "log_mass": 7.247502, "log_pop_c": -0.181114, "log_mass_c": 0.010794, "lat": 28.9903552154864, "lon": 79.4016861272471}, {"country_iso": "IND", "city_id": 7406, "city": "Shikohabad", "pop_total": 50545.3148224962, "mass_total": 6004146.77681659, "log_pop": 4.703681, "log_mass": 6.778451, "log_pop_c": -0.505685, "log_mass_c": -0.458257, "lat": 27.1067752498561, "lon": 78.5905162607137}, {"country_iso": "IND", "city_id": 7417, "city": "Beed", "pop_total": 70600.2991346397, "mass_total": 8545845.24787035, "log_pop": 4.848807, "log_mass": 6.931755, "log_pop_c": -0.360559, "log_mass_c": -0.304953, "lat": 18.9916486104105, "lon": 75.755409456558}, {"country_iso": "IND", "city_id": 7430, "city": "Budaun", "pop_total": 95469.9794015585, "mass_total": 5860264.27247396, "log_pop": 4.979867, "log_mass": 6.767917, "log_pop_c": -0.229499, "log_mass_c": -0.468791, "lat": 28.0334376669078, "lon": 79.1307385482947}, {"country_iso": "IND", "city_id": 7436, "city": "Bareilly", "pop_total": 682138.558778976, "mass_total": 39303105.9788554, "log_pop": 5.833873, "log_mass": 7.594427, "log_pop_c": 0.624507, "log_mass_c": 0.357719, "lat": 28.3844596453741, "lon": 79.4171607886135}, {"country_iso": "IND", "city_id": 7459, "city": "Bhopal", "pop_total": 888718.222006832, "mass_total": 83931544.0388385, "log_pop": 5.948764, "log_mass": 7.923925, "log_pop_c": 0.739398, "log_mass_c": 0.687217, "lat": 23.2411863686235, "lon": 77.423361666168}, {"country_iso": "IND", "city_id": 7473, "city": "Mainpuri", "pop_total": 76355.662974754, "mass_total": 9067772.06034672, "log_pop": 4.882841, "log_mass": 6.957501, "log_pop_c": -0.326525, "log_mass_c": -0.279207, "lat": 27.2270528244419, "lon": 79.0251700212969}, {"country_iso": "IND", "city_id": 7483, "city": "Bhind", "pop_total": 94237.0810418297, "mass_total": 6800648.8003154, "log_pop": 4.974222, "log_mass": 6.83255, "log_pop_c": -0.235144, "log_mass_c": -0.404158, "lat": 26.5619595478253, "lon": 78.7855376063192}, {"country_iso": "IND", "city_id": 7491, "city": "Etawah", "pop_total": 109252.786378139, "mass_total": 13012150.1681802, "log_pop": 5.038433, "log_mass": 7.114349, "log_pop_c": -0.170933, "log_mass_c": -0.122359, "lat": 26.7982435833856, "lon": 79.008219422965}, {"country_iso": "IND", "city_id": 7496, "city": "Mangaluru", "pop_total": 100641.364460257, "mass_total": 25040700.6875616, "log_pop": 5.002777, "log_mass": 7.398646, "log_pop_c": -0.206589, "log_mass_c": 0.161939, "lat": 12.905704646969, "lon": 74.850689441678}, {"country_iso": "IND", "city_id": 7497, "city": "Pilibhit", "pop_total": 84004.3965780109, "mass_total": 6197440.12254393, "log_pop": 4.924302, "log_mass": 6.792212, "log_pop_c": -0.285064, "log_mass_c": -0.444496, "lat": 28.6232690973171, "lon": 79.8096711955194}, {"country_iso": "IND", "city_id": 7509, "city": "Solapur", "pop_total": 462473.193356092, "mass_total": 32195384.2160742, "log_pop": 5.665087, "log_mass": 7.507794, "log_pop_c": 0.455721, "log_mass_c": 0.271086, "lat": 17.6555528295266, "lon": 75.9208094920411}, {"country_iso": "IND", "city_id": 7510, "city": "Vijayapura", "pop_total": 120060.595551829, "mass_total": 15286114.8565433, "log_pop": 5.0794, "log_mass": 7.184297, "log_pop_c": -0.129965, "log_mass_c": -0.052411, "lat": 16.8344615480998, "lon": 75.7209542058587}, {"country_iso": "IND", "city_id": 7518, "city": "Jhansi", "pop_total": 181873.477492871, "mass_total": 18934553.8272065, "log_pop": 5.259769, "log_mass": 7.277255, "log_pop_c": 0.050403, "log_mass_c": 0.040547, "lat": 25.4508770608009, "lon": 78.5631005355757}, {"country_iso": "IND", "city_id": 7523, "city": "Vidisha", "pop_total": 55382.6640301424, "mass_total": 6020439.7781972, "log_pop": 4.743374, "log_mass": 6.779628, "log_pop_c": -0.465992, "log_mass_c": -0.45708, "lat": 23.5211880670909, "lon": 77.8117057298701}, {"country_iso": "IND", "city_id": 7547, "city": "Akola", "pop_total": 177417.488647543, "mass_total": 17157024.9203839, "log_pop": 5.248996, "log_mass": 7.234442, "log_pop_c": 0.039631, "log_mass_c": -0.002266, "lat": 20.6981136570299, "lon": 77.0243865986786}, {"country_iso": "IND", "city_id": 7558, "city": "Farrukhabad", "pop_total": 156557.539570281, "mass_total": 13542023.8010408, "log_pop": 5.194674, "log_mass": 7.131684, "log_pop_c": -0.014692, "log_mass_c": -0.105024, "lat": 27.3810922491127, "lon": 79.6053933849579}, {"country_iso": "IND", "city_id": 7561, "city": "Gadag", "pop_total": 50849.7207541933, "mass_total": 6025316.49644438, "log_pop": 4.706289, "log_mass": 6.77998, "log_pop_c": -0.503077, "log_mass_c": -0.456728, "lat": 15.4299407295123, "lon": 75.6350178989861}, {"country_iso": "IND", "city_id": 7566, "city": "Shahjahanpur", "pop_total": 182188.53564651, "mass_total": 15745139.4544419, "log_pop": 5.260521, "log_mass": 7.197147, "log_pop_c": 0.051155, "log_mass_c": -0.039561, "lat": 27.8572570308085, "lon": 79.9113688977793}, {"country_iso": "IND", "city_id": 7586, "city": "Parbhani", "pop_total": 112281.315509403, "mass_total": 10308763.003203, "log_pop": 5.050307, "log_mass": 7.013207, "log_pop_c": -0.159058, "log_mass_c": -0.223501, "lat": 19.2659604207959, "lon": 76.7785125047583}, {"country_iso": "IND", "city_id": 7588, "city": "Latur", "pop_total": 119890.847044776, "mass_total": 15694924.3318095, "log_pop": 5.078786, "log_mass": 7.195759, "log_pop_c": -0.13058, "log_mass_c": -0.040949, "lat": 18.4030205599363, "lon": 76.5671922175225}, {"country_iso": "IND", "city_id": 7602, "city": "Shivamogga", "pop_total": 95166.8148750754, "mass_total": 9930081.68301101, "log_pop": 4.978486, "log_mass": 6.996953, "log_pop_c": -0.23088, "log_mass_c": -0.239755, "lat": 13.9279829438794, "lon": 75.5736206115834}, {"country_iso": "IND", "city_id": 7609, "city": "Kannur", "pop_total": 63464.3497283412, "mass_total": 9352742.85375162, "log_pop": 4.80253, "log_mass": 6.970939, "log_pop_c": -0.406836, "log_mass_c": -0.265769, "lat": 11.936514877149, "lon": 75.3442498927301}, {"country_iso": "IND", "city_id": 7644, "city": "Orai", "pop_total": 65471.1777426832, "mass_total": 9511355.86368566, "log_pop": 4.81605, "log_mass": 6.978242, "log_pop_c": -0.393316, "log_mass_c": -0.258465, "lat": 25.995616616793, "lon": 79.4598511851723}, {"country_iso": "IND", "city_id": 7655, "city": "Davanagere", "pop_total": 142792.849109029, "mass_total": 13622053.0105223, "log_pop": 5.154706, "log_mass": 7.134243, "log_pop_c": -0.054659, "log_mass_c": -0.102465, "lat": 14.4569786294305, "lon": 75.9242357744175}, {"country_iso": "IND", "city_id": 7665, "city": "Hardoi", "pop_total": 111588.867043798, "mass_total": 8633421.73694499, "log_pop": 5.047621, "log_mass": 6.936183, "log_pop_c": -0.161745, "log_mass_c": -0.300525, "lat": 27.3923352700808, "lon": 80.1378170846017}, {"country_iso": "IND", "city_id": 7669, "city": "Thalassery", "pop_total": 64811.7292992985, "mass_total": 6365060.87368484, "log_pop": 4.811654, "log_mass": 6.803803, "log_pop_c": -0.397712, "log_mass_c": -0.432905, "lat": 11.6904724868275, "lon": 75.5569155204738}, {"country_iso": "IND", "city_id": 7673, "city": "Sagar", "pop_total": 90494.9764629832, "mass_total": 12583499.5367214, "log_pop": 4.956624, "log_mass": 7.099801, "log_pop_c": -0.252741, "log_mass_c": -0.136906, "lat": 23.845136887725, "lon": 78.7641314804325}, {"country_iso": "IND", "city_id": 7680, "city": "Amravati", "pop_total": 247553.94082463, "mass_total": 24427948.8245238, "log_pop": 5.39367, "log_mass": 7.387887, "log_pop_c": 0.184304, "log_mass_c": 0.151179, "lat": 20.9183291748136, "lon": 77.7571522119042}, {"country_iso": "IND", "city_id": 7697, "city": "Nanded-Waghala", "pop_total": 275885.268855821, "mass_total": 19873525.3885578, "log_pop": 5.440729, "log_mass": 7.298275, "log_pop_c": 0.231363, "log_mass_c": 0.061567, "lat": 19.1534589852439, "lon": 77.3195638029157}, {"country_iso": "IND", "city_id": 7702, "city": "Kalaburagi", "pop_total": 200808.903957326, "mass_total": 22994772.2029944, "log_pop": 5.302783, "log_mass": 7.361629, "log_pop_c": 0.093417, "log_mass_c": 0.124921, "lat": 17.3361294057423, "lon": 76.837800110323}, {"country_iso": "IND", "city_id": 7724, "city": "Kozhikode", "pop_total": 211047.219223505, "mass_total": 23017618.2538169, "log_pop": 5.32438, "log_mass": 7.36206, "log_pop_c": 0.115014, "log_mass_c": 0.125352, "lat": 11.2025885423752, "lon": 75.8560347778165}, {"country_iso": "IND", "city_id": 7731, "city": "Lakhimpur", "pop_total": 93231.7188955382, "mass_total": 8979335.71409263, "log_pop": 4.969564, "log_mass": 6.953244, "log_pop_c": -0.239802, "log_mass_c": -0.283464, "lat": 27.950930759, "lon": 80.781502641601}, {"country_iso": "IND", "city_id": 7750, "city": "Sitapur", "pop_total": 90596.4542628307, "mass_total": 8868051.07790336, "log_pop": 4.957111, "log_mass": 6.947828, "log_pop_c": -0.252255, "log_mass_c": -0.28888, "lat": 27.5619425742261, "lon": 80.6898195559373}, {"country_iso": "IND", "city_id": 7756, "city": "Kanpur", "pop_total": 1980788.59350171, "mass_total": 126982704.353742, "log_pop": 6.296838, "log_mass": 8.103745, "log_pop_c": 1.087472, "log_mass_c": 0.867037, "lat": 26.4544665079408, "lon": 80.3092005397422}, {"country_iso": "IND", "city_id": 7779, "city": "Guruvayur", "pop_total": 68057.7440405266, "mass_total": 8960070.00105304, "log_pop": 4.832878, "log_mass": 6.952311, "log_pop_c": -0.376488, "log_mass_c": -0.284396, "lat": 10.7725429179313, "lon": 75.9897811399129}, {"country_iso": "IND", "city_id": 7788, "city": "Yavatmal", "pop_total": 74128.0543351417, "mass_total": 11077061.7927324, "log_pop": 4.869983, "log_mass": 7.044425, "log_pop_c": -0.339383, "log_mass_c": -0.192283, "lat": 20.3905792312471, "lon": 78.1192044641902}, {"country_iso": "IND", "city_id": 7796, "city": "Unnao", "pop_total": 109364.016680214, "mass_total": 14021835.4146012, "log_pop": 5.038874, "log_mass": 7.146805, "log_pop_c": -0.170491, "log_mass_c": -0.089903, "lat": 26.5290743137338, "lon": 80.4763915129419}, {"country_iso": "IND", "city_id": 7812, "city": "Damoh", "pop_total": 58597.170335994, "mass_total": 5158476.46970028, "log_pop": 4.767877, "log_mass": 6.712521, "log_pop_c": -0.441489, "log_mass_c": -0.524186, "lat": 23.8341969700034, "lon": 79.4370106933713}, {"country_iso": "IND", "city_id": 7819, "city": "Ballari", "pop_total": 174198.05796981, "mass_total": 20093719.831278, "log_pop": 5.241043, "log_mass": 7.30306, "log_pop_c": 0.031677, "log_mass_c": 0.066352, "lat": 15.1425389328002, "lon": 76.9129860449861}, {"country_iso": "IND", "city_id": 7845, "city": "Chhindwara", "pop_total": 59995.8526037254, "mass_total": 5553587.15038733, "log_pop": 4.778121, "log_mass": 6.744574, "log_pop_c": -0.431245, "log_mass_c": -0.492134, "lat": 22.0600726464953, "lon": 78.9339409814729}, {"country_iso": "IND", "city_id": 7854, "city": "Lucknow", "pop_total": 1990013.52707682, "mass_total": 162621309.508415, "log_pop": 6.298856, "log_mass": 8.211177, "log_pop_c": 1.08949, "log_mass_c": 0.97447, "lat": 26.8613322930004, "lon": 80.9761802938992}, {"country_iso": "IND", "city_id": 7864, "city": "Thrissur", "pop_total": 90635.0446210188, "mass_total": 18189866.5859, "log_pop": 4.957296, "log_mass": 7.25983, "log_pop_c": -0.25207, "log_mass_c": 0.023122, "lat": 10.5293838948428, "lon": 76.2163873497358}, {"country_iso": "IND", "city_id": 7872, "city": "Wardha", "pop_total": 52417.1459630069, "mass_total": 8983805.89498486, "log_pop": 4.719473, "log_mass": 6.95346, "log_pop_c": -0.489893, "log_mass_c": -0.283248, "lat": 20.7419517624974, "lon": 78.6104150813247}, {"country_iso": "IND", "city_id": 7875, "city": "Raichur", "pop_total": 68492.4858939975, "mass_total": 8418373.231323, "log_pop": 4.835643, "log_mass": 6.925228, "log_pop_c": -0.373723, "log_mass_c": -0.31148, "lat": 16.2070999593212, "lon": 77.3493226653901}, {"country_iso": "IND", "city_id": 7884, "city": "Nizamabad", "pop_total": 152234.209410652, "mass_total": 10990235.0422661, "log_pop": 5.182512, "log_mass": 7.041007, "log_pop_c": -0.026854, "log_mass_c": -0.195701, "lat": 18.679751724038, "lon": 78.0908048930125}, {"country_iso": "IND", "city_id": 7885, "city": "Mysuru", "pop_total": 433535.315045922, "mass_total": 41525623.1350181, "log_pop": 5.637024, "log_mass": 7.618316, "log_pop_c": 0.427659, "log_mass_c": 0.381608, "lat": 12.3178978418148, "lon": 76.6366893509192}, {"country_iso": "IND", "city_id": 7886, "city": "Adoni", "pop_total": 53039.512011528, "mass_total": 4395611.17599794, "log_pop": 4.7246, "log_mass": 6.643019, "log_pop_c": -0.484766, "log_mass_c": -0.593689, "lat": 15.6237229076401, "lon": 77.2720379879514}, {"country_iso": "IND", "city_id": 7887, "city": "Kochi", "pop_total": 856390.539633149, "mass_total": 119683935.218742, "log_pop": 5.932672, "log_mass": 8.078036, "log_pop_c": 0.723306, "log_mass_c": 0.841328, "lat": 10.0317466970851, "lon": 76.3343390941315}, {"country_iso": "IND", "city_id": 7923, "city": "Alappuzha", "pop_total": 89279.3499654396, "mass_total": 10073814.2451039, "log_pop": 4.950751, "log_mass": 7.003194, "log_pop_c": -0.258615, "log_mass_c": -0.233514, "lat": 9.56491729633305, "lon": 76.3382903558539}, {"country_iso": "IND", "city_id": 7924, "city": "Fatehpur", "pop_total": 71932.7927753336, "mass_total": 8231053.57237131, "log_pop": 4.856927, "log_mass": 6.915455, "log_pop_c": -0.352439, "log_mass_c": -0.321252, "lat": 25.9293813769657, "lon": 80.8160825792757}, {"country_iso": "IND", "city_id": 7927, "city": "Nagpur", "pop_total": 1698303.28677441, "mass_total": 112268501.423158, "log_pop": 6.230015, "log_mass": 8.050258, "log_pop_c": 1.020649, "log_mass_c": 0.81355, "lat": 21.1434422351073, "lon": 79.071418752859}, {"country_iso": "IND", "city_id": 7944, "city": "Bahraich", "pop_total": 106251.487295476, "mass_total": 8171879.34799209, "log_pop": 5.026335, "log_mass": 6.912322, "log_pop_c": -0.183031, "log_mass_c": -0.324386, "lat": 27.5819149038537, "lon": 81.6137934506382}, {"country_iso": "IND", "city_id": 7950, "city": "Mandya", "pop_total": 52472.3546126721, "mass_total": 5721261.59249533, "log_pop": 4.719931, "log_mass": 6.757492, "log_pop_c": -0.489435, "log_mass_c": -0.479216, "lat": 12.5244574154385, "lon": 76.8998183912501}, {"country_iso": "IND", "city_id": 7957, "city": "Tumakuru", "pop_total": 84183.6075590601, "mass_total": 12198941.8213628, "log_pop": 4.925228, "log_mass": 7.086322, "log_pop_c": -0.284138, "log_mass_c": -0.150386, "lat": 13.3453872947, "lon": 77.1082403261032}, {"country_iso": "IND", "city_id": 7963, "city": "Kollam", "pop_total": 184859.608257866, "mass_total": 23156956.3711167, "log_pop": 5.266842, "log_mass": 7.364681, "log_pop_c": 0.057476, "log_mass_c": 0.127974, "lat": 9.08348303840008, "lon": 76.5526055777366}, {"country_iso": "IND", "city_id": 7970, "city": "Jabalpur", "pop_total": 554164.101950301, "mass_total": 45667885.0807358, "log_pop": 5.743638, "log_mass": 7.659611, "log_pop_c": 0.534272, "log_mass_c": 0.422903, "lat": 23.1792637390262, "lon": 79.9388385673547}, {"country_iso": "IND", "city_id": 7973, "city": "Ettumanoor", "pop_total": 50644.1975933898, "mass_total": 11002652.8939402, "log_pop": 4.70453, "log_mass": 7.041497, "log_pop_c": -0.504836, "log_mass_c": -0.19521, "lat": 9.51961050518236, "lon": 76.5508981027394}, {"country_iso": "IND", "city_id": 7995, "city": "Mahbubnagar", "pop_total": 73089.858017338, "mass_total": 6181512.97949735, "log_pop": 4.863857, "log_mass": 6.791095, "log_pop_c": -0.345509, "log_mass_c": -0.445613, "lat": 16.7456917805482, "lon": 78.0035035016045}, {"country_iso": "IND", "city_id": 7998, "city": "Rae Bareli", "pop_total": 100504.217487072, "mass_total": 9600147.04491885, "log_pop": 5.002184, "log_mass": 6.982278, "log_pop_c": -0.207182, "log_mass_c": -0.25443, "lat": 26.2337089517668, "lon": 81.2530290360435}, {"country_iso": "IND", "city_id": 8005, "city": "Hyderabad", "pop_total": 4921234.51758205, "mass_total": 425941926.130405, "log_pop": 6.692074, "log_mass": 8.62935, "log_pop_c": 1.482708, "log_mass_c": 1.392642, "lat": 17.4340983325427, "lon": 78.4558269915851}, {"country_iso": "IND", "city_id": 8011, "city": "Anantapur", "pop_total": 136164.476035344, "mass_total": 11448033.5061053, "log_pop": 5.134064, "log_mass": 7.058731, "log_pop_c": -0.075302, "log_mass_c": -0.177977, "lat": 14.6716078291769, "lon": 77.5901120073805}, {"country_iso": "IND", "city_id": 8023, "city": "Coimbatore", "pop_total": 796905.538558132, "mass_total": 106238180.625355, "log_pop": 5.901407, "log_mass": 8.026281, "log_pop_c": 0.692041, "log_mass_c": 0.789573, "lat": 10.9927686430491, "lon": 76.9942067043374}, {"country_iso": "IND", "city_id": 8028, "city": "Katni", "pop_total": 55404.6626049528, "mass_total": 7105845.37293972, "log_pop": 4.743546, "log_mass": 6.851616, "log_pop_c": -0.46582, "log_mass_c": -0.385092, "lat": 23.8253476796685, "lon": 80.3922801181022}, {"country_iso": "IND", "city_id": 8050, "city": "Bengaluru", "pop_total": 5951808.96683014, "mass_total": 336635964.495982, "log_pop": 6.774649, "log_mass": 8.527161, "log_pop_c": 1.565283, "log_mass_c": 1.290453, "lat": 13.0201596442498, "lon": 77.5747439895877}, {"country_iso": "IND", "city_id": 8065, "city": "Kurnool", "pop_total": 183316.212565632, "mass_total": 13875891.9546306, "log_pop": 5.263201, "log_mass": 7.142261, "log_pop_c": 0.053835, "log_mass_c": -0.094447, "lat": 15.804695870374, "lon": 78.0295898967503}, {"country_iso": "IND", "city_id": 8067, "city": "Satna", "pop_total": 145328.340712076, "mass_total": 13052427.574458, "log_pop": 5.16235, "log_mass": 7.115691, "log_pop_c": -0.047016, "log_mass_c": -0.121017, "lat": 24.5770624081438, "lon": 80.8338277577414}, {"country_iso": "IND", "city_id": 8078, "city": "Gonda", "pop_total": 68212.3513427734, "mass_total": 6256789.02559025, "log_pop": 4.833863, "log_mass": 6.796352, "log_pop_c": -0.375503, "log_mass_c": -0.440356, "lat": 27.1381115217416, "lon": 81.9623300354517}, {"country_iso": "IND", "city_id": 8091, "city": "Chandrapur", "pop_total": 56289.3924623489, "mass_total": 9595975.86594195, "log_pop": 4.750427, "log_mass": 6.982089, "log_pop_c": -0.458939, "log_mass_c": -0.254619, "lat": 19.9739741893581, "lon": 79.3005890776079}, {"country_iso": "IND", "city_id": 8095, "city": "Thiruvananthapuram", "pop_total": 595779.712409292, "mass_total": 70976009.9738309, "log_pop": 5.775086, "log_mass": 7.851112, "log_pop_c": 0.56572, "log_mass_c": 0.614404, "lat": 8.51499849290202, "lon": 76.97032294166}, {"country_iso": "IND", "city_id": 8104, "city": "Tiruppur", "pop_total": 490784.622111625, "mass_total": 57724679.1935897, "log_pop": 5.690891, "log_mass": 7.761362, "log_pop_c": 0.481525, "log_mass_c": 0.524654, "lat": 11.1165164456062, "lon": 77.3421426748846}, {"country_iso": "IND", "city_id": 8122, "city": "Jigani", "pop_total": 68620.9240407298, "mass_total": 19593104.2333132, "log_pop": 4.836457, "log_mass": 7.292103, "log_pop_c": -0.372909, "log_mass_c": 0.055395, "lat": 12.8065859644685, "lon": 77.6620649016242}, {"country_iso": "IND", "city_id": 8123, "city": "Faizabad", "pop_total": 162371.286543078, "mass_total": 16838946.9460454, "log_pop": 5.210509, "log_mass": 7.226315, "log_pop_c": 0.001143, "log_mass_c": -0.010393, "lat": 26.7703397773463, "lon": 82.1375071128615}, {"country_iso": "IND", "city_id": 8153, "city": "Hosur", "pop_total": 68732.6968370026, "mass_total": 16635000.9353643, "log_pop": 4.837163, "log_mass": 7.221023, "log_pop_c": -0.372203, "log_mass_c": -0.015685, "lat": 12.7417773716742, "lon": 77.8185755248314}, {"country_iso": "IND", "city_id": 8154, "city": "Karimnagar", "pop_total": 152916.457488032, "mass_total": 15757742.8114396, "log_pop": 5.184454, "log_mass": 7.197494, "log_pop_c": -0.024912, "log_mass_c": -0.039214, "lat": 18.440958640785, "lon": 79.1343239103331}, {"country_iso": "IND", "city_id": 8167, "city": "Rewa, Madhya Pradesh", "pop_total": 87955.9012374804, "mass_total": 10986930.084872, "log_pop": 4.944265, "log_mass": 7.040876, "log_pop_c": -0.265101, "log_mass_c": -0.195832, "lat": 24.5388757009228, "lon": 81.2966637999893}, {"country_iso": "IND", "city_id": 8183, "city": "Sultanpur", "pop_total": 71828.9758633894, "mass_total": 6204900.8485499, "log_pop": 4.8563, "log_mass": 6.792735, "log_pop_c": -0.353066, "log_mass_c": -0.443973, "lat": 26.252932924433, "lon": 82.0683338531452}, {"country_iso": "IND", "city_id": 8188, "city": "Erode", "pop_total": 274206.113902509, "mass_total": 34365651.4367085, "log_pop": 5.438077, "log_mass": 7.536125, "log_pop_c": 0.228711, "log_mass_c": 0.299417, "lat": 11.3794617359961, "lon": 77.7108744012162}, {"country_iso": "IND", "city_id": 8191, "city": "Nandyal", "pop_total": 73529.4629494686, "mass_total": 5215221.63183083, "log_pop": 4.866461, "log_mass": 6.717273, "log_pop_c": -0.342905, "log_mass_c": -0.519435, "lat": 15.4692373399465, "lon": 78.4875688032678}, {"country_iso": "IND", "city_id": 8201, "city": "Prayagraj", "pop_total": 843577.352718697, "mass_total": 58053191.9952481, "log_pop": 5.926125, "log_mass": 7.763826, "log_pop_c": 0.716759, "log_mass_c": 0.527118, "lat": 25.4384302180199, "lon": 81.8378202004977}, {"country_iso": "IND", "city_id": 8253, "city": "Proddatur", "pop_total": 74441.7651944777, "mass_total": 5904597.32856612, "log_pop": 4.871817, "log_mass": 6.77119, "log_pop_c": -0.337549, "log_mass_c": -0.465518, "lat": 14.750658340239, "lon": 78.5575813417058}, {"country_iso": "IND", "city_id": 8278, "city": "Salem", "pop_total": 595107.45425798, "mass_total": 39137773.6058037, "log_pop": 5.774595, "log_mass": 7.592596, "log_pop_c": 0.565229, "log_mass_c": 0.355888, "lat": 11.6668532825978, "lon": 78.1490495436424}, {"country_iso": "IND", "city_id": 8284, "city": "Warangal", "pop_total": 333232.701079625, "mass_total": 28051253.8055414, "log_pop": 5.522748, "log_mass": 7.447952, "log_pop_c": 0.313382, "log_mass_c": 0.211244, "lat": 17.9855921183812, "lon": 79.5784708882921}, {"country_iso": "IND", "city_id": 8285, "city": "Nalgonda", "pop_total": 62759.4452440898, "mass_total": 6488804.25195243, "log_pop": 4.797679, "log_mass": 6.812165, "log_pop_c": -0.411687, "log_mass_c": -0.424543, "lat": 17.0646145687222, "lon": 79.2687823326025}, {"country_iso": "IND", "city_id": 8290, "city": "Basti", "pop_total": 57747.8459841036, "mass_total": 6147266.33461533, "log_pop": 4.761536, "log_mass": 6.788682, "log_pop_c": -0.44783, "log_mass_c": -0.448026, "lat": 26.8044755967933, "lon": 82.748459484815}, {"country_iso": "IND", "city_id": 8304, "city": "Karur", "pop_total": 62767.0641655286, "mass_total": 11059305.9039497, "log_pop": 4.797732, "log_mass": 7.043728, "log_pop_c": -0.411634, "log_mass_c": -0.19298, "lat": 10.9585051775796, "lon": 78.0696538885744}, {"country_iso": "IND", "city_id": 8309, "city": "Dindigul", "pop_total": 50273.4736967872, "mass_total": 4977666.7478938, "log_pop": 4.701339, "log_mass": 6.697026, "log_pop_c": -0.508027, "log_mass_c": -0.539682, "lat": 10.3650603841369, "lon": 77.9781296894735}, {"country_iso": "IND", "city_id": 8326, "city": "Kadapa", "pop_total": 127920.564697636, "mass_total": 8039698.4094864, "log_pop": 5.10694, "log_mass": 6.90524, "log_pop_c": -0.102426, "log_mass_c": -0.331468, "lat": 14.4725780430435, "lon": 78.8309704526689}, {"country_iso": "IND", "city_id": 8344, "city": "Madurai", "pop_total": 645371.730716504, "mass_total": 27887994.2649676, "log_pop": 5.80981, "log_mass": 7.445417, "log_pop_c": 0.600444, "log_mass_c": 0.208709, "lat": 9.92359242562933, "lon": 78.1237243449027}, {"country_iso": "IND", "city_id": 8384, "city": "Jaunpur", "pop_total": 92693.4464415382, "mass_total": 8012097.91424868, "log_pop": 4.967049, "log_mass": 6.903746, "log_pop_c": -0.242317, "log_mass_c": -0.332962, "lat": 25.7494514526653, "lon": 82.6866187463214}, {"country_iso": "IND", "city_id": 8398, "city": "Thoothukudi", "pop_total": 55865.5828886256, "mass_total": 6987311.66317375, "log_pop": 4.747144, "log_mass": 6.84431, "log_pop_c": -0.462222, "log_mass_c": -0.392398, "lat": 8.80898787288455, "lon": 78.1322125857138}, {"country_iso": "IND", "city_id": 8404, "city": "Gorakhpur", "pop_total": 524967.097346609, "mass_total": 41710336.1064666, "log_pop": 5.720132, "log_mass": 7.620244, "log_pop_c": 0.510766, "log_mass_c": 0.383536, "lat": 26.7526368139288, "lon": 83.3418352871415}, {"country_iso": "IND", "city_id": 8405, "city": "Mirzapur", "pop_total": 131318.743745879, "mass_total": 8578438.72791435, "log_pop": 5.118327, "log_mass": 6.933408, "log_pop_c": -0.091039, "log_mass_c": -0.3033, "lat": 25.1495018027405, "lon": 82.5586830521376}, {"country_iso": "IND", "city_id": 8448, "city": "Tiruchirappalli", "pop_total": 494240.440767778, "mass_total": 26777755.327899, "log_pop": 5.693938, "log_mass": 7.427774, "log_pop_c": 0.484572, "log_mass_c": 0.191066, "lat": 10.8032109310981, "lon": 78.7190734521686}, {"country_iso": "IND", "city_id": 8462, "city": "Azamgarh", "pop_total": 55828.7077569962, "mass_total": 4578986.48292902, "log_pop": 4.746858, "log_mass": 6.660769, "log_pop_c": -0.462508, "log_mass_c": -0.575939, "lat": 26.0574201087011, "lon": 83.1807526816824}, {"country_iso": "IND", "city_id": 8463, "city": "Varanasi", "pop_total": 1356761.57819081, "mass_total": 88544660.5293605, "log_pop": 6.132504, "log_mass": 7.947162, "log_pop_c": 0.923138, "log_mass_c": 0.710454, "lat": 25.2953645243562, "lon": 83.0057286126535}, {"country_iso": "IND", "city_id": 8464, "city": "Durg", "pop_total": 660444.277787296, "mass_total": 81298386.2023149, "log_pop": 5.819836, "log_mass": 7.910082, "log_pop_c": 0.61047, "log_mass_c": 0.673374, "lat": 21.198154589509, "lon": 81.3594495535148}, {"country_iso": "IND", "city_id": 8474, "city": "Vellore", "pop_total": 215637.380169412, "mass_total": 16857336.8255115, "log_pop": 5.333724, "log_mass": 7.226789, "log_pop_c": 0.124358, "log_mass_c": -0.009919, "lat": 12.9216627358568, "lon": 79.1370010592132}, {"country_iso": "IND", "city_id": 8479, "city": "Khammam", "pop_total": 88231.9432315845, "mass_total": 11467909.4862593, "log_pop": 4.945626, "log_mass": 7.059484, "log_pop_c": -0.26374, "log_mass_c": -0.177224, "lat": 17.251413457235, "lon": 80.1642961654186}, {"country_iso": "IND", "city_id": 8495, "city": "Tiruvannamalai", "pop_total": 61263.5104700837, "mass_total": 5250066.3327977, "log_pop": 4.787202, "log_mass": 6.720165, "log_pop_c": -0.422164, "log_mass_c": -0.516543, "lat": 12.2384974595318, "lon": 79.0710423329112}, {"country_iso": "IND", "city_id": 8505, "city": "Tirupati", "pop_total": 191491.92855924, "mass_total": 14630011.7255585, "log_pop": 5.28215, "log_mass": 7.165245, "log_pop_c": 0.072785, "log_mass_c": -0.071463, "lat": 13.6274333223803, "lon": 79.4339190431179}, {"country_iso": "IND", "city_id": 8509, "city": "Ranipettai", "pop_total": 60511.1113617542, "mass_total": 9412771.6817635, "log_pop": 4.781835, "log_mass": 6.973718, "log_pop_c": -0.427531, "log_mass_c": -0.26299, "lat": 12.9336987349189, "lon": 79.3127456910132}, {"country_iso": "IND", "city_id": 8513, "city": "Raipur", "pop_total": 542823.225722834, "mass_total": 84524444.5965847, "log_pop": 5.734658, "log_mass": 7.926982, "log_pop_c": 0.525292, "log_mass_c": 0.690274, "lat": 21.2578073190126, "lon": 81.6230164164048}, {"country_iso": "IND", "city_id": 8520, "city": "Waidhan", "pop_total": 99120.9892422228, "mass_total": 18518818.5693776, "log_pop": 4.996166, "log_mass": 7.267613, "log_pop_c": -0.2132, "log_mass_c": 0.030905, "lat": 24.114591008423, "lon": 82.6673043517326}, {"country_iso": "IND", "city_id": 8550, "city": "Ongole", "pop_total": 82864.473604782, "mass_total": 7599979.31622225, "log_pop": 4.918368, "log_mass": 6.880812, "log_pop_c": -0.290998, "log_mass_c": -0.355895, "lat": 15.5099381203694, "lon": 80.0382795845113}, {"country_iso": "IND", "city_id": 8552, "city": "Deoria", "pop_total": 72949.359013894, "mass_total": 5878289.89834505, "log_pop": 4.863021, "log_mass": 6.769251, "log_pop_c": -0.346344, "log_mass_c": -0.467457, "lat": 26.5026106078117, "lon": 83.7816538553542}, {"country_iso": "IND", "city_id": 8557, "city": "Mau", "pop_total": 73042.8497325523, "mass_total": 5728268.49768903, "log_pop": 4.863578, "log_mass": 6.758023, "log_pop_c": -0.345788, "log_mass_c": -0.478685, "lat": 25.9439179590241, "lon": 83.5607702443299}, {"country_iso": "IND", "city_id": 8578, "city": "Bilaspur", "pop_total": 260734.226855211, "mass_total": 24619020.2678616, "log_pop": 5.416198, "log_mass": 7.391271, "log_pop_c": 0.206832, "log_mass_c": 0.154563, "lat": 22.082601887485, "lon": 82.1473316366848}, {"country_iso": "IND", "city_id": 8584, "city": "Guntur", "pop_total": 399709.531472234, "mass_total": 23808784.2084898, "log_pop": 5.601745, "log_mass": 7.376737, "log_pop_c": 0.392379, "log_mass_c": 0.140029, "lat": 16.306173766436, "lon": 80.404006513689}, {"country_iso": "IND", "city_id": 8599, "city": "Nellore", "pop_total": 250540.927139714, "mass_total": 14761483.571307, "log_pop": 5.398879, "log_mass": 7.16913, "log_pop_c": 0.189513, "log_mass_c": -0.067578, "lat": 14.4513061248859, "lon": 79.9964715203004}, {"country_iso": "IND", "city_id": 8609, "city": "Chirala", "pop_total": 50989.4367559583, "mass_total": 4626989.7006882, "log_pop": 4.70748, "log_mass": 6.665299, "log_pop_c": -0.501886, "log_mass_c": -0.571409, "lat": 15.816849167939, "lon": 80.3473123041131}, {"country_iso": "IND", "city_id": 8615, "city": "Kanchipuram", "pop_total": 79092.4908680186, "mass_total": 7803797.46631615, "log_pop": 4.898135, "log_mass": 6.892306, "log_pop_c": -0.311231, "log_mass_c": -0.344402, "lat": 12.8349480805127, "lon": 79.7025133655063}, {"country_iso": "IND", "city_id": 8628, "city": "Vijayawada", "pop_total": 861717.098821133, "mass_total": 48713700.0075464, "log_pop": 5.935365, "log_mass": 7.687651, "log_pop_c": 0.725999, "log_mass_c": 0.450943, "lat": 16.5111941858363, "lon": 80.6496696023494}, {"country_iso": "IND", "city_id": 8657, "city": "Tenali", "pop_total": 57706.9069533442, "mass_total": 5095608.12491267, "log_pop": 4.761228, "log_mass": 6.707196, "log_pop_c": -0.448138, "log_mass_c": -0.529512, "lat": 16.241712814607, "lon": 80.6445403293511}, {"country_iso": "IND", "city_id": 8661, "city": "Puducherry", "pop_total": 389311.517276134, "mass_total": 24487070.592175, "log_pop": 5.590297, "log_mass": 7.388937, "log_pop_c": 0.380931, "log_mass_c": 0.152229, "lat": 11.9271024072922, "lon": 79.7938315130485}, {"country_iso": "IND", "city_id": 8675, "city": "Chennai", "pop_total": 6132496.6642716, "mass_total": 362474671.187166, "log_pop": 6.787637, "log_mass": 8.559278, "log_pop_c": 1.578271, "log_mass_c": 1.32257, "lat": 13.0163790672926, "lon": 80.1734004401133}, {"country_iso": "IND", "city_id": 8677, "city": "Cuddalore", "pop_total": 58880.9980101903, "mass_total": 7697729.87898679, "log_pop": 4.769975, "log_mass": 6.886363, "log_pop_c": -0.439391, "log_mass_c": -0.350345, "lat": 11.7378872457486, "lon": 79.7632906517183}, {"country_iso": "IND", "city_id": 8699, "city": "Korba", "pop_total": 108479.037931063, "mass_total": 21027028.1289669, "log_pop": 5.035346, "log_mass": 7.322778, "log_pop_c": -0.17402, "log_mass_c": 0.08607, "lat": 22.3735169117033, "lon": 82.7235734875685}, {"country_iso": "IND", "city_id": 8729, "city": "Eluru", "pop_total": 127769.920742444, "mass_total": 9971097.10717568, "log_pop": 5.106429, "log_mass": 6.998743, "log_pop_c": -0.102937, "log_mass_c": -0.237965, "lat": 16.7048376415777, "lon": 81.1037466057141}, {"country_iso": "IND", "city_id": 8730, "city": "Gudivada", "pop_total": 50219.6115180109, "mass_total": 4183371.88062298, "log_pop": 4.700873, "log_mass": 6.621526, "log_pop_c": -0.508493, "log_mass_c": -0.615181, "lat": 16.4344512047008, "lon": 80.9948922404237}, {"country_iso": "IND", "city_id": 8766, "city": "Machilipatnam", "pop_total": 50115.2940974217, "mass_total": 7935387.30996946, "log_pop": 4.69997, "log_mass": 6.899568, "log_pop_c": -0.509396, "log_mass_c": -0.33714, "lat": 16.1885255738305, "lon": 81.136283375554}, {"country_iso": "IND", "city_id": 8794, "city": "Dehri", "pop_total": 63015.5737569697, "mass_total": 4089628.72812323, "log_pop": 4.799448, "log_mass": 6.611684, "log_pop_c": -0.409918, "log_mass_c": -0.625024, "lat": 24.904335392815, "lon": 84.1745669573773}, {"country_iso": "IND", "city_id": 8821, "city": "Chhapra", "pop_total": 69599.7118858225, "mass_total": 6364890.56659837, "log_pop": 4.842607, "log_mass": 6.803791, "log_pop_c": -0.366758, "log_mass_c": -0.432917, "lat": 25.7833605284634, "lon": 84.7407085571369}, {"country_iso": "IND", "city_id": 8822, "city": "Bhimavaram", "pop_total": 71573.1599004652, "mass_total": 6989235.47478184, "log_pop": 4.85475, "log_mass": 6.84443, "log_pop_c": -0.354616, "log_mass_c": -0.392278, "lat": 16.5488295969101, "lon": 81.5203753071688}, {"country_iso": "IND", "city_id": 8831, "city": "Arrah", "pop_total": 69920.8188958523, "mass_total": 6223856.23790635, "log_pop": 4.844607, "log_mass": 6.79406, "log_pop_c": -0.364759, "log_mass_c": -0.442648, "lat": 25.5714854516554, "lon": 84.672805030175}, {"country_iso": "IND", "city_id": 8846, "city": "Medininagar", "pop_total": 50157.9603602465, "mass_total": 5227232.85644085, "log_pop": 4.70034, "log_mass": 6.718272, "log_pop_c": -0.509026, "log_mass_c": -0.518436, "lat": 24.0348562283082, "lon": 84.0653936730818}, {"country_iso": "IND", "city_id": 8863, "city": "Rajamahendravaram", "pop_total": 283547.923978897, "mass_total": 22213459.3490309, "log_pop": 5.452626, "log_mass": 7.346616, "log_pop_c": 0.243261, "log_mass_c": 0.109908, "lat": 17.0068369934199, "lon": 81.7964479699616}, {"country_iso": "IND", "city_id": 8867, "city": "Raigarh", "pop_total": 75402.4723206239, "mass_total": 18434136.2720483, "log_pop": 4.877386, "log_mass": 7.265623, "log_pop_c": -0.33198, "log_mass_c": 0.028915, "lat": 21.9020566481043, "lon": 83.3807926751471}, {"country_iso": "IND", "city_id": 8913, "city": "Muzaffarpur", "pop_total": 302816.895271817, "mass_total": 22603136.4002135, "log_pop": 5.48118, "log_mass": 7.354169, "log_pop_c": 0.271814, "log_mass_c": 0.117461, "lat": 26.1235657276851, "lon": 85.3667996737486}, {"country_iso": "IND", "city_id": 8914, "city": "Patna", "pop_total": 1342562.91541039, "mass_total": 77743199.4169911, "log_pop": 6.127935, "log_mass": 7.890662, "log_pop_c": 0.918569, "log_mass_c": 0.653955, "lat": 25.5997507441338, "lon": 85.133388959994}, {"country_iso": "IND", "city_id": 8938, "city": "Hajipur", "pop_total": 66204.4479014228, "mass_total": 7807976.03758023, "log_pop": 4.820887, "log_mass": 6.892538, "log_pop_c": -0.388479, "log_mass_c": -0.344169, "lat": 25.691049671735, "lon": 85.2224475291088}, {"country_iso": "IND", "city_id": 8964, "city": "Kakinada", "pop_total": 286775.712179556, "mass_total": 26262914.4067306, "log_pop": 5.457542, "log_mass": 7.419343, "log_pop_c": 0.248176, "log_mass_c": 0.182635, "lat": 16.9710496472164, "lon": 82.244028051217}, {"country_iso": "IND", "city_id": 8978, "city": "Gaya", "pop_total": 201718.396653886, "mass_total": 13209014.9078853, "log_pop": 5.304746, "log_mass": 7.12087, "log_pop_c": 0.09538, "log_mass_c": -0.115837, "lat": 24.7970971386779, "lon": 85.0122340077134}, {"country_iso": "IND", "city_id": 9047, "city": "Darbhanga", "pop_total": 112604.476872597, "mass_total": 9007681.54170679, "log_pop": 5.051556, "log_mass": 6.954613, "log_pop_c": -0.15781, "log_mass_c": -0.282095, "lat": 26.1489926505261, "lon": 85.9040645814784}, {"country_iso": "IND", "city_id": 9067, "city": "Bihar Sharif", "pop_total": 75720.6701037949, "mass_total": 6589882.85863818, "log_pop": 4.879214, "log_mass": 6.818878, "log_pop_c": -0.330151, "log_mass_c": -0.41783, "lat": 25.1988745875474, "lon": 85.5207641879052}, {"country_iso": "IND", "city_id": 9122, "city": "Visakhapatnam", "pop_total": 861043.789914034, "mass_total": 75195142.6896033, "log_pop": 5.935025, "log_mass": 7.87619, "log_pop_c": 0.725659, "log_mass_c": 0.639482, "lat": 17.7160093209351, "lon": 83.2328693082933}, {"country_iso": "IND", "city_id": 9131, "city": "Begusarai", "pop_total": 120539.131495943, "mass_total": 14056537.5492119, "log_pop": 5.081128, "log_mass": 7.147878, "log_pop_c": -0.128238, "log_mass_c": -0.08883, "lat": 25.4299028029231, "lon": 86.0619121228786}, {"country_iso": "IND", "city_id": 9133, "city": "Hazaribagh", "pop_total": 52255.1936877045, "mass_total": 5687331.86800445, "log_pop": 4.718129, "log_mass": 6.754909, "log_pop_c": -0.491236, "log_mass_c": -0.481799, "lat": 23.996738964383, "lon": 85.3605766924458}, {"country_iso": "IND", "city_id": 9149, "city": "Vizianagaram", "pop_total": 89565.0516398224, "mass_total": 9321062.65556122, "log_pop": 4.952139, "log_mass": 6.969465, "log_pop_c": -0.257227, "log_mass_c": -0.267242, "lat": 18.1102605856483, "lon": 83.4028803401283}, {"country_iso": "IND", "city_id": 9155, "city": "Rourkela", "pop_total": 345545.612381711, "mass_total": 42162984.0249227, "log_pop": 5.538505, "log_mass": 7.624931, "log_pop_c": 0.329139, "log_mass_c": 0.388223, "lat": 22.2325804220721, "lon": 84.8563414034247}, {"country_iso": "IND", "city_id": 9160, "city": "Ranchi", "pop_total": 560495.848818211, "mass_total": 38117449.5273779, "log_pop": 5.748572, "log_mass": 7.581124, "log_pop_c": 0.539206, "log_mass_c": 0.344416, "lat": 23.3627273272769, "lon": 85.327357353533}, {"country_iso": "IND", "city_id": 9221, "city": "Srikakulam", "pop_total": 61536.0096032722, "mass_total": 5741594.07356235, "log_pop": 4.789129, "log_mass": 6.759032, "log_pop_c": -0.420237, "log_mass_c": -0.477675, "lat": 18.296567194397, "lon": 83.8939048932119}, {"country_iso": "IND", "city_id": 9234, "city": "Mansa Nagar", "pop_total": 149349.003199003, "mass_total": 30403648.9994736, "log_pop": 5.174202, "log_mass": 7.482926, "log_pop_c": -0.035164, "log_mass_c": 0.246218, "lat": 23.7734739120467, "lon": 85.9377234689961}, {"country_iso": "IND", "city_id": 9272, "city": "Giridih", "pop_total": 62763.2065696043, "mass_total": 8107677.53537613, "log_pop": 4.797705, "log_mass": 6.908896, "log_pop_c": -0.411661, "log_mass_c": -0.327811, "lat": 24.1749233118754, "lon": 86.3059347476609}, {"country_iso": "IND", "city_id": 9278, "city": "Bokaro", "pop_total": 342206.897566846, "mass_total": 46778473.6124619, "log_pop": 5.534289, "log_mass": 7.670046, "log_pop_c": 0.324923, "log_mass_c": 0.433338, "lat": 23.6659029696815, "lon": 86.1374929932433}, {"country_iso": "IND", "city_id": 9284, "city": "Dhanbad", "pop_total": 914169.242897466, "mass_total": 91460370.3123964, "log_pop": 5.961027, "log_mass": 7.961233, "log_pop_c": 0.751661, "log_mass_c": 0.724525, "lat": 23.7797608007838, "lon": 86.3630850669829}, {"country_iso": "IND", "city_id": 9345, "city": "Brahmapur", "pop_total": 258666.128988137, "mass_total": 11753204.339795, "log_pop": 5.41274, "log_mass": 7.070156, "log_pop_c": 0.203374, "log_mass_c": -0.166552, "lat": 19.3034148916169, "lon": 84.7913467374195}, {"country_iso": "IND", "city_id": 9359, "city": "Jamshedpur", "pop_total": 1031558.15274758, "mass_total": 105677431.515041, "log_pop": 6.013494, "log_mass": 8.023982, "log_pop_c": 0.804128, "log_mass_c": 0.787274, "lat": 22.7970621824705, "lon": 86.1923491457263}, {"country_iso": "IND", "city_id": 9374, "city": "Puruliya", "pop_total": 59015.0028675678, "mass_total": 6143842.71899723, "log_pop": 4.770962, "log_mass": 6.78844, "log_pop_c": -0.438403, "log_mass_c": -0.448268, "lat": 23.3277972202942, "lon": 86.3662869417876}, {"country_iso": "IND", "city_id": 9402, "city": "Asansol", "pop_total": 1122129.41220322, "mass_total": 62558003.5502287, "log_pop": 6.050043, "log_mass": 7.796283, "log_pop_c": 0.840677, "log_mass_c": 0.559575, "lat": 23.7224833370092, "lon": 86.8693931786526}, {"country_iso": "IND", "city_id": 9428, "city": "Katihar", "pop_total": 62336.9969596863, "mass_total": 3358273.91550287, "log_pop": 4.794746, "log_mass": 6.526116, "log_pop_c": -0.41462, "log_mass_c": -0.710592, "lat": 25.5433460676023, "lon": 87.5671461920488}, {"country_iso": "IND", "city_id": 9463, "city": "Siliguri", "pop_total": 117873.664609853, "mass_total": 21675686.4678907, "log_pop": 5.071417, "log_mass": 7.335973, "log_pop_c": -0.137949, "log_mass_c": 0.099265, "lat": 26.7142274921452, "lon": 88.4099662271538}, {"country_iso": "IND", "city_id": 9474, "city": "Cuttack", "pop_total": 400778.955056935, "mass_total": 22661457.4449076, "log_pop": 5.602905, "log_mass": 7.355288, "log_pop_c": 0.393539, "log_mass_c": 0.11858, "lat": 20.4556098729846, "lon": 85.8811289641395}, {"country_iso": "IND", "city_id": 9478, "city": "Bhubaneshwar", "pop_total": 552287.123734925, "mass_total": 42788090.8065735, "log_pop": 5.742165, "log_mass": 7.631323, "log_pop_c": 0.532799, "log_mass_c": 0.394615, "lat": 20.2941625928981, "lon": 85.8329431853214}, {"country_iso": "IND", "city_id": 9494, "city": "Bankura", "pop_total": 61967.5443211948, "mass_total": 5439956.21392652, "log_pop": 4.792164, "log_mass": 6.735595, "log_pop_c": -0.417202, "log_mass_c": -0.501112, "lat": 23.2308791782998, "lon": 87.0615401829729}, {"country_iso": "IND", "city_id": 9508, "city": "Puri", "pop_total": 175368.754456215, "mass_total": 8479987.80659932, "log_pop": 5.243952, "log_mass": 6.928395, "log_pop_c": 0.034586, "log_mass_c": -0.308313, "lat": 19.8092039792536, "lon": 85.8299497255679}, {"country_iso": "IND", "city_id": 9515, "city": "Waria", "pop_total": 63063.8385194779, "mass_total": 25748745.8284417, "log_pop": 4.79978, "log_mass": 7.410756, "log_pop_c": -0.409586, "log_mass_c": 0.174048, "lat": 23.5569734745855, "lon": 87.2813271414807}, {"country_iso": "IND", "city_id": 9534, "city": "Siuri", "pop_total": 57361.8022871018, "mass_total": 3226487.17556558, "log_pop": 4.758623, "log_mass": 6.50873, "log_pop_c": -0.450743, "log_mass_c": -0.727978, "lat": 23.9008034009954, "lon": 87.5221084895691}, {"country_iso": "IND", "city_id": 9598, "city": "Kharagpur", "pop_total": 124928.983545861, "mass_total": 7821211.96255968, "log_pop": 5.096663, "log_mass": 6.893274, "log_pop_c": -0.112703, "log_mass_c": -0.343434, "lat": 22.3292741391225, "lon": 87.3079276215655}, {"country_iso": "IND", "city_id": 9616, "city": "Bardhaman", "pop_total": 58227.5443106109, "mass_total": 15088821.0731012, "log_pop": 4.765128, "log_mass": 7.178655, "log_pop_c": -0.444237, "log_mass_c": -0.058053, "lat": 23.2410234271146, "lon": 87.8603172472642}, {"country_iso": "IND", "city_id": 9619, "city": "Berhampore", "pop_total": 165260.73686323, "mass_total": 10115302.2423977, "log_pop": 5.21817, "log_mass": 7.004979, "log_pop_c": 0.008804, "log_mass_c": -0.231729, "lat": 24.0344089864816, "lon": 88.2541090323583}, {"country_iso": "IND", "city_id": 9653, "city": "Tamluk", "pop_total": 80689.166685972, "mass_total": 6707668.8057116, "log_pop": 4.906815, "log_mass": 6.826572, "log_pop_c": -0.302551, "log_mass_c": -0.410136, "lat": 22.4239460588201, "lon": 87.8877304659932}, {"country_iso": "IND", "city_id": 9691, "city": "Kolkata", "pop_total": 11757662.6512867, "mass_total": 502039162.503051, "log_pop": 7.070321, "log_mass": 8.700738, "log_pop_c": 1.860955, "log_mass_c": 1.46403, "lat": 22.5249963042108, "lon": 88.2928662975066}, {"country_iso": "IND", "city_id": 9707, "city": "Krishnanagar", "pop_total": 78800.1378436369, "mass_total": 4777787.39279302, "log_pop": 4.896527, "log_mass": 6.679227, "log_pop_c": -0.312839, "log_mass_c": -0.557481, "lat": 23.3948926501133, "lon": 88.4923732911538}, {"country_iso": "IND", "city_id": 9915, "city": "Guwahati", "pop_total": 562869.971195137, "mass_total": 68164114.2542662, "log_pop": 5.750408, "log_mass": 7.833556, "log_pop_c": 0.541042, "log_mass_c": 0.596848, "lat": 26.151219532601, "lon": 91.7552214817266}, {"country_iso": "IND", "city_id": 9955, "city": "Shillong", "pop_total": 122216.768879847, "mass_total": 12822947.2012863, "log_pop": 5.087131, "log_mass": 7.107988, "log_pop_c": -0.122235, "log_mass_c": -0.12872, "lat": 25.5755950586059, "lon": 91.889462543277}, {"country_iso": "IND", "city_id": 9975, "city": "Agartala", "pop_total": 174908.188015128, "mass_total": 14651212.1741931, "log_pop": 5.24281, "log_mass": 7.165874, "log_pop_c": 0.033444, "log_mass_c": -0.070834, "lat": 23.8456318839016, "lon": 91.2751463330268}, {"country_iso": "IND", "city_id": 9992, "city": "Nagaon", "pop_total": 54141.7150759697, "mass_total": 7834174.00295821, "log_pop": 4.733532, "log_mass": 6.893993, "log_pop_c": -0.475834, "log_mass_c": -0.342715, "lat": 26.3535239309237, "lon": 92.678104633788}, {"country_iso": "IND", "city_id": 10084, "city": "Imphal", "pop_total": 280628.86683681, "mass_total": 44918967.141851, "log_pop": 5.448132, "log_mass": 7.65243, "log_pop_c": 0.238766, "log_mass_c": 0.415722, "lat": 24.7533218694006, "lon": 93.9339724124268}]