[{"country_iso": "CHE", "city_id": 2275, "city": "Geneva", "pop_total": 350415.116288668, "mass_total": 86735442.6659237, "log_pop": 5.544583, "log_mass": 7.938197, "log_pop_c": 0.307994, "log_mass_c": 0.220702, "lat": 46.2056150766549, "lon": 6.14933237733855}, {"country_iso": "CHE", "city_id": 2314, "city": "Lausanne", "pop_total": 176499.007335789, "mass_total": 47408266.9801979, "log_pop": 5.246742, "log_mass": 7.675854, "log_pop_c": 0.010154, "log_mass_c": -0.041641, "lat": 46.5251371148771, "lon": 6.60404558087263}, {"country_iso": "CHE", "city_id": 2384, "city": "Bern", "pop_total": 120934.761092797, "mass_total": 37933097.8605711, "log_pop": 5.082551, "log_mass": 7.579018, "log_pop_c": -0.154037, "log_mass_c": -0.138477, "lat": 46.9534367536575, "lon": 7.45614088900591}, {"country_iso": "CHE", "city_id": 2392, "city": "Basel", "pop_total": 306729.984566929, "mass_total": 110279589.21219, "log_pop": 5.486756, "log_mass": 8.042495, "log_pop_c": 0.250168, "log_mass_c": 0.325, "lat": 47.5590523937327, "lon": 7.60706649967265}, {"country_iso": "CHE", "city_id": 2459, "city": "Lucerne", "pop_total": 77721.2351454595, "mass_total": 25221436.2193218, "log_pop": 4.89054, "log_mass": 7.40177, "log_pop_c": -0.346049, "log_mass_c": -0.315725, "lat": 47.0570363342454, "lon": 8.30364312991845}, {"country_iso": "CHE", "city_id": 2463, "city": "Zurich", "pop_total": 441743.045995882, "mass_total": 135340874.199276, "log_pop": 5.64517, "log_mass": 8.131429, "log_pop_c": 0.408581, "log_mass_c": 0.413934, "lat": 47.3565095434599, "lon": 8.56176939370419}, {"country_iso": "CHE", "city_id": 2494, "city": "Winterthur", "pop_total": 57514.6612797382, "mass_total": 17934999.7091985, "log_pop": 4.759779, "log_mass": 7.253701, "log_pop_c": -0.47681, "log_mass_c": -0.463794, "lat": 47.5023888688615, "lon": 8.74118348753244}]