[{"country_iso": "DZA", "city_id": 1769, "city": "Bashar", "pop_total": 81722.2016781976, "mass_total": 16846840.475507, "log_pop": 4.91234, "log_mass": 7.226518, "log_pop_c": -0.14012, "log_mass_c": -0.036969, "lat": 31.6014396744626, "lon": -2.22892752200528}, {"country_iso": "DZA", "city_id": 1832, "city": "Tlemcen", "pop_total": 115168.154461604, "mass_total": 19493384.7243272, "log_pop": 5.061332, "log_mass": 7.289887, "log_pop_c": 0.008872, "log_mass_c": 0.0264, "lat": 34.9034715659992, "lon": -1.32407708990897}, {"country_iso": "DZA", "city_id": 1878, "city": "Ain Turk", "pop_total": 55300.6596788247, "mass_total": 5558320.3131377, "log_pop": 4.74273, "log_mass": 6.744944, "log_pop_c": -0.30973, "log_mass_c": -0.518544, "lat": 35.7486718423596, "lon": -0.77672103473893}, {"country_iso": "DZA", "city_id": 1890, "city": "Oran", "pop_total": 737944.988663803, "mass_total": 84441636.5991102, "log_pop": 5.868024, "log_mass": 7.926557, "log_pop_c": 0.815564, "log_mass_c": 0.663069, "lat": 35.6831675409554, "lon": -0.606882358328492}, {"country_iso": "DZA", "city_id": 1894, "city": "Sidi Bel Abbes", "pop_total": 142725.627950053, "mass_total": 19848465.4260328, "log_pop": 5.154502, "log_mass": 7.297727, "log_pop_c": 0.102042, "log_mass_c": 0.034239, "lat": 35.1968019360764, "lon": -0.620308892463483}, {"country_iso": "DZA", "city_id": 1962, "city": "Mostaganem", "pop_total": 121098.096612293, "mass_total": 20670850.1799799, "log_pop": 5.083137, "log_mass": 7.315358, "log_pop_c": 0.030677, "log_mass_c": 0.051871, "lat": 35.9274409212942, "lon": 0.0878266741330442}, {"country_iso": "DZA", "city_id": 1968, "city": "Mascara", "pop_total": 64252.980944252, "mass_total": 10859489.1830269, "log_pop": 4.807893, "log_mass": 7.035809, "log_pop_c": -0.244567, "log_mass_c": -0.227678, "lat": 35.4013304095596, "lon": 0.136436900468778}, {"country_iso": "DZA", "city_id": 1970, "city": "Saida", "pop_total": 81963.0688235058, "mass_total": 11299099.7193704, "log_pop": 4.913618, "log_mass": 7.053044, "log_pop_c": -0.138842, "log_mass_c": -0.210444, "lat": 34.8550619523589, "lon": 0.149939162591394}, {"country_iso": "DZA", "city_id": 1986, "city": "Relizane", "pop_total": 64691.0496946709, "mass_total": 9122988.2058657, "log_pop": 4.810844, "log_mass": 6.960137, "log_pop_c": -0.241616, "log_mass_c": -0.30335, "lat": 35.7390863386622, "lon": 0.550126597220376}, {"country_iso": "DZA", "city_id": 2023, "city": "Ash Shalif", "pop_total": 90376.8181726119, "mass_total": 18535888.9592365, "log_pop": 4.956057, "log_mass": 7.268013, "log_pop_c": -0.096403, "log_mass_c": 0.004526, "lat": 36.1517179033055, "lon": 1.33406370372248}, {"country_iso": "DZA", "city_id": 2024, "city": "Tiaret", "pop_total": 116768.57484825, "mass_total": 16482568.5657375, "log_pop": 5.067326, "log_mass": 7.217025, "log_pop_c": 0.014866, "log_mass_c": -0.046463, "lat": 35.3583567791489, "lon": 1.32179401261339}, {"country_iso": "DZA", "city_id": 2084, "city": "Kolea \u0627\u0644\u0642\u0644\u064a\u0639\u0629", "pop_total": 75562.1804895008, "mass_total": 14769163.6562858, "log_pop": 4.878304, "log_mass": 7.169356, "log_pop_c": -0.174156, "log_mass_c": -0.094132, "lat": 36.64049820886, "lon": 2.72578620641262}, {"country_iso": "DZA", "city_id": 2088, "city": "Medea", "pop_total": 56249.9388245471, "mass_total": 8013981.60359405, "log_pop": 4.750122, "log_mass": 6.903848, "log_pop_c": -0.302338, "log_mass_c": -0.359639, "lat": 36.2672968134846, "lon": 2.75790661073762}, {"country_iso": "DZA", "city_id": 2089, "city": "Blida", "pop_total": 283414.197775865, "mass_total": 43727728.0918346, "log_pop": 5.452422, "log_mass": 7.640757, "log_pop_c": 0.399962, "log_mass_c": 0.377269, "lat": 36.4995232203168, "lon": 2.84000643525197}, {"country_iso": "DZA", "city_id": 2095, "city": "Algiers", "pop_total": 2375811.15959075, "mass_total": 334222906.923419, "log_pop": 6.375812, "log_mass": 8.524036, "log_pop_c": 1.323352, "log_mass_c": 1.260549, "lat": 36.729474798128, "lon": 3.13114512348466}, {"country_iso": "DZA", "city_id": 2097, "city": "Laghouat", "pop_total": 75998.4348857001, "mass_total": 13311449.8594463, "log_pop": 4.880805, "log_mass": 7.124225, "log_pop_c": -0.171655, "log_mass_c": -0.139262, "lat": 33.8006117837088, "lon": 2.86331619129352}, {"country_iso": "DZA", "city_id": 2116, "city": "Djelfa", "pop_total": 182860.161095713, "mass_total": 17191959.0007563, "log_pop": 5.262119, "log_mass": 7.235325, "log_pop_c": 0.209659, "log_mass_c": -0.028162, "lat": 34.6676197891204, "lon": 3.25866338460553}, {"country_iso": "DZA", "city_id": 2170, "city": "Tizi Ouzou", "pop_total": 54393.5674972142, "mass_total": 13987591.1872871, "log_pop": 4.735548, "log_mass": 7.145743, "log_pop_c": -0.316912, "log_mass_c": -0.117745, "lat": 36.7135692047322, "lon": 4.04131748229083}, {"country_iso": "DZA", "city_id": 2177, "city": "Bou Saada", "pop_total": 55703.539928397, "mass_total": 10631293.2627035, "log_pop": 4.745883, "log_mass": 7.026586, "log_pop_c": -0.306577, "log_mass_c": -0.236901, "lat": 35.2256300322737, "lon": 4.17311254396153}, {"country_iso": "DZA", "city_id": 2203, "city": "M'Sila", "pop_total": 90979.2499440324, "mass_total": 20579162.7496282, "log_pop": 4.958942, "log_mass": 7.313428, "log_pop_c": -0.093518, "log_mass_c": 0.04994, "lat": 35.712363969866, "lon": 4.53131477226074}, {"country_iso": "DZA", "city_id": 2213, "city": "Bordj Bou Arreridjj", "pop_total": 113507.376570495, "mass_total": 18892800.812551, "log_pop": 5.055024, "log_mass": 7.276296, "log_pop_c": 0.002564, "log_mass_c": 0.012809, "lat": 36.0793341605289, "lon": 4.76403426647031}, {"country_iso": "DZA", "city_id": 2230, "city": "Bejaia", "pop_total": 112527.288838348, "mass_total": 17660424.3480752, "log_pop": 5.051258, "log_mass": 7.247001, "log_pop_c": -0.001202, "log_mass_c": -0.016486, "lat": 36.7489421440067, "lon": 5.05551270662644}, {"country_iso": "DZA", "city_id": 2261, "city": "Setif", "pop_total": 153288.030888412, "mass_total": 27291735.3735603, "log_pop": 5.185508, "log_mass": 7.436031, "log_pop_c": 0.133048, "log_mass_c": 0.172544, "lat": 36.1905086262559, "lon": 5.40944837517822}, {"country_iso": "DZA", "city_id": 2266, "city": "Barika", "pop_total": 53937.1134477363, "mass_total": 9979410.21322991, "log_pop": 4.731888, "log_mass": 6.999105, "log_pop_c": -0.320572, "log_mass_c": -0.264383, "lat": 35.3861718482973, "lon": 5.36617545608202}, {"country_iso": "DZA", "city_id": 2274, "city": "Ouargla", "pop_total": 76276.4996935639, "mass_total": 30920353.302464, "log_pop": 4.882391, "log_mass": 7.490244, "log_pop_c": -0.170069, "log_mass_c": 0.226757, "lat": 31.9485615351486, "lon": 5.34089011815959}, {"country_iso": "DZA", "city_id": 2291, "city": "El Eulma", "pop_total": 100175.242623028, "mass_total": 14796385.1098475, "log_pop": 5.00076, "log_mass": 7.170156, "log_pop_c": -0.0517, "log_mass_c": -0.093332, "lat": 36.1540978069467, "lon": 5.68598239751977}, {"country_iso": "DZA", "city_id": 2293, "city": "Jijel", "pop_total": 87673.2191924666, "mass_total": 13938590.5892221, "log_pop": 4.942867, "log_mass": 7.144219, "log_pop_c": -0.109593, "log_mass_c": -0.119269, "lat": 36.8093970766633, "lon": 5.76371018599273}, {"country_iso": "DZA", "city_id": 2301, "city": "Biskra", "pop_total": 126047.515117188, "mass_total": 22031349.277217, "log_pop": 5.100534, "log_mass": 7.343041, "log_pop_c": 0.048074, "log_mass_c": 0.079554, "lat": 34.841997571554, "lon": 5.73033450587391}, {"country_iso": "DZA", "city_id": 2337, "city": "Batna", "pop_total": 209964.438061899, "mass_total": 27775864.4456917, "log_pop": 5.322146, "log_mass": 7.443668, "log_pop_c": 0.269686, "log_mass_c": 0.18018, "lat": 35.5468565638866, "lon": 6.17043934588259}, {"country_iso": "DZA", "city_id": 2345, "city": "Touggourt", "pop_total": 62984.2238417682, "mass_total": 12570990.7512739, "log_pop": 4.799232, "log_mass": 7.09937, "log_pop_c": -0.253228, "log_mass_c": -0.164118, "lat": 33.1099475389237, "lon": 6.06745637919922}, {"country_iso": "DZA", "city_id": 2377, "city": "Constantine", "pop_total": 247258.276876792, "mass_total": 37154190.0794381, "log_pop": 5.393151, "log_mass": 7.570008, "log_pop_c": 0.340691, "log_mass_c": 0.30652, "lat": 36.3695229931913, "lon": 6.6178983383268}, {"country_iso": "DZA", "city_id": 2400, "city": "Skikda", "pop_total": 124011.210299178, "mass_total": 27817166.2210075, "log_pop": 5.093461, "log_mass": 7.444313, "log_pop_c": 0.041001, "log_mass_c": 0.180825, "lat": 36.8712048828007, "lon": 6.95282482285315}, {"country_iso": "DZA", "city_id": 2413, "city": "El Oued", "pop_total": 94815.5921643612, "mass_total": 18170982.2545421, "log_pop": 4.97688, "log_mass": 7.259378, "log_pop_c": -0.07558, "log_mass_c": -0.004109, "lat": 33.3537210413773, "lon": 6.86889925201288}, {"country_iso": "DZA", "city_id": 2434, "city": "Khenchela", "pop_total": 77296.8913943973, "mass_total": 12298665.9694484, "log_pop": 4.888162, "log_mass": 7.089858, "log_pop_c": -0.164298, "log_mass_c": -0.17363, "lat": 35.4309825590893, "lon": 7.14107333860148}, {"country_iso": "DZA", "city_id": 2453, "city": "Guelma", "pop_total": 66251.4826714665, "mass_total": 9519947.71019273, "log_pop": 4.821196, "log_mass": 6.978635, "log_pop_c": -0.231264, "log_mass_c": -0.284853, "lat": 36.4601895836841, "lon": 7.44022920253344}, {"country_iso": "DZA", "city_id": 2454, "city": "Ain Beida", "pop_total": 75240.8432863572, "mass_total": 8464786.02891049, "log_pop": 4.876454, "log_mass": 6.927616, "log_pop_c": -0.176006, "log_mass_c": -0.335872, "lat": 35.7926489028268, "lon": 7.38455560150292}, {"country_iso": "DZA", "city_id": 2480, "city": "Annaba", "pop_total": 274857.153771008, "mass_total": 46622642.4717757, "log_pop": 5.439107, "log_mass": 7.668597, "log_pop_c": 0.386647, "log_mass_c": 0.405109, "lat": 36.8644707898119, "lon": 7.73658125933753}, {"country_iso": "DZA", "city_id": 2508, "city": "Souk Ahras", "pop_total": 92608.636689029, "mass_total": 10271240.9399234, "log_pop": 4.966651, "log_mass": 7.011623, "log_pop_c": -0.085809, "log_mass_c": -0.251865, "lat": 36.2843616047346, "lon": 7.95263803931127}, {"country_iso": "DZA", "city_id": 2539, "city": "Tebessa", "pop_total": 126331.016416748, "mass_total": 18135544.5712718, "log_pop": 5.10151, "log_mass": 7.258531, "log_pop_c": 0.04905, "log_mass_c": -0.004957, "lat": 35.409839473807, "lon": 8.10640310543615}]