[{"country_iso": "BLR", "city_id": 3310, "city": "Hrodna", "pop_total": 198670.792040901, "mass_total": 47411995.4168116, "log_pop": 5.298134, "log_mass": 7.675888, "log_pop_c": 0.046196, "log_mass_c": -0.050252, "lat": 53.6775105967486, "lon": 23.8315800367946}, {"country_iso": "BLR", "city_id": 3325, "city": "Brest", "pop_total": 195847.848563137, "mass_total": 58927144.8212753, "log_pop": 5.291919, "log_mass": 7.770315, "log_pop_c": 0.03998, "log_mass_c": 0.044175, "lat": 52.1043250470962, "lon": 23.7140333586353}, {"country_iso": "BLR", "city_id": 3373, "city": "Baranovichi", "pop_total": 104517.759546723, "mass_total": 42360264.4203463, "log_pop": 5.01919, "log_mass": 7.626959, "log_pop_c": -0.232748, "log_mass_c": -0.099181, "lat": 53.129196359283, "lon": 26.0178103761846}, {"country_iso": "BLR", "city_id": 3382, "city": "Pinsk", "pop_total": 81012.2572102454, "mass_total": 29794669.4215833, "log_pop": 4.908551, "log_mass": 7.474139, "log_pop_c": -0.343388, "log_mass_c": -0.252001, "lat": 52.1315881204759, "lon": 26.0899359042863}, {"country_iso": "BLR", "city_id": 3401, "city": "Minsk", "pop_total": 1323643.6283528, "mass_total": 280462024.315801, "log_pop": 6.121771, "log_mass": 8.447874, "log_pop_c": 0.869833, "log_mass_c": 0.721734, "lat": 53.8910789104589, "lon": 27.5744284386481}, {"country_iso": "BLR", "city_id": 3449, "city": "Babruysk", "pop_total": 125854.871564282, "mass_total": 50053492.9432649, "log_pop": 5.09987, "log_mass": 7.699434, "log_pop_c": -0.152068, "log_mass_c": -0.026706, "lat": 53.1492436849588, "lon": 29.2080424578766}, {"country_iso": "BLR", "city_id": 3450, "city": "Vitebsk", "pop_total": 205643.481464041, "mass_total": 62369528.4139472, "log_pop": 5.313115, "log_mass": 7.794972, "log_pop_c": 0.061176, "log_mass_c": 0.068832, "lat": 55.1905364877687, "lon": 30.1959945115403}, {"country_iso": "BLR", "city_id": 3466, "city": "Mahilyow", "pop_total": 195449.613781865, "mass_total": 63507564.0925191, "log_pop": 5.291035, "log_mass": 7.802825, "log_pop_c": 0.039096, "log_mass_c": 0.076685, "lat": 53.8994230903538, "lon": 30.3335032039322}, {"country_iso": "BLR", "city_id": 3506, "city": "Homel", "pop_total": 297415.197617521, "mass_total": 77923329.3679658, "log_pop": 5.473363, "log_mass": 7.891668, "log_pop_c": 0.221425, "log_mass_c": 0.165528, "lat": 52.4425892330319, "lon": 30.9728524722579}, {"country_iso": "BLR", "city_id": 3512, "city": "\u010conki", "pop_total": 50400.810915846, "mass_total": 11948823.0648413, "log_pop": 4.702438, "log_mass": 7.077325, "log_pop_c": -0.549501, "log_mass_c": -0.648815, "lat": 52.3863204970586, "lon": 31.0262061253885}]