[{"country_iso": "USA", "city_id": 1, "city": "Honolulu", "pop_total": 395751.46977773, "mass_total": 98741197.3334205, "log_pop": 5.597423, "log_mass": 7.994498, "log_pop_c": 0.396631, "log_mass_c": 0.056327, "lat": 21.3406977789067, "lon": -157.893522882107}, {"country_iso": "USA", "city_id": 3, "city": "Santa Maria", "pop_total": 102039.65111714, "mass_total": 33738154.5090979, "log_pop": 5.008769, "log_mass": 7.528121, "log_pop_c": -0.192022, "log_mass_c": -0.41005, "lat": 34.9231286594816, "lon": -120.434396978102}, {"country_iso": "USA", "city_id": 4, "city": "Monterey", "pop_total": 52824.1456894943, "mass_total": 21308500.6778251, "log_pop": 4.722832, "log_mass": 7.328553, "log_pop_c": -0.477959, "log_mass_c": -0.609618, "lat": 36.6077251933454, "lon": -121.882380882109}, {"country_iso": "USA", "city_id": 5, "city": "Santa Barbara", "pop_total": 92944.0803986401, "mass_total": 33743380.0785986, "log_pop": 4.968222, "log_mass": 7.528189, "log_pop_c": -0.23257, "log_mass_c": -0.409983, "lat": 34.4276761246001, "lon": -119.743694860481}, {"country_iso": "USA", "city_id": 6, "city": "Santa Cruz", "pop_total": 82634.6906717678, "mass_total": 31084871.3486013, "log_pop": 4.917162, "log_mass": 7.492549, "log_pop_c": -0.283629, "log_mass_c": -0.445622, "lat": 36.9712858461042, "lon": -121.97868772379}, {"country_iso": "USA", "city_id": 7, "city": "Salinas", "pop_total": 125692.564388122, "mass_total": 34913959.1917728, "log_pop": 5.09931, "log_mass": 7.542999, "log_pop_c": -0.101482, "log_mass_c": -0.395172, "lat": 36.6889945672751, "lon": -121.640838682533}, {"country_iso": "USA", "city_id": 8, "city": "Oxnard", "pop_total": 251706.966199181, "mass_total": 80832081.1206801, "log_pop": 5.400895, "log_mass": 7.907584, "log_pop_c": 0.200104, "log_mass_c": -0.030588, "lat": 34.2174962972449, "lon": -119.209158771188}, {"country_iso": "USA", "city_id": 10, "city": "San Jose", "pop_total": 3904007.34965667, "mass_total": 1316593054.63402, "log_pop": 6.591511, "log_mass": 9.119452, "log_pop_c": 1.390719, "log_mass_c": 1.18128, "lat": 37.5685861729843, "lon": -122.143075350607}, {"country_iso": "USA", "city_id": 11, "city": "Camarillo", "pop_total": 54036.3744130044, "mass_total": 24446345.6090485, "log_pop": 4.732686, "log_mass": 7.388214, "log_pop_c": -0.468105, "log_mass_c": -0.549957, "lat": 34.2293936855265, "lon": -119.032931875164}, {"country_iso": "USA", "city_id": 12, "city": "Thousand Oaks", "pop_total": 117044.594083335, "mass_total": 59945278.7482633, "log_pop": 5.068351, "log_mass": 7.777755, "log_pop_c": -0.13244, "log_mass_c": -0.160416, "lat": 34.1819770227065, "lon": -118.864112200699}, {"country_iso": "USA", "city_id": 13, "city": "San Rafael", "pop_total": 76790.0145380925, "mass_total": 33627018.829623, "log_pop": 4.885305, "log_mass": 7.526688, "log_pop_c": -0.315487, "log_mass_c": -0.411483, "lat": 37.9685992701427, "lon": -122.527388634038}, {"country_iso": "USA", "city_id": 14, "city": "Los Angeles", "pop_total": 12024122.9472316, "mass_total": 4188597530.53764, "log_pop": 7.080053, "log_mass": 9.622069, "log_pop_c": 1.879262, "log_mass_c": 1.683897, "lat": 33.9544024308425, "lon": -117.954395533314}, {"country_iso": "USA", "city_id": 16, "city": "Simi Valley", "pop_total": 90090.2215756168, "mass_total": 34929351.4356608, "log_pop": 4.954678, "log_mass": 7.543191, "log_pop_c": -0.246114, "log_mass_c": -0.394981, "lat": 34.2722871149077, "lon": -118.740076435259}, {"country_iso": "USA", "city_id": 17, "city": "Santa Rosa", "pop_total": 134183.685469546, "mass_total": 53755773.6621187, "log_pop": 5.1277, "log_mass": 7.730425, "log_pop_c": -0.073092, "log_mass_c": -0.207746, "lat": 38.4444903434865, "lon": -122.713736556485}, {"country_iso": "USA", "city_id": 18, "city": "Concord", "pop_total": 534073.884435775, "mass_total": 258619338.679109, "log_pop": 5.727601, "log_mass": 8.412661, "log_pop_c": 0.52681, "log_mass_c": 0.47449, "lat": 37.914050969415, "lon": -122.048598035491}, {"country_iso": "USA", "city_id": 21, "city": "Tijuana", "pop_total": 3298239.28249616, "mass_total": 1009465701.43715, "log_pop": 6.518282, "log_mass": 9.004092, "log_pop_c": 1.317491, "log_mass_c": 1.06592, "lat": 32.8217607789284, "lon": -117.111399522941}, {"country_iso": "USA", "city_id": 22, "city": "Livermore", "pop_total": 61473.0982495966, "mass_total": 33731310.9699594, "log_pop": 4.788685, "log_mass": 7.528033, "log_pop_c": -0.412106, "log_mass_c": -0.410138, "lat": 37.6884134920153, "lon": -121.753986149004}, {"country_iso": "USA", "city_id": 24, "city": "Santa Clarita", "pop_total": 156374.673777212, "mass_total": 63912739.0589592, "log_pop": 5.194166, "log_mass": 7.805587, "log_pop_c": -0.006625, "log_mass_c": -0.132584, "lat": 34.420130195162, "lon": -118.531966057988}, {"country_iso": "USA", "city_id": 25, "city": "Napa", "pop_total": 61494.5410033495, "mass_total": 23337829.4808347, "log_pop": 4.788837, "log_mass": 7.36806, "log_pop_c": -0.411955, "log_mass_c": -0.570111, "lat": 38.3087856389628, "lon": -122.301266102546}, {"country_iso": "USA", "city_id": 26, "city": "Antioch", "pop_total": 219674.0214866, "mass_total": 93768665.7500225, "log_pop": 5.341779, "log_mass": 7.972058, "log_pop_c": 0.140987, "log_mass_c": 0.033886, "lat": 37.9854618069657, "lon": -121.797526903577}, {"country_iso": "USA", "city_id": 27, "city": "Fairfield", "pop_total": 78167.9407465501, "mass_total": 28382477.5811684, "log_pop": 4.893029, "log_mass": 7.45305, "log_pop_c": -0.307763, "log_mass_c": -0.485121, "lat": 38.2640166568695, "lon": -122.030257144198}, {"country_iso": "USA", "city_id": 28, "city": "Tracy", "pop_total": 77357.3302043282, "mass_total": 31293646.4977636, "log_pop": 4.888501, "log_mass": 7.495456, "log_pop_c": -0.31229, "log_mass_c": -0.442715, "lat": 37.7300817195444, "lon": -121.431420659707}, {"country_iso": "USA", "city_id": 29, "city": "Bakersfield", "pop_total": 436592.701515602, "mass_total": 185693930.212129, "log_pop": 5.640076, "log_mass": 8.268798, "log_pop_c": 0.439285, "log_mass_c": 0.330626, "lat": 35.3638314758376, "lon": -119.047564006401}, {"country_iso": "USA", "city_id": 30, "city": "Vacaville", "pop_total": 64542.2339193917, "mass_total": 24738566.8395603, "log_pop": 4.809844, "log_mass": 7.393375, "log_pop_c": -0.390947, "log_mass_c": -0.544797, "lat": 38.3468620058858, "lon": -121.96945303193}, {"country_iso": "USA", "city_id": 32, "city": "Palmdale", "pop_total": 222897.274852448, "mass_total": 82385398.9342502, "log_pop": 5.348105, "log_mass": 7.91585, "log_pop_c": 0.147313, "log_mass_c": -0.022321, "lat": 34.6317064489502, "lon": -118.135691480188}, {"country_iso": "USA", "city_id": 33, "city": "Manteca", "pop_total": 52178.5858525348, "mass_total": 21556813.2239321, "log_pop": 4.717492, "log_mass": 7.333585, "log_pop_c": -0.483299, "log_mass_c": -0.604587, "lat": 37.7999177366383, "lon": -121.219723634482}, {"country_iso": "USA", "city_id": 34, "city": "Stockton", "pop_total": 307078.845594444, "mass_total": 131729317.101519, "log_pop": 5.48725, "log_mass": 8.119682, "log_pop_c": 0.286459, "log_mass_c": 0.181511, "lat": 37.9737950207161, "lon": -121.295274172498}, {"country_iso": "USA", "city_id": 35, "city": "Modesto", "pop_total": 252440.433909239, "mass_total": 104899682.594281, "log_pop": 5.402159, "log_mass": 8.020774, "log_pop_c": 0.201368, "log_mass_c": 0.082603, "lat": 37.6505830808479, "lon": -120.987150743716}, {"country_iso": "USA", "city_id": 36, "city": "Turlock", "pop_total": 56300.3854649973, "mass_total": 22363372.3871381, "log_pop": 4.750511, "log_mass": 7.349537, "log_pop_c": -0.45028, "log_mass_c": -0.588634, "lat": 37.5061014268772, "lon": -120.852816526394}, {"country_iso": "USA", "city_id": 37, "city": "Temecula", "pop_total": 178675.884780945, "mass_total": 67309073.4501836, "log_pop": 5.252066, "log_mass": 7.828074, "log_pop_c": 0.051275, "log_mass_c": -0.110098, "lat": 33.5333946382958, "lon": -117.152746527002}, {"country_iso": "USA", "city_id": 39, "city": "Merced", "pop_total": 65170.7355415005, "mass_total": 24527054.6633229, "log_pop": 4.814053, "log_mass": 7.389645, "log_pop_c": -0.386739, "log_mass_c": -0.548526, "lat": 37.3101701805343, "lon": -120.477252178993}, {"country_iso": "USA", "city_id": 40, "city": "Davis", "pop_total": 59589.5775199522, "mass_total": 19238823.135914, "log_pop": 4.77517, "log_mass": 7.284179, "log_pop_c": -0.425621, "log_mass_c": -0.653993, "lat": 38.5527633591399, "lon": -121.739644348518}, {"country_iso": "USA", "city_id": 42, "city": "Lodi", "pop_total": 59600.9318174017, "mass_total": 22829074.2145014, "log_pop": 4.775253, "log_mass": 7.358488, "log_pop_c": -0.425538, "log_mass_c": -0.579683, "lat": 38.1279966421628, "lon": -121.281253756769}, {"country_iso": "USA", "city_id": 44, "city": "Madera", "pop_total": 51828.7747332493, "mass_total": 15618118.0570623, "log_pop": 4.714571, "log_mass": 7.193629, "log_pop_c": -0.48622, "log_mass_c": -0.744543, "lat": 36.9600533284998, "lon": -120.066526108526}, {"country_iso": "USA", "city_id": 45, "city": "Moreno Valley", "pop_total": 153249.189366248, "mass_total": 39585254.4556033, "log_pop": 5.185398, "log_mass": 7.597533, "log_pop_c": -0.015393, "log_mass_c": -0.340638, "lat": 33.9272618927188, "lon": -117.241180963111}, {"country_iso": "USA", "city_id": 46, "city": "Fresno", "pop_total": 544206.019862458, "mass_total": 243026101.382443, "log_pop": 5.735763, "log_mass": 8.385653, "log_pop_c": 0.534972, "log_mass_c": 0.447482, "lat": 36.7875999221604, "lon": -119.770550296075}, {"country_iso": "USA", "city_id": 48, "city": "Visalia", "pop_total": 95937.844185524, "mass_total": 44445499.0860501, "log_pop": 4.98199, "log_mass": 7.647828, "log_pop_c": -0.218801, "log_mass_c": -0.290343, "lat": 36.3274036151772, "lon": -119.327190992557}, {"country_iso": "USA", "city_id": 49, "city": "Sacramento", "pop_total": 1263094.17953111, "mass_total": 573383889.726974, "log_pop": 6.101436, "log_mass": 8.758445, "log_pop_c": 0.900644, "log_mass_c": 0.820274, "lat": 38.6028730269223, "lon": -121.387806161445}, {"country_iso": "USA", "city_id": 50, "city": "Hemet", "pop_total": 110327.303228072, "mass_total": 33394989.8875632, "log_pop": 5.042683, "log_mass": 7.523681, "log_pop_c": -0.158108, "log_mass_c": -0.41449, "lat": 33.7549873689964, "lon": -116.961961167154}, {"country_iso": "USA", "city_id": 56, "city": "Indio", "pop_total": 262409.53374361, "mass_total": 143962051.23538, "log_pop": 5.41898, "log_mass": 8.158248, "log_pop_c": 0.218188, "log_mass_c": 0.220077, "lat": 33.7540731137916, "lon": -116.370828464397}, {"country_iso": "USA", "city_id": 58, "city": "Chico", "pop_total": 68959.3224120161, "mass_total": 33826210.3556274, "log_pop": 4.838593, "log_mass": 7.529253, "log_pop_c": -0.362198, "log_mass_c": -0.408918, "lat": 39.745652167157, "lon": -121.837166870059}, {"country_iso": "USA", "city_id": 60, "city": "Yuma", "pop_total": 64909.2744997597, "mass_total": 22058597.7140234, "log_pop": 4.812307, "log_mass": 7.343578, "log_pop_c": -0.388485, "log_mass_c": -0.594593, "lat": 32.6935079025895, "lon": -114.638653017054}, {"country_iso": "USA", "city_id": 67, "city": "Reno", "pop_total": 177113.105146447, "mass_total": 90970921.1243002, "log_pop": 5.248251, "log_mass": 7.958903, "log_pop_c": 0.047459, "log_mass_c": 0.020731, "lat": 39.5133928344268, "lon": -119.791743530772}, {"country_iso": "USA", "city_id": 69, "city": "Medford", "pop_total": 75722.327285723, "mass_total": 48480366.5969508, "log_pop": 4.879224, "log_mass": 7.685566, "log_pop_c": -0.321567, "log_mass_c": -0.252605, "lat": 42.3370661483045, "lon": -122.868153307862}, {"country_iso": "USA", "city_id": 74, "city": "Las Vegas", "pop_total": 1582893.85462554, "mass_total": 569597797.358792, "log_pop": 6.199452, "log_mass": 8.755568, "log_pop_c": 0.99866, "log_mass_c": 0.817397, "lat": 36.1444923801161, "lon": -115.159182556943}, {"country_iso": "USA", "city_id": 79, "city": "Phoenix", "pop_total": 3014905.01868349, "mass_total": 1494401790.61819, "log_pop": 6.479274, "log_mass": 9.174467, "log_pop_c": 1.278482, "log_mass_c": 1.236296, "lat": 33.4777706712089, "lon": -112.00069442587}, {"country_iso": "USA", "city_id": 82, "city": "Eugene", "pop_total": 177963.04677164, "mass_total": 108369981.292612, "log_pop": 5.25033, "log_mass": 8.034909, "log_pop_c": 0.049539, "log_mass_c": 0.096738, "lat": 44.0655411803464, "lon": -123.082993775669}, {"country_iso": "USA", "city_id": 84, "city": "Tucson", "pop_total": 494120.332076303, "mass_total": 264589643.419145, "log_pop": 5.693833, "log_mass": 8.422573, "log_pop_c": 0.493041, "log_mass_c": 0.484402, "lat": 32.2435673856215, "lon": -110.931440899491}, {"country_iso": "USA", "city_id": 90, "city": "Salem", "pop_total": 169028.83798215, "mass_total": 87613089.8018338, "log_pop": 5.227961, "log_mass": 7.942569, "log_pop_c": 0.02717, "log_mass_c": 0.004398, "lat": 44.9393723497512, "lon": -123.019759255482}, {"country_iso": "USA", "city_id": 101, "city": "Portland", "pop_total": 1313240.32925741, "mass_total": 698614657.257456, "log_pop": 6.118344, "log_mass": 8.844238, "log_pop_c": 0.917553, "log_mass_c": 0.906066, "lat": 45.5310489217272, "lon": -122.66590235166}, {"country_iso": "USA", "city_id": 133, "city": "Olympia", "pop_total": 73296.7568095172, "mass_total": 48221470.4793494, "log_pop": 4.865085, "log_mass": 7.68324, "log_pop_c": -0.335707, "log_mass_c": -0.254931, "lat": 47.0281655594675, "lon": -122.864040787469}, {"country_iso": "USA", "city_id": 140, "city": "Seattle", "pop_total": 2075101.52390915, "mass_total": 1248771737.43148, "log_pop": 6.317039, "log_mass": 9.096483, "log_pop_c": 1.116248, "log_mass_c": 1.158312, "lat": 47.4956942855155, "lon": -122.301320707134}, {"country_iso": "USA", "city_id": 145, "city": "Sunland Park", "pop_total": 76924.3581971616, "mass_total": 34494850.60959, "log_pop": 4.886064, "log_mass": 7.537754, "log_pop_c": -0.314727, "log_mass_c": -0.400417, "lat": 31.8420909937562, "lon": -106.549499526462}, {"country_iso": "USA", "city_id": 147, "city": "Las Cruces", "pop_total": 53679.2173878649, "mass_total": 26492351.1250931, "log_pop": 4.729806, "log_mass": 7.423121, "log_pop_c": -0.470985, "log_mass_c": -0.515051, "lat": 32.3114678075423, "lon": -106.769661896257}, {"country_iso": "USA", "city_id": 149, "city": "Mountain View", "pop_total": 77099.9952384559, "mass_total": 23849850.1433711, "log_pop": 4.887054, "log_mass": 7.377486, "log_pop_c": -0.313737, "log_mass_c": -0.560686, "lat": 31.8938783090768, "lon": -106.42287540199}, {"country_iso": "USA", "city_id": 162, "city": "Yakima", "pop_total": 69793.9004067585, "mass_total": 40699043.1145176, "log_pop": 4.843817, "log_mass": 7.609584, "log_pop_c": -0.356974, "log_mass_c": -0.328587, "lat": 46.5910644755074, "lon": -120.53845523187}, {"country_iso": "USA", "city_id": 166, "city": "Nampa", "pop_total": 65798.2212406319, "mass_total": 35732510.7542134, "log_pop": 4.818214, "log_mass": 7.553064, "log_pop_c": -0.382577, "log_mass_c": -0.385108, "lat": 43.5749397341662, "lon": -116.566354890065}, {"country_iso": "USA", "city_id": 171, "city": "Boise", "pop_total": 268718.913168186, "mass_total": 166650207.703015, "log_pop": 5.429298, "log_mass": 8.221806, "log_pop_c": 0.228507, "log_mass_c": 0.283635, "lat": 43.618532587926, "lon": -116.304445729492}, {"country_iso": "USA", "city_id": 182, "city": "Kennewick", "pop_total": 105972.804181224, "mass_total": 62572214.0774241, "log_pop": 5.025194, "log_mass": 7.796382, "log_pop_c": -0.175597, "log_mass_c": -0.14179, "lat": 46.2140742786548, "lon": -119.157577845964}, {"country_iso": "USA", "city_id": 190, "city": "Bellingham", "pop_total": 55928.0822538023, "mass_total": 32002934.298329, "log_pop": 4.74763, "log_mass": 7.50519, "log_pop_c": -0.453161, "log_mass_c": -0.432981, "lat": 48.7570725055524, "lon": -122.484608262694}, {"country_iso": "USA", "city_id": 192, "city": "Provo", "pop_total": 255752.808329165, "mass_total": 101324667.199469, "log_pop": 5.40782, "log_mass": 8.005715, "log_pop_c": 0.207029, "log_mass_c": 0.067544, "lat": 40.315636151327, "lon": -111.72105047725}, {"country_iso": "USA", "city_id": 193, "city": "Salt Lake City", "pop_total": 822073.368976786, "mass_total": 410688877.367645, "log_pop": 5.914911, "log_mass": 8.613513, "log_pop_c": 0.714119, "log_mass_c": 0.675342, "lat": 40.645081971362, "lon": -111.917373227298}, {"country_iso": "USA", "city_id": 196, "city": "Albuquerque", "pop_total": 566583.279506885, "mass_total": 279983986.294319, "log_pop": 5.753264, "log_mass": 8.447133, "log_pop_c": 0.552472, "log_mass_c": 0.508962, "lat": 35.1290673883133, "lon": -106.629210578692}, {"country_iso": "USA", "city_id": 203, "city": "Bountiful", "pop_total": 62027.238283797, "mass_total": 30916063.5205436, "log_pop": 4.792582, "log_mass": 7.490184, "log_pop_c": -0.408209, "log_mass_c": -0.447987, "lat": 40.8774481053899, "lon": -111.891622496825}, {"country_iso": "USA", "city_id": 206, "city": "Ogden", "pop_total": 277851.770834289, "mass_total": 139089150.89349, "log_pop": 5.443813, "log_mass": 8.143293, "log_pop_c": 0.243022, "log_mass_c": 0.205122, "lat": 41.1326236646614, "lon": -111.989076939951}, {"country_iso": "USA", "city_id": 229, "city": "Grand Junction", "pop_total": 66034.2499597336, "mass_total": 41037934.9199052, "log_pop": 4.819769, "log_mass": 7.613185, "log_pop_c": -0.381022, "log_mass_c": -0.324986, "lat": 39.0851003282872, "lon": -108.525691574342}, {"country_iso": "USA", "city_id": 233, "city": "Odessa", "pop_total": 73701.1825163734, "mass_total": 41992984.0514361, "log_pop": 4.867474, "log_mass": 7.623177, "log_pop_c": -0.333317, "log_mass_c": -0.314995, "lat": 31.8666955550663, "lon": -102.367311346258}, {"country_iso": "USA", "city_id": 235, "city": "Midland", "pop_total": 79566.418200692, "mass_total": 42831840.8565435, "log_pop": 4.90073, "log_mass": 7.631767, "log_pop_c": -0.300061, "log_mass_c": -0.306405, "lat": 32.0065851790428, "lon": -102.114918709457}, {"country_iso": "USA", "city_id": 239, "city": "McAllen", "pop_total": 200553.490260404, "mass_total": 81812666.9327651, "log_pop": 5.30223, "log_mass": 7.912821, "log_pop_c": 0.101439, "log_mass_c": -0.025351, "lat": 26.2168547984689, "lon": -98.2383350416494}, {"country_iso": "USA", "city_id": 241, "city": "Spokane", "pop_total": 211143.323256906, "mass_total": 142709830.21335, "log_pop": 5.324577, "log_mass": 8.154454, "log_pop_c": 0.123786, "log_mass_c": 0.216283, "lat": 47.672282810669, "lon": -117.351240119724}, {"country_iso": "USA", "city_id": 242, "city": "Idaho Falls", "pop_total": 57124.6305894581, "mass_total": 30481594.8955729, "log_pop": 4.756823, "log_mass": 7.484038, "log_pop_c": -0.443968, "log_mass_c": -0.454134, "lat": 43.4892921370002, "lon": -112.009911356489}, {"country_iso": "USA", "city_id": 246, "city": "Brownsville", "pop_total": 94141.9398183299, "mass_total": 28629865.9103931, "log_pop": 4.973783, "log_mass": 7.456819, "log_pop_c": -0.227008, "log_mass_c": -0.481352, "lat": 25.9317863899649, "lon": -97.4819422547476}, {"country_iso": "USA", "city_id": 247, "city": "Lubbock", "pop_total": 173760.282093302, "mass_total": 93713610.1096853, "log_pop": 5.239951, "log_mass": 7.971803, "log_pop_c": 0.039159, "log_mass_c": 0.033631, "lat": 33.5531381360388, "lon": -101.895631366714}, {"country_iso": "USA", "city_id": 250, "city": "San Antonio", "pop_total": 1155111.78659529, "mass_total": 492132299.20908, "log_pop": 6.062624, "log_mass": 8.692082, "log_pop_c": 0.861833, "log_mass_c": 0.753911, "lat": 29.4917845969911, "lon": -98.5207084538981}, {"country_iso": "USA", "city_id": 253, "city": "Corpus Christi", "pop_total": 183382.37173832, "mass_total": 80375789.766298, "log_pop": 5.263358, "log_mass": 7.905125, "log_pop_c": 0.062566, "log_mass_c": -0.033046, "lat": 27.742877484353, "lon": -97.40418841016}, {"country_iso": "USA", "city_id": 257, "city": "Pueblo", "pop_total": 84930.2012389275, "mass_total": 58557783.2346269, "log_pop": 4.929062, "log_mass": 7.767585, "log_pop_c": -0.271729, "log_mass_c": -0.170587, "lat": 38.2620914586978, "lon": -104.619713740116}, {"country_iso": "USA", "city_id": 260, "city": "Amarillo", "pop_total": 137875.613170974, "mass_total": 83042015.5089564, "log_pop": 5.139487, "log_mass": 7.919298, "log_pop_c": -0.061304, "log_mass_c": -0.018873, "lat": 35.1850686513776, "lon": -101.864467339178}, {"country_iso": "USA", "city_id": 264, "city": "Abilene", "pop_total": 67368.0684331318, "mass_total": 41024940.7173885, "log_pop": 4.828454, "log_mass": 7.613048, "log_pop_c": -0.372337, "log_mass_c": -0.325123, "lat": 32.4415995888253, "lon": -99.7492926129135}, {"country_iso": "USA", "city_id": 265, "city": "Colorado Springs", "pop_total": 308143.285863739, "mass_total": 155969709.448911, "log_pop": 5.488753, "log_mass": 8.19304, "log_pop_c": 0.287961, "log_mass_c": 0.254869, "lat": 38.8637028521352, "lon": -104.776077866797}, {"country_iso": "USA", "city_id": 272, "city": "Denver", "pop_total": 1829906.07592735, "mass_total": 939922291.118431, "log_pop": 6.262429, "log_mass": 8.973092, "log_pop_c": 1.061637, "log_mass_c": 1.034921, "lat": 39.7284643202296, "lon": -104.980564021861}, {"country_iso": "USA", "city_id": 273, "city": "Austin", "pop_total": 829196.886861977, "mass_total": 343180800.19491, "log_pop": 5.918658, "log_mass": 8.535523, "log_pop_c": 0.717866, "log_mass_c": 0.597352, "lat": 30.3716806465603, "lon": -97.7353025784615}, {"country_iso": "USA", "city_id": 277, "city": "Boulder", "pop_total": 72215.5408747696, "mass_total": 31450879.2205434, "log_pop": 4.858631, "log_mass": 7.497633, "log_pop_c": -0.342161, "log_mass_c": -0.440538, "lat": 40.016896799278, "lon": -105.253935719267}, {"country_iso": "USA", "city_id": 284, "city": "Longmont", "pop_total": 68650.4543108721, "mass_total": 34148954.3782874, "log_pop": 4.836643, "log_mass": 7.533377, "log_pop_c": -0.364148, "log_mass_c": -0.404794, "lat": 40.17028183308, "lon": -105.112540864407}, {"country_iso": "USA", "city_id": 289, "city": "Killeen", "pop_total": 135589.765090304, "mass_total": 68523884.4824623, "log_pop": 5.132227, "log_mass": 7.835842, "log_pop_c": -0.068564, "log_mass_c": -0.102329, "lat": 31.1005293987705, "lon": -97.722078477642}, {"country_iso": "USA", "city_id": 292, "city": "Loveland", "pop_total": 52368.6738193399, "mass_total": 28543946.6078518, "log_pop": 4.719072, "log_mass": 7.455514, "log_pop_c": -0.48172, "log_mass_c": -0.482657, "lat": 40.4100900921007, "lon": -105.084653534163}, {"country_iso": "USA", "city_id": 295, "city": "Fort Collins", "pop_total": 104564.709732455, "mass_total": 52517345.8243907, "log_pop": 5.019385, "log_mass": 7.720303, "log_pop_c": -0.181406, "log_mass_c": -0.217868, "lat": 40.553066062587, "lon": -105.072721024671}, {"country_iso": "USA", "city_id": 299, "city": "Greeley", "pop_total": 89824.7836156041, "mass_total": 39932241.9431364, "log_pop": 4.953396, "log_mass": 7.601324, "log_pop_c": -0.247395, "log_mass_c": -0.336848, "lat": 40.4069833679868, "lon": -104.719211481259}, {"country_iso": "USA", "city_id": 309, "city": "Waco", "pop_total": 83437.9174504345, "mass_total": 50117463.1201994, "log_pop": 4.921363, "log_mass": 7.699989, "log_pop_c": -0.279428, "log_mass_c": -0.238182, "lat": 31.5342149811614, "lon": -97.1651946619083}, {"country_iso": "USA", "city_id": 314, "city": "Wichita Falls", "pop_total": 57912.8992216997, "mass_total": 45248306.0511591, "log_pop": 4.762775, "log_mass": 7.655602, "log_pop_c": -0.438016, "log_mass_c": -0.282569, "lat": 33.885684285955, "lon": -98.5237018125261}, {"country_iso": "USA", "city_id": 315, "city": "Houston", "pop_total": 3967250.27372833, "mass_total": 1958877310.35829, "log_pop": 6.59849, "log_mass": 9.292007, "log_pop_c": 1.397698, "log_mass_c": 1.353836, "lat": 29.7815842918187, "lon": -95.4086310728148}, {"country_iso": "USA", "city_id": 318, "city": "College Station", "pop_total": 114318.821724586, "mass_total": 48105531.4590915, "log_pop": 5.058118, "log_mass": 7.682195, "log_pop_c": -0.142674, "log_mass_c": -0.255976, "lat": 30.6244987827726, "lon": -96.3322866052367}, {"country_iso": "USA", "city_id": 323, "city": "Dallas", "pop_total": 4245895.64181155, "mass_total": 2293025532.17777, "log_pop": 6.627969, "log_mass": 9.360409, "log_pop_c": 1.427178, "log_mass_c": 1.422238, "lat": 32.8576367904711, "lon": -96.9655872518945}, {"country_iso": "USA", "city_id": 328, "city": "Lawton", "pop_total": 51263.1266472062, "mass_total": 30582557.8217623, "log_pop": 4.709805, "log_mass": 7.485474, "log_pop_c": -0.490986, "log_mass_c": -0.452697, "lat": 34.6141603344638, "lon": -98.4360770537484}, {"country_iso": "USA", "city_id": 333, "city": "Denton", "pop_total": 116368.553902093, "mass_total": 51692119.0555051, "log_pop": 5.065836, "log_mass": 7.713424, "log_pop_c": -0.134956, "log_mass_c": -0.224747, "lat": 33.1888639596633, "lon": -97.1071234097172}, {"country_iso": "USA", "city_id": 337, "city": "Billings", "pop_total": 63456.4364044096, "mass_total": 46439529.3431972, "log_pop": 4.802476, "log_mass": 7.666888, "log_pop_c": -0.398316, "log_mass_c": -0.271283, "lat": 45.7766094509726, "lon": -108.558243141322}, {"country_iso": "USA", "city_id": 339, "city": "Sachse", "pop_total": 77951.9819165152, "mass_total": 38165268.1545337, "log_pop": 4.891827, "log_mass": 7.581668, "log_pop_c": -0.308964, "log_mass_c": -0.356503, "lat": 33.0084023385471, "lon": -96.5785665677528}, {"country_iso": "USA", "city_id": 342, "city": "Beaumont", "pop_total": 71206.2988555287, "mass_total": 60254713.6170262, "log_pop": 4.852518, "log_mass": 7.779991, "log_pop_c": -0.348273, "log_mass_c": -0.15818, "lat": 30.0765397177352, "lon": -94.1275126318418}, {"country_iso": "USA", "city_id": 344, "city": "Port Arthur", "pop_total": 79417.6093213904, "mass_total": 78652353.5323654, "log_pop": 4.899917, "log_mass": 7.895712, "log_pop_c": -0.300874, "log_mass_c": -0.04246, "lat": 29.9328949259264, "lon": -93.9550890862106}, {"country_iso": "USA", "city_id": 347, "city": "Norman", "pop_total": 69660.2214517428, "mass_total": 37244786.5927573, "log_pop": 4.842985, "log_mass": 7.571065, "log_pop_c": -0.357806, "log_mass_c": -0.367106, "lat": 35.2184598323328, "lon": -97.4586961140336}, {"country_iso": "USA", "city_id": 349, "city": "Oklahoma City", "pop_total": 505383.458607696, "mass_total": 343169083.047342, "log_pop": 5.703621, "log_mass": 8.535508, "log_pop_c": 0.50283, "log_mass_c": 0.597337, "lat": 35.4631304358664, "lon": -97.5244853223093}, {"country_iso": "USA", "city_id": 356, "city": "Edmond", "pop_total": 62057.9847944877, "mass_total": 37972685.4844033, "log_pop": 4.792798, "log_mass": 7.579471, "log_pop_c": -0.407994, "log_mass_c": -0.3587, "lat": 35.6438962972833, "lon": -97.4838836445516}, {"country_iso": "USA", "city_id": 366, "city": "Lake Charles", "pop_total": 51836.2740876927, "mass_total": 39127572.3369969, "log_pop": 4.714634, "log_mass": 7.592483, "log_pop_c": -0.486158, "log_mass_c": -0.345688, "lat": 30.2006665435759, "lon": -93.2127590421602}, {"country_iso": "USA", "city_id": 379, "city": "Shreveport", "pop_total": 126178.080696811, "mass_total": 97354868.2720879, "log_pop": 5.100984, "log_mass": 7.988358, "log_pop_c": -0.099807, "log_mass_c": 0.050186, "lat": 32.4834380253868, "lon": -93.7336926195441}, {"country_iso": "USA", "city_id": 383, "city": "Wichita", "pop_total": 226664.473293022, "mass_total": 160797120.880066, "log_pop": 5.355383, "log_mass": 8.206278, "log_pop_c": 0.154592, "log_mass_c": 0.268107, "lat": 37.6833461288566, "lon": -97.3096923153328}, {"country_iso": "USA", "city_id": 385, "city": "Tulsa", "pop_total": 364222.529701449, "mass_total": 269470535.547596, "log_pop": 5.561367, "log_mass": 8.430511, "log_pop_c": 0.360576, "log_mass_c": 0.49234, "lat": 36.096556763692, "lon": -95.9064492203873}, {"country_iso": "USA", "city_id": 386, "city": "Lafayette", "pop_total": 77485.5621580817, "mass_total": 55020256.066053, "log_pop": 4.889221, "log_mass": 7.740523, "log_pop_c": -0.311571, "log_mass_c": -0.197649, "lat": 30.199017879382, "lon": -92.0281961528368}, {"country_iso": "USA", "city_id": 395, "city": "Fort Smith", "pop_total": 59188.9091580458, "mass_total": 49289585.7264613, "log_pop": 4.77224, "log_mass": 7.692755, "log_pop_c": -0.428551, "log_mass_c": -0.245416, "lat": 35.3588755774091, "lon": -94.3958730452926}, {"country_iso": "USA", "city_id": 397, "city": "Baton Rouge", "pop_total": 200064.657913476, "mass_total": 138606433.975357, "log_pop": 5.30117, "log_mass": 8.141783, "log_pop_c": 0.100379, "log_mass_c": 0.203612, "lat": 30.4332844380853, "lon": -91.1012850612921}, {"country_iso": "USA", "city_id": 400, "city": "New Orleans", "pop_total": 582001.454076868, "mass_total": 342646389.700138, "log_pop": 5.764924, "log_mass": 8.534846, "log_pop_c": 0.564133, "log_mass_c": 0.596675, "lat": 29.9601346182009, "lon": -90.1022923795792}, {"country_iso": "USA", "city_id": 405, "city": "Topeka", "pop_total": 79393.3677215812, "mass_total": 55320451.5975852, "log_pop": 4.899784, "log_mass": 7.742886, "log_pop_c": -0.301007, "log_mass_c": -0.195286, "lat": 39.031087188782, "lon": -95.7051893746312}, {"country_iso": "USA", "city_id": 407, "city": "Little Rock", "pop_total": 96924.9674014482, "mass_total": 81081366.7227735, "log_pop": 4.986436, "log_mass": 7.908921, "log_pop_c": -0.214356, "log_mass_c": -0.02925, "lat": 34.7608364460094, "lon": -92.2977213311449}, {"country_iso": "USA", "city_id": 408, "city": "Lawrence", "pop_total": 61913.9641370452, "mass_total": 30455147.6207691, "log_pop": 4.791789, "log_mass": 7.483661, "log_pop_c": -0.409003, "log_mass_c": -0.454511, "lat": 38.9582540008564, "lon": -95.2649707352778}, {"country_iso": "USA", "city_id": 409, "city": "Lincoln", "pop_total": 198136.779706785, "mass_total": 116102010.377956, "log_pop": 5.296965, "log_mass": 8.06484, "log_pop_c": 0.096174, "log_mass_c": 0.126668, "lat": 40.803237142468, "lon": -96.6722010011008}, {"country_iso": "USA", "city_id": 410, "city": "Biloxi", "pop_total": 51024.3474074113, "mass_total": 47015315.9403754, "log_pop": 4.707777, "log_mass": 7.672239, "log_pop_c": -0.493014, "log_mass_c": -0.265932, "lat": 30.4129594183703, "lon": -88.9790985980836}, {"country_iso": "USA", "city_id": 411, "city": "Kansas City", "pop_total": 904753.609072669, "mass_total": 677893487.235338, "log_pop": 5.95653, "log_mass": 8.831161, "log_pop_c": 0.755739, "log_mass_c": 0.89299, "lat": 39.0448285024383, "lon": -94.6047740902962}, {"country_iso": "USA", "city_id": 413, "city": "Springfield", "pop_total": 109431.294898844, "mass_total": 79498637.9881088, "log_pop": 5.039142, "log_mass": 7.90036, "log_pop_c": -0.16165, "log_mass_c": -0.037812, "lat": 37.1891687725566, "lon": -93.2852343113898}, {"country_iso": "USA", "city_id": 417, "city": "Omaha", "pop_total": 469276.423101988, "mass_total": 290707221.933034, "log_pop": 5.671429, "log_mass": 8.463456, "log_pop_c": 0.470637, "log_mass_c": 0.525285, "lat": 41.2407026211249, "lon": -96.058178687226}, {"country_iso": "USA", "city_id": 423, "city": "Mobile", "pop_total": 71863.01613269, "mass_total": 59334612.4297587, "log_pop": 4.856505, "log_mass": 7.773308, "log_pop_c": -0.344286, "log_mass_c": -0.164863, "lat": 30.692384799674, "lon": -88.0936970713902}, {"country_iso": "USA", "city_id": 432, "city": "Sioux City", "pop_total": 63108.3543461708, "mass_total": 44670330.4505331, "log_pop": 4.800087, "log_mass": 7.650019, "log_pop_c": -0.400704, "log_mass_c": -0.288152, "lat": 42.4879019179718, "lon": -96.3892575705726}, {"country_iso": "USA", "city_id": 436, "city": "Pensacola", "pop_total": 143059.732403699, "mass_total": 121469052.575445, "log_pop": 5.155517, "log_mass": 8.084466, "log_pop_c": -0.045274, "log_mass_c": 0.146294, "lat": 30.4393699532266, "lon": -87.2293371202145}, {"country_iso": "USA", "city_id": 443, "city": "Memphis", "pop_total": 302201.327445437, "mass_total": 210422119.428683, "log_pop": 5.480296, "log_mass": 8.323091, "log_pop_c": 0.279505, "log_mass_c": 0.38492, "lat": 35.0882771233181, "lon": -89.9063329727882}, {"country_iso": "USA", "city_id": 448, "city": "Bartlett", "pop_total": 94177.8330907616, "mass_total": 49799913.4295525, "log_pop": 4.973949, "log_mass": 7.697229, "log_pop_c": -0.226843, "log_mass_c": -0.240943, "lat": 35.1835686687268, "lon": -89.80999750786}, {"country_iso": "USA", "city_id": 449, "city": "Sioux Falls", "pop_total": 110291.508791512, "mass_total": 69883305.3189988, "log_pop": 5.042542, "log_mass": 7.844373, "log_pop_c": -0.158249, "log_mass_c": -0.093798, "lat": 43.5308470048657, "lon": -96.7401323811353}, {"country_iso": "USA", "city_id": 450, "city": "Navarre", "pop_total": 63624.4874274368, "mass_total": 47924910.4517742, "log_pop": 4.803624, "log_mass": 7.680561, "log_pop_c": -0.397167, "log_mass_c": -0.25761, "lat": 30.4210754702324, "lon": -86.6885022011361}, {"country_iso": "USA", "city_id": 474, "city": "Des Moines", "pop_total": 264773.68433477, "mass_total": 177037001.691103, "log_pop": 5.422875, "log_mass": 8.248064, "log_pop_c": 0.222084, "log_mass_c": 0.309893, "lat": 41.6005408798103, "lon": -93.6845769440356}, {"country_iso": "USA", "city_id": 482, "city": "Montgomery", "pop_total": 102947.887508744, "mass_total": 82493295.582734, "log_pop": 5.012617, "log_mass": 7.916419, "log_pop_c": -0.188174, "log_mass_c": -0.021753, "lat": 32.3601474546149, "lon": -86.2491929159833}, {"country_iso": "USA", "city_id": 483, "city": "O\u2019Fallon", "pop_total": 190530.282401917, "mass_total": 103070213.444685, "log_pop": 5.279964, "log_mass": 8.013133, "log_pop_c": 0.079173, "log_mass_c": 0.074962, "lat": 38.7773367657342, "lon": -90.6118652675246}, {"country_iso": "USA", "city_id": 484, "city": "Chesterfield", "pop_total": 73407.7526164948, "mass_total": 47683465.4708729, "log_pop": 4.865742, "log_mass": 7.678368, "log_pop_c": -0.335049, "log_mass_c": -0.259803, "lat": 38.6063406983668, "lon": -90.5369926962973}, {"country_iso": "USA", "city_id": 486, "city": "Birmingham", "pop_total": 142147.10250111, "mass_total": 141302768.29704, "log_pop": 5.152738, "log_mass": 8.150151, "log_pop_c": -0.048053, "log_mass_c": 0.211979, "lat": 33.5090415120271, "lon": -86.823673581619}, {"country_iso": "USA", "city_id": 487, "city": "St. Louis", "pop_total": 882375.880092981, "mass_total": 580072813.785074, "log_pop": 5.945654, "log_mass": 8.763483, "log_pop_c": 0.744862, "log_mass_c": 0.825311, "lat": 38.6487248287605, "lon": -90.295291974656}, {"country_iso": "USA", "city_id": 500, "city": "Bradenton", "pop_total": 462433.613401784, "mass_total": 339743155.34068, "log_pop": 5.665049, "log_mass": 8.531151, "log_pop_c": 0.464258, "log_mass_c": 0.592979, "lat": 27.2973111084595, "lon": -82.4956742668174}, {"country_iso": "USA", "city_id": 501, "city": "Tampa", "pop_total": 1570885.52548026, "mass_total": 893737057.042271, "log_pop": 6.196145, "log_mass": 8.95121, "log_pop_c": 0.995353, "log_mass_c": 1.013039, "lat": 27.9595062960394, "lon": -82.5996304354972}, {"country_iso": "USA", "city_id": 502, "city": "Huntsville", "pop_total": 60739.7647998355, "mass_total": 49427520.7713388, "log_pop": 4.783473, "log_mass": 7.693969, "log_pop_c": -0.417318, "log_mass_c": -0.244202, "lat": 34.7260714256917, "lon": -86.6100021045878}, {"country_iso": "USA", "city_id": 507, "city": "Cape Coral", "pop_total": 213639.830676661, "mass_total": 142622534.101348, "log_pop": 5.329682, "log_mass": 8.154188, "log_pop_c": 0.128891, "log_mass_c": 0.216017, "lat": 26.6019014280018, "lon": -81.9218170983599}, {"country_iso": "USA", "city_id": 509, "city": "Columbus", "pop_total": 109433.679561109, "mass_total": 83324473.6459016, "log_pop": 5.039151, "log_mass": 7.920773, "log_pop_c": -0.16164, "log_mass_c": -0.017399, "lat": 32.4931510687129, "lon": -84.947343507831}, {"country_iso": "USA", "city_id": 510, "city": "Fargo", "pop_total": 143965.257358554, "mass_total": 105073773.552578, "log_pop": 5.158258, "log_mass": 8.021494, "log_pop_c": -0.042534, "log_mass_c": 0.083323, "lat": 46.8583189026649, "lon": -96.8225196327076}, {"country_iso": "USA", "city_id": 513, "city": "Waterloo", "pop_total": 61938.4141521488, "mass_total": 40800153.2669171, "log_pop": 4.79196, "log_mass": 7.610662, "log_pop_c": -0.408831, "log_mass_c": -0.327509, "lat": 42.4971550691478, "lon": -92.3734123669621}, {"country_iso": "USA", "city_id": 517, "city": "Iowa City", "pop_total": 55199.5885800589, "mass_total": 26968547.7384002, "log_pop": 4.741936, "log_mass": 7.430858, "log_pop_c": -0.458855, "log_mass_c": -0.507314, "lat": 41.6620771727974, "lon": -91.5440548677056}, {"country_iso": "USA", "city_id": 518, "city": "Cedar Rapids", "pop_total": 113937.069775148, "mass_total": 79679907.5288656, "log_pop": 5.056665, "log_mass": 7.901349, "log_pop_c": -0.144126, "log_mass_c": -0.036822, "lat": 41.9934023828355, "lon": -91.6627110726115}, {"country_iso": "USA", "city_id": 519, "city": "Spring Hill", "pop_total": 51532.6279308608, "mass_total": 34314228.8728129, "log_pop": 4.712082, "log_mass": 7.535474, "log_pop_c": -0.488709, "log_mass_c": -0.402697, "lat": 28.4807922836758, "lon": -82.5585524802889}, {"country_iso": "USA", "city_id": 525, "city": "Springfield", "pop_total": 86610.4292190453, "mass_total": 65599888.2602521, "log_pop": 4.93757, "log_mass": 7.816903, "log_pop_c": -0.263221, "log_mass_c": -0.121268, "lat": 39.7867993345814, "lon": -89.653712720793}, {"country_iso": "USA", "city_id": 530, "city": "Nashville", "pop_total": 194976.775681678, "mass_total": 143850117.816006, "log_pop": 5.289983, "log_mass": 8.15791, "log_pop_c": 0.089192, "log_mass_c": 0.219739, "lat": 36.1283750945114, "lon": -86.7590118791612}, {"country_iso": "USA", "city_id": 534, "city": "Lakeland", "pop_total": 73674.1110213301, "mass_total": 41815823.1932422, "log_pop": 4.867315, "log_mass": 7.621341, "log_pop_c": -0.333476, "log_mass_c": -0.316831, "lat": 28.0265497095467, "lon": -81.946319080175}, {"country_iso": "USA", "city_id": 535, "city": "Murfreesboro", "pop_total": 54061.303414809, "mass_total": 31005637.9839541, "log_pop": 4.732887, "log_mass": 7.491441, "log_pop_c": -0.467905, "log_mass_c": -0.446731, "lat": 35.8468170667793, "lon": -86.3859374266436}, {"country_iso": "USA", "city_id": 541, "city": "Davenport", "pop_total": 177321.683594979, "mass_total": 131888417.197944, "log_pop": 5.248762, "log_mass": 8.120207, "log_pop_c": 0.047971, "log_mass_c": 0.182035, "lat": 41.5177413076671, "lon": -90.528118647197}, {"country_iso": "USA", "city_id": 545, "city": "Evansville", "pop_total": 89366.2704688538, "mass_total": 62655929.9671545, "log_pop": 4.951174, "log_mass": 7.796962, "log_pop_c": -0.249618, "log_mass_c": -0.141209, "lat": 37.9812748690008, "lon": -87.5263688038098}, {"country_iso": "USA", "city_id": 548, "city": "Homestead", "pop_total": 103332.401568785, "mass_total": 38489320.2510972, "log_pop": 5.014237, "log_mass": 7.58534, "log_pop_c": -0.186555, "log_mass_c": -0.352831, "lat": 25.487384532363, "lon": -80.4421564743596}, {"country_iso": "USA", "city_id": 550, "city": "Peoria", "pop_total": 88170.4785932365, "mass_total": 68870846.3001781, "log_pop": 4.945323, "log_mass": 7.838035, "log_pop_c": -0.255468, "log_mass_c": -0.100136, "lat": 40.7148470834395, "lon": -89.6080018114168}, {"country_iso": "USA", "city_id": 551, "city": "Saint Cloud", "pop_total": 62650.5064418599, "mass_total": 44795020.6329869, "log_pop": 4.796925, "log_mass": 7.65123, "log_pop_c": -0.403867, "log_mass_c": -0.286942, "lat": 45.5751644043748, "lon": -94.1946717207705}, {"country_iso": "USA", "city_id": 553, "city": "Eagan", "pop_total": 178930.151910971, "mass_total": 127682253.114675, "log_pop": 5.252684, "log_mass": 8.106131, "log_pop_c": 0.051892, "log_mass_c": 0.167959, "lat": 44.7662086309207, "lon": -93.2250956833665}, {"country_iso": "USA", "city_id": 554, "city": "Minneapolis [Saint Paul]", "pop_total": 1398828.87670497, "mass_total": 901102539.286867, "log_pop": 6.145765, "log_mass": 8.954774, "log_pop_c": 0.944973, "log_mass_c": 1.016603, "lat": 45.0000787983415, "lon": -93.230271862153}, {"country_iso": "USA", "city_id": 556, "city": "Miami", "pop_total": 4444943.80652344, "mass_total": 1828961362.69061, "log_pop": 6.647866, "log_mass": 9.262205, "log_pop_c": 1.447075, "log_mass_c": 1.324033, "lat": 26.1798420323402, "lon": -80.2121214468967}, {"country_iso": "USA", "city_id": 559, "city": "Atlanta", "pop_total": 1066679.01949608, "mass_total": 706275433.152903, "log_pop": 6.028034, "log_mass": 8.848974, "log_pop_c": 0.827242, "log_mass_c": 0.910803, "lat": 33.8410953533521, "lon": -84.3010974065293}, {"country_iso": "USA", "city_id": 564, "city": "Rochester", "pop_total": 57009.5740881917, "mass_total": 36338977.6172175, "log_pop": 4.755948, "log_mass": 7.560373, "log_pop_c": -0.444844, "log_mass_c": -0.377799, "lat": 44.0384232340933, "lon": -92.4876648008307}, {"country_iso": "USA", "city_id": 568, "city": "Orlando", "pop_total": 931261.188139507, "mass_total": 460943371.401256, "log_pop": 5.969072, "log_mass": 8.663648, "log_pop_c": 0.76828, "log_mass_c": 0.725476, "lat": 28.5391478732425, "lon": -81.3737157405559}, {"country_iso": "USA", "city_id": 576, "city": "Bloomington", "pop_total": 94622.3005078541, "mass_total": 50534888.6950165, "log_pop": 4.975994, "log_mass": 7.703591, "log_pop_c": -0.224798, "log_mass_c": -0.23458, "lat": 40.4934091275921, "lon": -88.9713914163989}, {"country_iso": "USA", "city_id": 577, "city": "Roswell", "pop_total": 134170.551178594, "mass_total": 94142476.5127378, "log_pop": 5.127657, "log_mass": 7.973786, "log_pop_c": -0.073134, "log_mass_c": 0.035614, "lat": 34.0529020629718, "lon": -84.25601747619}, {"country_iso": "USA", "city_id": 588, "city": "Champaign", "pop_total": 106173.695075409, "mass_total": 51861967.9783464, "log_pop": 5.026017, "log_mass": 7.714849, "log_pop_c": -0.174774, "log_mass_c": -0.223322, "lat": 40.1100273420209, "lon": -88.2489741471514}, {"country_iso": "USA", "city_id": 591, "city": "Port St. Lucie", "pop_total": 90057.3032850238, "mass_total": 48141919.8666394, "log_pop": 4.954519, "log_mass": 7.682523, "log_pop_c": -0.246272, "log_mass_c": -0.255648, "lat": 27.2789488758689, "lon": -80.3656208397518}, {"country_iso": "USA", "city_id": 594, "city": "Palm Bay", "pop_total": 225406.44731043, "mass_total": 160488602.921538, "log_pop": 5.352966, "log_mass": 8.205444, "log_pop_c": 0.152175, "log_mass_c": 0.267273, "lat": 28.1259968647814, "lon": -80.630995203343}, {"country_iso": "USA", "city_id": 595, "city": "Jacksonville", "pop_total": 295873.305107453, "mass_total": 196539846.406754, "log_pop": 5.471106, "log_mass": 8.293451, "log_pop_c": 0.270314, "log_mass_c": 0.355279, "lat": 30.3068477272408, "lon": -81.6477390197595}, {"country_iso": "USA", "city_id": 596, "city": "Stuart", "pop_total": 76764.5433612691, "mass_total": 57076831.5807586, "log_pop": 4.885161, "log_mass": 7.75646, "log_pop_c": -0.315631, "log_mass_c": -0.181711, "lat": 27.2046436073838, "lon": -80.2404304550774}, {"country_iso": "USA", "city_id": 601, "city": "Cocoa", "pop_total": 51981.7475054926, "mass_total": 37719438.4919652, "log_pop": 4.715851, "log_mass": 7.576565, "log_pop_c": -0.48494, "log_mass_c": -0.361606, "lat": 28.3505859735219, "lon": -80.7209950846882}, {"country_iso": "USA", "city_id": 605, "city": "Palm Coast", "pop_total": 62279.342251185, "mass_total": 40721476.2596739, "log_pop": 4.794344, "log_mass": 7.609824, "log_pop_c": -0.406447, "log_mass_c": -0.328348, "lat": 29.5455600866821, "lon": -81.2052923732509}, {"country_iso": "USA", "city_id": 606, "city": "Daytona Beach", "pop_total": 132346.922492764, "mass_total": 89538084.8325593, "log_pop": 5.121714, "log_mass": 7.952008, "log_pop_c": -0.079077, "log_mass_c": 0.013837, "lat": 29.2064060146577, "lon": -81.0335671906736}, {"country_iso": "USA", "city_id": 607, "city": "La Crosse", "pop_total": 50638.3802022647, "mass_total": 31696633.5076752, "log_pop": 4.70448, "log_mass": 7.501013, "log_pop_c": -0.496311, "log_mass_c": -0.437158, "lat": 43.8300964712579, "lon": -91.2318308639907}, {"country_iso": "USA", "city_id": 624, "city": "Louisville", "pop_total": 565646.496374997, "mass_total": 384819956.006038, "log_pop": 5.752545, "log_mass": 8.585258, "log_pop_c": 0.551754, "log_mass_c": 0.647086, "lat": 38.2245656634275, "lon": -85.6991187453174}, {"country_iso": "USA", "city_id": 627, "city": "Bloomington", "pop_total": 53236.6046322358, "mass_total": 23581028.4296282, "log_pop": 4.72621, "log_mass": 7.372563, "log_pop_c": -0.474581, "log_mass_c": -0.565609, "lat": 39.1594710834492, "lon": -86.5348926217737}, {"country_iso": "USA", "city_id": 628, "city": "Rockford", "pop_total": 155112.680036861, "mass_total": 107283083.664848, "log_pop": 5.190647, "log_mass": 8.030531, "log_pop_c": -0.010144, "log_mass_c": 0.09236, "lat": 42.2855218131387, "lon": -89.0432879110941}, {"country_iso": "USA", "city_id": 634, "city": "Chicago", "pop_total": 5663971.55103957, "mass_total": 2870742338.8831, "log_pop": 6.753121, "log_mass": 9.457994, "log_pop_c": 1.55233, "log_mass_c": 1.519823, "lat": 41.7943297506599, "lon": -87.8229152811027}, {"country_iso": "USA", "city_id": 635, "city": "Joliet", "pop_total": 198642.19197181, "mass_total": 100883818.016107, "log_pop": 5.298071, "log_mass": 8.003822, "log_pop_c": 0.09728, "log_mass_c": 0.06565, "lat": 41.5560381913713, "lon": -88.1536028613938}, {"country_iso": "USA", "city_id": 637, "city": "Madison", "pop_total": 185593.485736143, "mass_total": 93713344.6597919, "log_pop": 5.268563, "log_mass": 7.971801, "log_pop_c": 0.067771, "log_mass_c": 0.03363, "lat": 43.0724931872741, "lon": -89.4088882153556}, {"country_iso": "USA", "city_id": 640, "city": "Knoxville", "pop_total": 61666.8650271067, "mass_total": 47830299.7768527, "log_pop": 4.790052, "log_mass": 7.679703, "log_pop_c": -0.410739, "log_mass_c": -0.258468, "lat": 35.9865658200495, "lon": -83.9319635245436}, {"country_iso": "USA", "city_id": 644, "city": "Batavia", "pop_total": 66859.6798682897, "mass_total": 48547862.0699525, "log_pop": 4.825164, "log_mass": 7.68617, "log_pop_c": -0.375627, "log_mass_c": -0.252001, "lat": 41.8815463358818, "lon": -88.3106761237698}, {"country_iso": "USA", "city_id": 648, "city": "Elgin", "pop_total": 106771.398364448, "mass_total": 57478901.3745286, "log_pop": 5.028455, "log_mass": 7.759508, "log_pop_c": -0.172336, "log_mass_c": -0.178663, "lat": 42.0285494305231, "lon": -88.2931891309426}, {"country_iso": "USA", "city_id": 650, "city": "Lafayette", "pop_total": 92112.4713156223, "mass_total": 49361506.407269, "log_pop": 4.964318, "log_mass": 7.693388, "log_pop_c": -0.236473, "log_mass_c": -0.244783, "lat": 40.4160160524169, "lon": -86.8769304895483}, {"country_iso": "USA", "city_id": 651, "city": "Indianapolis", "pop_total": 805639.605227012, "mass_total": 583489054.84623, "log_pop": 5.906141, "log_mass": 8.766033, "log_pop_c": 0.70535, "log_mass_c": 0.827861, "lat": 39.8088284990519, "lon": -86.145475913455}, {"country_iso": "USA", "city_id": 652, "city": "Algonquin", "pop_total": 106617.003928825, "mass_total": 56640701.686472, "log_pop": 5.027826, "log_mass": 7.753129, "log_pop_c": -0.172965, "log_mass_c": -0.185043, "lat": 42.1930087679307, "lon": -88.3145336402772}, {"country_iso": "USA", "city_id": 656, "city": "Savannah", "pop_total": 99083.7727295369, "mass_total": 76191912.778238, "log_pop": 4.996003, "log_mass": 7.881909, "log_pop_c": -0.204789, "log_mass_c": -0.056262, "lat": 32.055288052986, "lon": -81.1191106060022}, {"country_iso": "USA", "city_id": 662, "city": "Waukegan", "pop_total": 255451.241393644, "mass_total": 148464846.923496, "log_pop": 5.407308, "log_mass": 8.171624, "log_pop_c": 0.206517, "log_mass_c": 0.233452, "lat": 42.3751034740386, "lon": -87.9501723710357}, {"country_iso": "USA", "city_id": 665, "city": "Lexington", "pop_total": 214509.733486317, "mass_total": 115124500.52954, "log_pop": 5.331447, "log_mass": 8.061168, "log_pop_c": 0.130656, "log_mass_c": 0.122996, "lat": 38.0213612841271, "lon": -84.4937922041542}, {"country_iso": "USA", "city_id": 674, "city": "Kenosha", "pop_total": 91638.7561103472, "mass_total": 50534810.9340053, "log_pop": 4.962079, "log_mass": 7.703591, "log_pop_c": -0.238712, "log_mass_c": -0.234581, "lat": 42.581790653723, "lon": -87.8592096787609}, {"country_iso": "USA", "city_id": 675, "city": "Milwaukee", "pop_total": 886682.928682201, "mass_total": 514727357.009387, "log_pop": 5.947768, "log_mass": 8.711577, "log_pop_c": 0.746977, "log_mass_c": 0.773406, "lat": 43.031754593584, "lon": -88.0111060373092}, {"country_iso": "USA", "city_id": 677, "city": "Racine", "pop_total": 97641.0534304941, "mass_total": 63349529.7787045, "log_pop": 4.989632, "log_mass": 7.801743, "log_pop_c": -0.211159, "log_mass_c": -0.136428, "lat": 42.7280072165616, "lon": -87.822018534463}, {"country_iso": "USA", "city_id": 679, "city": "Florence", "pop_total": 68902.9917959028, "mass_total": 45875741.7150494, "log_pop": 4.838238, "log_mass": 7.661583, "log_pop_c": -0.362553, "log_mass_c": -0.276588, "lat": 39.0037417957383, "lon": -84.625232108591}, {"country_iso": "USA", "city_id": 681, "city": "Cincinnati", "pop_total": 554383.716859291, "mass_total": 374139594.537112, "log_pop": 5.74381, "log_mass": 8.573034, "log_pop_c": 0.543019, "log_mass_c": 0.634862, "lat": 39.236969656705, "lon": -84.4621423068445}, {"country_iso": "USA", "city_id": 685, "city": "North College Hill", "pop_total": 63001.8488267509, "mass_total": 31324782.9378234, "log_pop": 4.799353, "log_mass": 7.495888, "log_pop_c": -0.401438, "log_mass_c": -0.442283, "lat": 39.2237551829498, "lon": -84.5645401024362}, {"country_iso": "USA", "city_id": 686, "city": "Columbia", "pop_total": 98106.4922378888, "mass_total": 71430001.6386874, "log_pop": 4.991698, "log_mass": 7.853881, "log_pop_c": -0.209094, "log_mass_c": -0.084291, "lat": 33.9958458126438, "lon": -81.0089550064857}, {"country_iso": "USA", "city_id": 688, "city": "Oshkosh", "pop_total": 53436.5912105581, "mass_total": 36641323.2035977, "log_pop": 4.727839, "log_mass": 7.563971, "log_pop_c": -0.472953, "log_mass_c": -0.3742, "lat": 44.0180783732766, "lon": -88.5579032035862}, {"country_iso": "USA", "city_id": 693, "city": "South Bend", "pop_total": 122551.870820274, "mass_total": 91737234.2621301, "log_pop": 5.08832, "log_mass": 7.962546, "log_pop_c": -0.112471, "log_mass_c": 0.024374, "lat": 41.6799208866273, "lon": -86.2235248027106}, {"country_iso": "USA", "city_id": 694, "city": "Appleton", "pop_total": 151447.175120988, "mass_total": 119894248.222476, "log_pop": 5.180261, "log_mass": 8.078798, "log_pop_c": -0.02053, "log_mass_c": 0.140627, "lat": 44.2451328440425, "lon": -88.4087990030872}, {"country_iso": "USA", "city_id": 698, "city": "Charleston", "pop_total": 79050.1815569779, "mass_total": 62553427.399166, "log_pop": 4.897903, "log_mass": 7.796251, "log_pop_c": -0.302888, "log_mass_c": -0.14192, "lat": 32.865661715214, "lon": -79.9886776823569}, {"country_iso": "USA", "city_id": 702, "city": "Dayton", "pop_total": 258615.238518989, "mass_total": 182168285.540843, "log_pop": 5.412654, "log_mass": 8.260473, "log_pop_c": 0.211863, "log_mass_c": 0.322302, "lat": 39.7068404436808, "lon": -84.1833872577965}, {"country_iso": "USA", "city_id": 707, "city": "Charlotte", "pop_total": 214291.457928563, "mass_total": 166570059.593937, "log_pop": 5.331005, "log_mass": 8.221597, "log_pop_c": 0.130214, "log_mass_c": 0.283426, "lat": 35.1948194914363, "lon": -80.8479317516302}, {"country_iso": "USA", "city_id": 709, "city": "Fort Wayne", "pop_total": 144686.221482741, "mass_total": 110886405.324936, "log_pop": 5.160427, "log_mass": 8.044878, "log_pop_c": -0.040364, "log_mass_c": 0.106707, "lat": 41.0940663958311, "lon": -85.1082779554325}, {"country_iso": "USA", "city_id": 711, "city": "Green Bay", "pop_total": 126682.92942552, "mass_total": 100548046.32488, "log_pop": 5.102718, "log_mass": 8.002374, "log_pop_c": -0.098073, "log_mass_c": 0.064202, "lat": 44.4901804108357, "lon": -88.0343125617638}, {"country_iso": "USA", "city_id": 718, "city": "Kalamazoo", "pop_total": 67311.6864589336, "mass_total": 49140199.6420787, "log_pop": 4.82809, "log_mass": 7.691437, "log_pop_c": -0.372701, "log_mass_c": -0.246734, "lat": 42.2626430609538, "lon": -85.5870777721063}, {"country_iso": "USA", "city_id": 725, "city": "Grand Rapids", "pop_total": 290878.483203262, "mass_total": 192231136.893479, "log_pop": 5.463712, "log_mass": 8.283824, "log_pop_c": 0.26292, "log_mass_c": 0.345652, "lat": 42.9200660836164, "lon": -85.6707419543463}, {"country_iso": "USA", "city_id": 729, "city": "Columbus", "pop_total": 890614.998255501, "mass_total": 523691050.174985, "log_pop": 5.94969, "log_mass": 8.719075, "log_pop_c": 0.748899, "log_mass_c": 0.780904, "lat": 40.0148474371182, "lon": -82.9998056680151}, {"country_iso": "USA", "city_id": 733, "city": "Winston-Salem", "pop_total": 59939.5155229393, "mass_total": 46777672.5678071, "log_pop": 4.777713, "log_mass": 7.670039, "log_pop_c": -0.423078, "log_mass_c": -0.268133, "lat": 36.0941200575342, "lon": -80.2606327578409}, {"country_iso": "USA", "city_id": 742, "city": "Greensboro", "pop_total": 112056.131841758, "mass_total": 97259995.2230043, "log_pop": 5.049436, "log_mass": 7.987934, "log_pop_c": -0.151356, "log_mass_c": 0.049763, "lat": 36.0699807550122, "lon": -79.8409918783748}, {"country_iso": "USA", "city_id": 749, "city": "Lansing", "pop_total": 132290.66341875, "mass_total": 81647897.8699483, "log_pop": 5.121529, "log_mass": 7.911945, "log_pop_c": -0.079262, "log_mass_c": -0.026226, "lat": 42.717712793574, "lon": -84.5463247219352}, {"country_iso": "USA", "city_id": 752, "city": "Fayetteville", "pop_total": 74762.7170431145, "mass_total": 58596783.126661, "log_pop": 4.873685, "log_mass": 7.767874, "log_pop_c": -0.327106, "log_mass_c": -0.170297, "lat": 35.0444499728106, "lon": -78.9430776974861}, {"country_iso": "USA", "city_id": 754, "city": "Toledo", "pop_total": 198090.913393437, "mass_total": 140726319.171547, "log_pop": 5.296865, "log_mass": 8.148375, "log_pop_c": 0.096073, "log_mass_c": 0.210204, "lat": 41.6740985554831, "lon": -83.5482832049989}, {"country_iso": "USA", "city_id": 762, "city": "Roanoke", "pop_total": 69132.4871419969, "mass_total": 58484148.5360785, "log_pop": 4.839682, "log_mass": 7.767038, "log_pop_c": -0.361109, "log_mass_c": -0.171133, "lat": 37.2876062924547, "lon": -79.9676378384474}, {"country_iso": "USA", "city_id": 763, "city": "Ann Arbor", "pop_total": 62015.8322187994, "mass_total": 28118504.3833248, "log_pop": 4.792503, "log_mass": 7.448992, "log_pop_c": -0.408289, "log_mass_c": -0.489179, "lat": 42.2637416152084, "lon": -83.7539523528966}, {"country_iso": "USA", "city_id": 764, "city": "Charter\u00a0Township of Ypsilanti", "pop_total": 51958.746077957, "mass_total": 26852606.958678, "log_pop": 4.715659, "log_mass": 7.428986, "log_pop_c": -0.485133, "log_mass_c": -0.509185, "lat": 42.2350591048012, "lon": -83.6153033408515}, {"country_iso": "USA", "city_id": 768, "city": "Cary", "pop_total": 67046.6340334773, "mass_total": 31303442.8120654, "log_pop": 4.826377, "log_mass": 7.495592, "log_pop_c": -0.374414, "log_mass_c": -0.442579, "lat": 35.7958594908866, "lon": -78.8128131959678}, {"country_iso": "USA", "city_id": 770, "city": "Detroit", "pop_total": 2665661.46287989, "mass_total": 1771883244.48056, "log_pop": 6.425805, "log_mass": 9.248435, "log_pop_c": 1.225014, "log_mass_c": 1.310264, "lat": 42.4383430597437, "lon": -83.1523659174}, {"country_iso": "USA", "city_id": 775, "city": "Raleigh", "pop_total": 168485.277697177, "mass_total": 93803742.2818862, "log_pop": 5.226562, "log_mass": 7.97222, "log_pop_c": 0.025771, "log_mass_c": 0.034049, "lat": 35.8341332280535, "lon": -78.6448242873319}, {"country_iso": "USA", "city_id": 777, "city": "Flint", "pop_total": 109750.952136801, "mass_total": 90853923.3869767, "log_pop": 5.040408, "log_mass": 7.958344, "log_pop_c": -0.160383, "log_mass_c": 0.020172, "lat": 43.0111810832776, "lon": -83.7021132317997}, {"country_iso": "USA", "city_id": 781, "city": "Saginaw", "pop_total": 67614.0305977107, "mass_total": 57697146.8951925, "log_pop": 4.830037, "log_mass": 7.761154, "log_pop_c": -0.370754, "log_mass_c": -0.177017, "lat": 43.4349264859158, "lon": -83.9658069607261}, {"country_iso": "USA", "city_id": 784, "city": "Lorain", "pop_total": 51553.0383801802, "mass_total": 34239950.6723111, "log_pop": 4.712254, "log_mass": 7.534533, "log_pop_c": -0.488537, "log_mass_c": -0.403638, "lat": 41.4459033633179, "lon": -82.1772716764516}, {"country_iso": "USA", "city_id": 787, "city": "Canton", "pop_total": 123258.760169152, "mass_total": 99671937.294273, "log_pop": 5.090818, "log_mass": 7.998573, "log_pop_c": -0.109974, "log_mass_c": 0.060402, "lat": 40.8260827197506, "lon": -81.4210086430221}, {"country_iso": "USA", "city_id": 790, "city": "Cleveland", "pop_total": 932836.889649206, "mass_total": 609880303.171103, "log_pop": 5.969806, "log_mass": 8.785245, "log_pop_c": 0.769014, "log_mass_c": 0.847073, "lat": 41.4751937434645, "lon": -81.6464240256315}, {"country_iso": "USA", "city_id": 793, "city": "Akron", "pop_total": 185323.212112209, "mass_total": 112072047.586081, "log_pop": 5.26793, "log_mass": 8.049497, "log_pop_c": 0.067139, "log_mass_c": 0.111326, "lat": 41.0799995391176, "lon": -81.4986729174894}, {"country_iso": "USA", "city_id": 817, "city": "Youngstown", "pop_total": 85756.9384504058, "mass_total": 75956403.3725697, "log_pop": 4.933269, "log_mass": 7.880564, "log_pop_c": -0.267522, "log_mass_c": -0.057607, "lat": 41.0896212871053, "lon": -80.6664631990012}, {"country_iso": "USA", "city_id": 819, "city": "Pittsburgh", "pop_total": 520883.153792029, "mass_total": 283272796.628203, "log_pop": 5.71674, "log_mass": 8.452205, "log_pop_c": 0.515949, "log_mass_c": 0.514034, "lat": 40.4160094381728, "lon": -79.9720735231269}, {"country_iso": "USA", "city_id": 828, "city": "Richmond", "pop_total": 181625.188344683, "mass_total": 112465589.968411, "log_pop": 5.259176, "log_mass": 8.05102, "log_pop_c": 0.058385, "log_mass_c": 0.112848, "lat": 37.5645439100175, "lon": -77.4745118522949}, {"country_iso": "USA", "city_id": 846, "city": "Erie", "pop_total": 116582.030638232, "mass_total": 68810731.4486506, "log_pop": 5.066632, "log_mass": 7.837656, "log_pop_c": -0.13416, "log_mass_c": -0.100515, "lat": 42.1091943518059, "lon": -80.08952160549}, {"country_iso": "USA", "city_id": 847, "city": "Virginia Beach", "pop_total": 655769.058037209, "mass_total": 385716883.126398, "log_pop": 5.816751, "log_mass": 8.586269, "log_pop_c": 0.61596, "log_mass_c": 0.648097, "lat": 36.8495327174229, "lon": -76.2237418998816}, {"country_iso": "USA", "city_id": 850, "city": "Newport News", "pop_total": 238860.706247942, "mass_total": 152752906.668943, "log_pop": 5.378145, "log_mass": 8.183989, "log_pop_c": 0.177353, "log_mass_c": 0.245818, "lat": 37.0630373905419, "lon": -76.4300517378063}, {"country_iso": "USA", "city_id": 852, "city": "Manassas", "pop_total": 83698.0021148536, "mass_total": 33953477.0788625, "log_pop": 4.922715, "log_mass": 7.530884, "log_pop_c": -0.278076, "log_mass_c": -0.407287, "lat": 38.767474514577, "lon": -77.4874262423937}, {"country_iso": "USA", "city_id": 855, "city": "Washington D.C.", "pop_total": 2499914.31307626, "mass_total": 950418279.440841, "log_pop": 6.397925, "log_mass": 8.977915, "log_pop_c": 1.197134, "log_mass_c": 1.039744, "lat": 38.9229869777723, "lon": -77.1420950528271}, {"country_iso": "USA", "city_id": 856, "city": "Dale City", "pop_total": 128802.588779951, "mass_total": 44034380.5016522, "log_pop": 5.109925, "log_mass": 7.643792, "log_pop_c": -0.090867, "log_mass_c": -0.294379, "lat": 38.6522207295547, "lon": -77.3140584287542}, {"country_iso": "USA", "city_id": 858, "city": "Ashburn", "pop_total": 57667.2659812808, "mass_total": 20990859.8090656, "log_pop": 4.760929, "log_mass": 7.32203, "log_pop_c": -0.439862, "log_mass_c": -0.616141, "lat": 39.0330933190142, "lon": -77.4931258557654}, {"country_iso": "USA", "city_id": 867, "city": "Frederick", "pop_total": 66449.3175819602, "mass_total": 37411224.5360461, "log_pop": 4.822491, "log_mass": 7.573002, "log_pop_c": -0.378301, "log_mass_c": -0.365169, "lat": 39.416365829363, "lon": -77.4225925785842}, {"country_iso": "USA", "city_id": 874, "city": "South Laurel", "pop_total": 53288.6421718133, "mass_total": 29706646.4442637, "log_pop": 4.726635, "log_mass": 7.472854, "log_pop_c": -0.474157, "log_mass_c": -0.465318, "lat": 39.1154688084727, "lon": -76.832969250925}, {"country_iso": "USA", "city_id": 877, "city": "Columbia", "pop_total": 66065.8032603821, "mass_total": 37505032.4225513, "log_pop": 4.819977, "log_mass": 7.57409, "log_pop_c": -0.380815, "log_mass_c": -0.364082, "lat": 39.2006089422831, "lon": -76.8214511713421}, {"country_iso": "USA", "city_id": 880, "city": "Baltimore", "pop_total": 1071848.41938061, "mass_total": 487062876.916998, "log_pop": 6.030133, "log_mass": 8.687585, "log_pop_c": 0.829342, "log_mass_c": 0.749414, "lat": 39.3116088687484, "lon": -76.6115429784858}, {"country_iso": "USA", "city_id": 886, "city": "Harrisburg", "pop_total": 173983.813413207, "mass_total": 124876553.064893, "log_pop": 5.240509, "log_mass": 8.096481, "log_pop_c": 0.039718, "log_mass_c": 0.15831, "lat": 40.2600303152493, "lon": -76.8920654814134}, {"country_iso": "USA", "city_id": 887, "city": "York", "pop_total": 82143.4536748215, "mass_total": 45475605.5342094, "log_pop": 4.914573, "log_mass": 7.657778, "log_pop_c": -0.286218, "log_mass_c": -0.280393, "lat": 39.9641222403483, "lon": -76.7212190685812}, {"country_iso": "USA", "city_id": 889, "city": "Niagara Falls", "pop_total": 101124.242871346, "mass_total": 68743947.3298186, "log_pop": 5.004855, "log_mass": 7.837234, "log_pop_c": -0.195936, "log_mass_c": -0.100937, "lat": 43.1002947903563, "lon": -79.0537938416137}, {"country_iso": "USA", "city_id": 890, "city": "Buffalo", "pop_total": 505640.51577992, "mass_total": 308849629.567441, "log_pop": 5.703842, "log_mass": 8.489747, "log_pop_c": 0.503051, "log_mass_c": 0.551576, "lat": 42.9237742219963, "lon": -78.8113619456855}, {"country_iso": "USA", "city_id": 895, "city": "Lancaster", "pop_total": 86006.1337437639, "mass_total": 40653806.1553885, "log_pop": 4.934529, "log_mass": 7.609101, "log_pop_c": -0.266262, "log_mass_c": -0.32907, "lat": 40.0528077053584, "lon": -76.3042924765643}, {"country_iso": "USA", "city_id": 898, "city": "Philadelphia", "pop_total": 2536115.82276106, "mass_total": 956526034.053545, "log_pop": 6.404169, "log_mass": 8.980697, "log_pop_c": 1.203378, "log_mass_c": 1.042526, "lat": 39.9073867132398, "lon": -75.236466733591}, {"country_iso": "USA", "city_id": 900, "city": "Reading", "pop_total": 148200.096461589, "mass_total": 65326288.4591085, "log_pop": 5.170848, "log_mass": 7.815088, "log_pop_c": -0.029943, "log_mass_c": -0.123083, "lat": 40.3442686743233, "lon": -75.940198306631}, {"country_iso": "USA", "city_id": 910, "city": "Rochester", "pop_total": 292959.176985947, "mass_total": 156060391.026455, "log_pop": 5.466807, "log_mass": 8.193293, "log_pop_c": 0.266016, "log_mass_c": 0.255121, "lat": 43.1723921907915, "lon": -77.6302670898142}, {"country_iso": "USA", "city_id": 911, "city": "Norristown", "pop_total": 73782.1403432572, "mass_total": 42803243.5405098, "log_pop": 4.867951, "log_mass": 7.631477, "log_pop_c": -0.33284, "log_mass_c": -0.306695, "lat": 40.1007262802318, "lon": -75.3453781159986}, {"country_iso": "USA", "city_id": 913, "city": "Allentown", "pop_total": 353447.17389122, "mass_total": 192618917.890229, "log_pop": 5.548325, "log_mass": 8.284699, "log_pop_c": 0.347533, "log_mass_c": 0.346528, "lat": 40.6379473370822, "lon": -75.4102161826627}, {"country_iso": "USA", "city_id": 918, "city": "Atlantic City", "pop_total": 57918.8172846824, "mass_total": 25868590.5908771, "log_pop": 4.76282, "log_mass": 7.412773, "log_pop_c": -0.437972, "log_mass_c": -0.525398, "lat": 39.3254341180822, "lon": -74.5001773018411}, {"country_iso": "USA", "city_id": 919, "city": "Wilkes-Barre", "pop_total": 58714.127909324, "mass_total": 29156644.9504526, "log_pop": 4.768743, "log_mass": 7.464738, "log_pop_c": -0.432049, "log_mass_c": -0.473434, "lat": 41.25364358094, "lon": -75.8859753351712}, {"country_iso": "USA", "city_id": 920, "city": "Abington", "pop_total": 57992.426237689, "mass_total": 29133606.8119234, "log_pop": 4.763371, "log_mass": 7.464394, "log_pop_c": -0.43742, "log_mass_c": -0.473777, "lat": 40.1723033257265, "lon": -75.1124943169454}, {"country_iso": "USA", "city_id": 929, "city": "Scranton", "pop_total": 69890.5113455135, "mass_total": 38706382.5774434, "log_pop": 4.844418, "log_mass": 7.587783, "log_pop_c": -0.356373, "log_mass_c": -0.350389, "lat": 41.4181235073283, "lon": -75.6544025196021}, {"country_iso": "USA", "city_id": 933, "city": "Trenton", "pop_total": 165991.447648306, "mass_total": 69554857.0648196, "log_pop": 5.220086, "log_mass": 7.842327, "log_pop_c": 0.019294, "log_mass_c": -0.095844, "lat": 40.2257904825682, "lon": -74.7316222040852}, {"country_iso": "USA", "city_id": 942, "city": "Toms River", "pop_total": 113472.321096727, "mass_total": 82488827.2814321, "log_pop": 5.05489, "log_mass": 7.916395, "log_pop_c": -0.145901, "log_mass_c": -0.021776, "lat": 39.9641831037656, "lon": -74.1632024105898}, {"country_iso": "USA", "city_id": 945, "city": "New York", "pop_total": 13173149.7013608, "mass_total": 3731360297.3401, "log_pop": 7.11969, "log_mass": 9.571867, "log_pop_c": 1.918898, "log_mass_c": 1.633696, "lat": 40.7739984545001, "lon": -73.8813109892099}, {"country_iso": "USA", "city_id": 947, "city": "Lakewood", "pop_total": 50978.3531770116, "mass_total": 12293696.3946544, "log_pop": 4.707386, "log_mass": 7.089682, "log_pop_c": -0.493406, "log_mass_c": -0.848489, "lat": 40.0892728083086, "lon": -74.2239152751007}, {"country_iso": "USA", "city_id": 949, "city": "Brick", "pop_total": 298411.072293716, "mass_total": 204878147.076357, "log_pop": 5.474815, "log_mass": 8.311496, "log_pop_c": 0.274024, "log_mass_c": 0.373324, "lat": 40.1905550366671, "lon": -74.0649063681057}, {"country_iso": "USA", "city_id": 950, "city": "Syracuse", "pop_total": 192205.1832756, "mass_total": 115898706.560962, "log_pop": 5.283765, "log_mass": 8.064079, "log_pop_c": 0.082974, "log_mass_c": 0.125907, "lat": 43.0802982106303, "lon": -76.1544422893654}, {"country_iso": "USA", "city_id": 970, "city": "Norwalk", "pop_total": 59977.0566929567, "mass_total": 29589234.4206346, "log_pop": 4.777985, "log_mass": 7.471134, "log_pop_c": -0.422806, "log_mass_c": -0.467038, "lat": 41.1065641822069, "lon": -73.404496786025}, {"country_iso": "USA", "city_id": 972, "city": "Bridgeport", "pop_total": 428896.269369464, "mass_total": 192047323.746768, "log_pop": 5.632352, "log_mass": 8.283408, "log_pop_c": 0.431561, "log_mass_c": 0.345237, "lat": 41.2335696413332, "lon": -73.0522785442554}, {"country_iso": "USA", "city_id": 981, "city": "Schenectady", "pop_total": 63906.1747211677, "mass_total": 27388370.2089724, "log_pop": 4.805543, "log_mass": 7.437566, "log_pop_c": -0.395248, "log_mass_c": -0.500605, "lat": 42.7965179899022, "lon": -73.9348925317182}, {"country_iso": "USA", "city_id": 982, "city": "Waterbury", "pop_total": 67528.076506593, "mass_total": 27949342.8855603, "log_pop": 4.829484, "log_mass": 7.446372, "log_pop_c": -0.371307, "log_mass_c": -0.4918, "lat": 41.5604574447862, "lon": -73.0387524052139}, {"country_iso": "USA", "city_id": 983, "city": "Albany", "pop_total": 108451.951542223, "mass_total": 62990953.1183449, "log_pop": 5.035237, "log_mass": 7.799278, "log_pop_c": -0.165554, "log_mass_c": -0.138893, "lat": 42.6834033393825, "lon": -73.788293223721}, {"country_iso": "USA", "city_id": 992, "city": "Troy", "pop_total": 56468.0236048013, "mass_total": 22844989.2816133, "log_pop": 4.751803, "log_mass": 7.358791, "log_pop_c": -0.448989, "log_mass_c": -0.57938, "lat": 42.7494329728989, "lon": -73.693833682608}, {"country_iso": "USA", "city_id": 997, "city": "Hartford", "pop_total": 248333.957492092, "mass_total": 115647939.422151, "log_pop": 5.395036, "log_mass": 8.063138, "log_pop_c": 0.194245, "log_mass_c": 0.124967, "lat": 41.7277939642082, "lon": -72.7093233312864}, {"country_iso": "USA", "city_id": 1004, "city": "Springfield", "pop_total": 188486.869745033, "mass_total": 93068491.9110489, "log_pop": 5.275281, "log_mass": 7.968803, "log_pop_c": 0.07449, "log_mass_c": 0.030631, "lat": 42.1463671945393, "lon": -72.5685695064537}, {"country_iso": "USA", "city_id": 1009, "city": "Providence", "pop_total": 481333.751009617, "mass_total": 235239249.182241, "log_pop": 5.682446, "log_mass": 8.37151, "log_pop_c": 0.481655, "log_mass_c": 0.433339, "lat": 41.7836485619196, "lon": -71.4012278311128}, {"country_iso": "USA", "city_id": 1011, "city": "Worcester", "pop_total": 149328.985309401, "mass_total": 68172477.3694152, "log_pop": 5.174144, "log_mass": 7.833609, "log_pop_c": -0.026647, "log_mass_c": -0.104562, "lat": 42.2643653323197, "lon": -71.7885310505249}, {"country_iso": "USA", "city_id": 1016, "city": "Fall River", "pop_total": 90119.3624316056, "mass_total": 42210044.8433439, "log_pop": 4.954818, "log_mass": 7.625416, "log_pop_c": -0.245973, "log_mass_c": -0.312755, "lat": 41.7152128806722, "lon": -71.1554493406723}, {"country_iso": "USA", "city_id": 1018, "city": "Framingham", "pop_total": 51848.0642597364, "mass_total": 29085842.1113023, "log_pop": 4.714733, "log_mass": 7.463682, "log_pop_c": -0.486059, "log_mass_c": -0.47449, "lat": 42.2970477403948, "lon": -71.4046701983419}, {"country_iso": "USA", "city_id": 1020, "city": "New Bedford", "pop_total": 94308.9044175044, "mass_total": 43538325.0412168, "log_pop": 4.974553, "log_mass": 7.638872, "log_pop_c": -0.226239, "log_mass_c": -0.2993, "lat": 41.6373532174901, "lon": -70.919866344879}, {"country_iso": "USA", "city_id": 1022, "city": "Boston", "pop_total": 1685318.55290351, "mass_total": 607134964.476958, "log_pop": 6.226682, "log_mass": 8.783285, "log_pop_c": 1.025891, "log_mass_c": 0.845114, "lat": 42.3850777079587, "lon": -71.0631676502849}, {"country_iso": "USA", "city_id": 1023, "city": "Brockton", "pop_total": 73008.6610612568, "mass_total": 34242015.8181904, "log_pop": 4.863374, "log_mass": 7.534559, "log_pop_c": -0.337417, "log_mass_c": -0.403612, "lat": 42.0900087355181, "lon": -71.0263466934241}, {"country_iso": "USA", "city_id": 1025, "city": "Lowell", "pop_total": 88883.6802602189, "mass_total": 29890454.7129807, "log_pop": 4.948822, "log_mass": 7.475533, "log_pop_c": -0.251969, "log_mass_c": -0.462639, "lat": 42.639187908361, "lon": -71.3191444722307}, {"country_iso": "USA", "city_id": 1028, "city": "Manchester", "pop_total": 67979.9184798745, "mass_total": 35806688.3461644, "log_pop": 4.832381, "log_mass": 7.553964, "log_pop_c": -0.368411, "log_mass_c": -0.384207, "lat": 42.9747856543037, "lon": -71.4523973625344}, {"country_iso": "USA", "city_id": 1029, "city": "Lawrence", "pop_total": 95056.1192541704, "mass_total": 32032256.2968288, "log_pop": 4.97798, "log_mass": 7.505588, "log_pop_c": -0.222811, "log_mass_c": -0.432584, "lat": 42.70927693824, "lon": -71.1636154430667}, {"country_iso": "USA", "city_id": 1045, "city": "Portland", "pop_total": 67428.5998447028, "mass_total": 42337956.3161624, "log_pop": 4.828844, "log_mass": 7.62673, "log_pop_c": -0.371947, "log_mass_c": -0.311441, "lat": 43.6574625097026, "lon": -70.2921048640903}]