[{"country_iso": "IDN", "city_id": 10340, "city": "Banda Aceh", "pop_total": 127046.371747365, "mass_total": 47692366.7390511, "log_pop": 5.103962, "log_mass": 7.678449, "log_pop_c": -0.239196, "log_mass_c": 0.095812, "lat": 5.54650209574615, "lon": 95.3409753681556}, {"country_iso": "IDN", "city_id": 10692, "city": "Medan", "pop_total": 1971798.06197507, "mass_total": 295292944.792704, "log_pop": 6.294862, "log_mass": 8.470253, "log_pop_c": 0.951704, "log_mass_c": 0.887616, "lat": 3.60476662650176, "lon": 98.6514977862999}, {"country_iso": "IDN", "city_id": 10777, "city": "Pematang Siantar", "pop_total": 135998.560858469, "mass_total": 21713773.5564917, "log_pop": 5.133534, "log_mass": 7.336735, "log_pop_c": -0.209624, "log_mass_c": -0.245901, "lat": 2.97677860606968, "lon": 99.0832578235665}, {"country_iso": "IDN", "city_id": 10798, "city": "Tebing Tinggi", "pop_total": 79014.1142509273, "mass_total": 10551046.6124141, "log_pop": 4.897705, "log_mass": 7.023296, "log_pop_c": -0.445454, "log_mass_c": -0.559341, "lat": 3.33670269933118, "lon": 99.1571582843377}, {"country_iso": "IDN", "city_id": 10988, "city": "Padang", "pop_total": 376923.947739758, "mass_total": 67147950.2655766, "log_pop": 5.576254, "log_mass": 7.827033, "log_pop_c": 0.233095, "log_mass_c": 0.244396, "lat": -0.9128777409236, "lon": 100.386757529688}, {"country_iso": "IDN", "city_id": 10995, "city": "Bukittinggi", "pop_total": 54754.8759985736, "mass_total": 15457439.5485976, "log_pop": 4.738423, "log_mass": 7.189138, "log_pop_c": -0.604735, "log_mass_c": -0.393499, "lat": -0.315207057012494, "lon": 100.393107331202}, {"country_iso": "IDN", "city_id": 11146, "city": "Pekanbaru", "pop_total": 336279.53532146, "mass_total": 78255093.0438341, "log_pop": 5.5267, "log_mass": 7.893513, "log_pop_c": 0.183542, "log_mass_c": 0.310876, "lat": 0.506248615953262, "lon": 101.433980127605}, {"country_iso": "IDN", "city_id": 11149, "city": "Dumai", "pop_total": 81386.8596533832, "mass_total": 14842255.5205457, "log_pop": 4.910554, "log_mass": 7.1715, "log_pop_c": -0.432604, "log_mass_c": -0.411137, "lat": 1.67019630965138, "lon": 101.446298272368}, {"country_iso": "IDN", "city_id": 11268, "city": "Bengkulu", "pop_total": 119088.921647356, "mass_total": 25323342.8321608, "log_pop": 5.075871, "log_mass": 7.403521, "log_pop_c": -0.267287, "log_mass_c": -0.179116, "lat": -3.80232862742718, "lon": 102.290336718208}, {"country_iso": "IDN", "city_id": 11489, "city": "Jambi", "pop_total": 297035.052544887, "mass_total": 48001122.4600037, "log_pop": 5.472808, "log_mass": 7.681251, "log_pop_c": 0.129649, "log_mass_c": 0.098615, "lat": -1.61906335428505, "lon": 103.601230692959}, {"country_iso": "IDN", "city_id": 11547, "city": "Batam City", "pop_total": 439438.856234943, "mass_total": 75576132.7508732, "log_pop": 5.642898, "log_mass": 7.878385, "log_pop_c": 0.29974, "log_mass_c": 0.295748, "lat": 1.10207441919409, "lon": 103.980228386331}, {"country_iso": "IDN", "city_id": 11653, "city": "Palembang", "pop_total": 872829.174393804, "mass_total": 106078683.8905, "log_pop": 5.940929, "log_mass": 8.025628, "log_pop_c": 0.597771, "log_mass_c": 0.442991, "lat": -2.96711791026059, "lon": 104.748700977643}, {"country_iso": "IDN", "city_id": 11719, "city": "Bandar Lampung", "pop_total": 466993.332830317, "mass_total": 64882380.6274832, "log_pop": 5.669311, "log_mass": 7.812127, "log_pop_c": 0.326152, "log_mass_c": 0.22949, "lat": -5.40770706158618, "lon": 105.276617653945}, {"country_iso": "IDN", "city_id": 11834, "city": "Cilegon", "pop_total": 210324.540695385, "mass_total": 55120513.4098358, "log_pop": 5.32289, "log_mass": 7.741313, "log_pop_c": -0.020268, "log_mass_c": 0.158677, "lat": -5.98689498241575, "lon": 106.033399690197}, {"country_iso": "IDN", "city_id": 11862, "city": "Jakarta", "pop_total": 19183800.0659631, "mass_total": 1940038870.60027, "log_pop": 7.282935, "log_mass": 9.28781, "log_pop_c": 1.939776, "log_mass_c": 1.705174, "lat": -6.38084071087696, "lon": 106.853474237183}, {"country_iso": "IDN", "city_id": 11916, "city": "Pangkalpinang", "pop_total": 59256.6542444678, "mass_total": 18337128.5710321, "log_pop": 4.772737, "log_mass": 7.263331, "log_pop_c": -0.570421, "log_mass_c": -0.319305, "lat": -2.13029621950057, "lon": 106.119967467812}, {"country_iso": "IDN", "city_id": 12044, "city": "Bandung", "pop_total": 4360538.88957206, "mass_total": 336172811.676509, "log_pop": 6.63954, "log_mass": 8.526563, "log_pop_c": 1.296382, "log_mass_c": 0.943926, "lat": -6.94159707980335, "lon": 107.643156186238}, {"country_iso": "IDN", "city_id": 12050, "city": "Purwakarta", "pop_total": 93455.6746734021, "mass_total": 20750821.9041704, "log_pop": 4.970606, "log_mass": 7.317035, "log_pop_c": -0.372553, "log_mass_c": -0.265601, "lat": -6.52654710146263, "lon": 107.471348608392}, {"country_iso": "IDN", "city_id": 12090, "city": "Garut", "pop_total": 193226.976343458, "mass_total": 24750324.908404, "log_pop": 5.286068, "log_mass": 7.393581, "log_pop_c": -0.05709, "log_mass_c": -0.189056, "lat": -7.18844780346276, "lon": 107.917047124818}, {"country_iso": "IDN", "city_id": 12136, "city": "Tasikmalaya", "pop_total": 348745.279493736, "mass_total": 50448808.0790286, "log_pop": 5.542508, "log_mass": 7.702851, "log_pop_c": 0.19935, "log_mass_c": 0.120214, "lat": -7.28604544439652, "lon": 108.194820501755}, {"country_iso": "IDN", "city_id": 12179, "city": "Cirebon", "pop_total": 531137.725582804, "mass_total": 62197381.3515834, "log_pop": 5.725207, "log_mass": 7.793772, "log_pop_c": 0.382049, "log_mass_c": 0.211135, "lat": -6.71958430502915, "lon": 108.478470931411}, {"country_iso": "IDN", "city_id": 12199, "city": "Kuningan", "pop_total": 72306.0219457888, "mass_total": 15231462.190686, "log_pop": 4.859174, "log_mass": 7.182742, "log_pop_c": -0.483984, "log_mass_c": -0.399895, "lat": -6.95331918514048, "lon": 108.518532730095}, {"country_iso": "IDN", "city_id": 12235, "city": "Babakan", "pop_total": 65972.2493857029, "mass_total": 14334921.7548025, "log_pop": 4.819361, "log_mass": 7.156395, "log_pop_c": -0.523797, "log_mass_c": -0.426241, "lat": -6.87322083972778, "lon": 108.761500062919}, {"country_iso": "IDN", "city_id": 12253, "city": "Tegal", "pop_total": 539147.996024281, "mass_total": 89260261.9657453, "log_pop": 5.731708, "log_mass": 7.950658, "log_pop_c": 0.38855, "log_mass_c": 0.368022, "lat": -6.92659280718206, "lon": 109.063154397659}, {"country_iso": "IDN", "city_id": 12256, "city": "Cilacap", "pop_total": 141522.254767474, "mass_total": 23328664.2180222, "log_pop": 5.150825, "log_mass": 7.36789, "log_pop_c": -0.192333, "log_mass_c": -0.214747, "lat": -7.68208186613582, "lon": 109.069375288152}, {"country_iso": "IDN", "city_id": 12287, "city": "Purwokerto", "pop_total": 276912.008969475, "mass_total": 42459213.6609535, "log_pop": 5.442342, "log_mass": 7.627972, "log_pop_c": 0.099184, "log_mass_c": 0.045335, "lat": -7.39301835839991, "lon": 109.285044787591}, {"country_iso": "IDN", "city_id": 12309, "city": "Pemalang", "pop_total": 92229.1607060975, "mass_total": 13214681.2875865, "log_pop": 4.964868, "log_mass": 7.121057, "log_pop_c": -0.37829, "log_mass_c": -0.46158, "lat": -6.89473732755867, "lon": 109.370142257739}, {"country_iso": "IDN", "city_id": 12334, "city": "Pekalongan", "pop_total": 308260.687701371, "mass_total": 47424812.989042, "log_pop": 5.488918, "log_mass": 7.676006, "log_pop_c": 0.14576, "log_mass_c": 0.093369, "lat": -6.91416400145765, "lon": 109.623032679851}, {"country_iso": "IDN", "city_id": 12351, "city": "Pontianak", "pop_total": 301060.990010774, "mass_total": 59411403.6520987, "log_pop": 5.478654, "log_mass": 7.77387, "log_pop_c": 0.135496, "log_mass_c": 0.191233, "lat": -0.0484305404401611, "lon": 109.342372752024}, {"country_iso": "IDN", "city_id": 12379, "city": "Temanggung", "pop_total": 52420.8375133103, "mass_total": 13651662.3208498, "log_pop": 4.719504, "log_mass": 7.135186, "log_pop_c": -0.623654, "log_mass_c": -0.447451, "lat": -7.29992916308089, "lon": 110.126579481925}, {"country_iso": "IDN", "city_id": 12384, "city": "Semarang", "pop_total": 1084397.09308976, "mass_total": 178332233.514883, "log_pop": 6.035188, "log_mass": 8.25123, "log_pop_c": 0.69203, "log_mass_c": 0.668593, "lat": -7.03019970846592, "lon": 110.370822937299}, {"country_iso": "IDN", "city_id": 12394, "city": "Yogyakarta", "pop_total": 1487281.43924445, "mass_total": 253856196.381055, "log_pop": 6.172393, "log_mass": 8.404588, "log_pop_c": 0.829235, "log_mass_c": 0.821951, "lat": -7.6861114649038, "lon": 110.598604676151}, {"country_iso": "IDN", "city_id": 12395, "city": "Magelang", "pop_total": 165316.723378731, "mass_total": 23295516.5295381, "log_pop": 5.218317, "log_mass": 7.367272, "log_pop_c": -0.124841, "log_mass_c": -0.215364, "lat": -7.55108967677828, "lon": 110.258106986959}, {"country_iso": "IDN", "city_id": 12444, "city": "Pati", "pop_total": 271594.578268208, "mass_total": 48673454.460483, "log_pop": 5.433921, "log_mass": 7.687292, "log_pop_c": 0.090763, "log_mass_c": 0.104656, "lat": -6.71757982559351, "lon": 110.805603587416}, {"country_iso": "IDN", "city_id": 12499, "city": "Madiun", "pop_total": 174798.974695015, "mass_total": 33350506.9464516, "log_pop": 5.242539, "log_mass": 7.523102, "log_pop_c": -0.100619, "log_mass_c": -0.059534, "lat": -7.72950765283993, "lon": 111.486927956222}, {"country_iso": "IDN", "city_id": 12531, "city": "Tulungagung", "pop_total": 81168.8752722965, "mass_total": 21671215.4132819, "log_pop": 4.90939, "log_mass": 7.335883, "log_pop_c": -0.433769, "log_mass_c": -0.246753, "lat": -8.09550793748854, "lon": 111.968707416485}, {"country_iso": "IDN", "city_id": 12548, "city": "Kediri", "pop_total": 162966.351025121, "mass_total": 24914356.7344932, "log_pop": 5.212098, "log_mass": 7.39645, "log_pop_c": -0.13106, "log_mass_c": -0.186187, "lat": -7.82020576537316, "lon": 112.034675812454}, {"country_iso": "IDN", "city_id": 12559, "city": "Blitar", "pop_total": 59746.6872331414, "mass_total": 12795366.8059253, "log_pop": 4.776314, "log_mass": 7.107053, "log_pop_c": -0.566844, "log_mass_c": -0.475584, "lat": -8.0954570607007, "lon": 112.18279839095}, {"country_iso": "IDN", "city_id": 12576, "city": "Jombang", "pop_total": 106773.081041643, "mass_total": 25316923.4244992, "log_pop": 5.028462, "log_mass": 7.403411, "log_pop_c": -0.314696, "log_mass_c": -0.179226, "lat": -7.58499152375874, "lon": 112.250536982169}, {"country_iso": "IDN", "city_id": 12601, "city": "Mojokerto", "pop_total": 200369.56406434, "mass_total": 37013519.8058734, "log_pop": 5.301832, "log_mass": 7.56836, "log_pop_c": -0.041326, "log_mass_c": -0.014276, "lat": -7.49442950592742, "lon": 112.502347425033}, {"country_iso": "IDN", "city_id": 12610, "city": "Surabaya", "pop_total": 3895919.09315443, "mass_total": 538624628.588792, "log_pop": 6.59061, "log_mass": 8.731286, "log_pop_c": 1.247452, "log_mass_c": 1.14865, "lat": -7.62861057339221, "lon": 112.670741233811}, {"country_iso": "IDN", "city_id": 12624, "city": "Gresik", "pop_total": 127883.828057532, "mass_total": 31520857.5481108, "log_pop": 5.106816, "log_mass": 7.498598, "log_pop_c": -0.236343, "log_mass_c": -0.084039, "lat": -7.15965691698301, "lon": 112.630557131318}, {"country_iso": "IDN", "city_id": 12635, "city": "Pasuruan", "pop_total": 98838.5751783483, "mass_total": 12457955.4708918, "log_pop": 4.994926, "log_mass": 7.095447, "log_pop_c": -0.348232, "log_mass_c": -0.48719, "lat": -7.65758274817086, "lon": 112.891156611588}, {"country_iso": "IDN", "city_id": 12644, "city": "Probolinggo", "pop_total": 109958.776544878, "mass_total": 15999939.0839792, "log_pop": 5.04123, "log_mass": 7.204118, "log_pop_c": -0.301928, "log_mass_c": -0.378518, "lat": -7.76050610872197, "lon": 113.186334196938}, {"country_iso": "IDN", "city_id": 12650, "city": "Jember", "pop_total": 184115.750748023, "mass_total": 36127020.935821, "log_pop": 5.265091, "log_mass": 7.557832, "log_pop_c": -0.078067, "log_mass_c": -0.024804, "lat": -8.27168447935145, "lon": 113.615639653099}, {"country_iso": "IDN", "city_id": 12677, "city": "Banyuwangi", "pop_total": 55872.3665458941, "mass_total": 10876591.798955, "log_pop": 4.747197, "log_mass": 7.036493, "log_pop_c": -0.595961, "log_mass_c": -0.546144, "lat": -8.21262205427278, "lon": 114.361572165695}, {"country_iso": "IDN", "city_id": 12707, "city": "Singaraja", "pop_total": 52361.3162982118, "mass_total": 11476412.1137242, "log_pop": 4.719011, "log_mass": 7.059806, "log_pop_c": -0.624148, "log_mass_c": -0.522831, "lat": -8.11879890839402, "lon": 115.099198949128}, {"country_iso": "IDN", "city_id": 12708, "city": "Denpasar", "pop_total": 809671.45705793, "mass_total": 118568144.712641, "log_pop": 5.908309, "log_mass": 8.073968, "log_pop_c": 0.565151, "log_mass_c": 0.491331, "lat": -8.65240145886809, "lon": 115.229669308247}, {"country_iso": "IDN", "city_id": 12710, "city": "Banjarmasin", "pop_total": 445918.308368245, "mass_total": 44965375.9877793, "log_pop": 5.649255, "log_mass": 7.652878, "log_pop_c": 0.306097, "log_mass_c": 0.070242, "lat": -3.32264808461876, "lon": 114.605036535367}, {"country_iso": "IDN", "city_id": 12711, "city": "Banjarbaru", "pop_total": 67572.9196941956, "mass_total": 19865814.3272836, "log_pop": 4.829773, "log_mass": 7.298106, "log_pop_c": -0.513386, "log_mass_c": -0.28453, "lat": -3.44008066038391, "lon": 114.811546798282}, {"country_iso": "IDN", "city_id": 12725, "city": "Mataram", "pop_total": 312609.834050257, "mass_total": 39484618.0378959, "log_pop": 5.495003, "log_mass": 7.596428, "log_pop_c": 0.151844, "log_mass_c": 0.013791, "lat": -8.59774165403359, "lon": 116.137544395086}, {"country_iso": "IDN", "city_id": 12755, "city": "Balikpapan", "pop_total": 190953.917754772, "mass_total": 32855159.5605304, "log_pop": 5.280929, "log_mass": 7.516604, "log_pop_c": -0.06223, "log_mass_c": -0.066033, "lat": -1.2436127832995, "lon": 116.869638709653}, {"country_iso": "IDN", "city_id": 12763, "city": "Samarinda", "pop_total": 260297.07736219, "mass_total": 42167502.1458164, "log_pop": 5.415469, "log_mass": 7.624978, "log_pop_c": 0.072311, "log_mass_c": 0.042341, "lat": -0.50789203326362, "lon": 117.147764071673}, {"country_iso": "IDN", "city_id": 12777, "city": "Tarakan", "pop_total": 54496.6641797795, "mass_total": 10835130.0223989, "log_pop": 4.73637, "log_mass": 7.034834, "log_pop_c": -0.606788, "log_mass_c": -0.547803, "lat": 3.31436228152659, "lon": 117.592542852659}, {"country_iso": "IDN", "city_id": 12863, "city": "Makassar", "pop_total": 980771.639556733, "mass_total": 112976307.213322, "log_pop": 5.991568, "log_mass": 8.052987, "log_pop_c": 0.64841, "log_mass_c": 0.470351, "lat": -5.17316373217531, "lon": 119.462910552429}, {"country_iso": "IDN", "city_id": 12898, "city": "Palu", "pop_total": 132161.472956156, "mass_total": 33038971.0561037, "log_pop": 5.121105, "log_mass": 7.519027, "log_pop_c": -0.222053, "log_mass_c": -0.06361, "lat": -0.901092561881887, "lon": 119.877022913557}, {"country_iso": "IDN", "city_id": 12976, "city": "Kendari", "pop_total": 104485.833169261, "mass_total": 16345707.5820728, "log_pop": 5.019057, "log_mass": 7.213404, "log_pop_c": -0.324101, "log_mass_c": -0.369233, "lat": -3.99628753784628, "lon": 122.520468613228}, {"country_iso": "IDN", "city_id": 12978, "city": "Kupang", "pop_total": 147037.253326996, "mass_total": 20649757.600953, "log_pop": 5.167427, "log_mass": 7.314915, "log_pop_c": -0.175731, "log_mass_c": -0.267722, "lat": -10.1664547081851, "lon": 123.621498929495}, {"country_iso": "IDN", "city_id": 12992, "city": "Gorontalo", "pop_total": 142155.238893423, "mass_total": 24730642.3280408, "log_pop": 5.152763, "log_mass": 7.393235, "log_pop_c": -0.190395, "log_mass_c": -0.189401, "lat": 0.567083146705011, "lon": 123.06064130217}, {"country_iso": "IDN", "city_id": 13017, "city": "Manado", "pop_total": 183610.533562585, "mass_total": 38968007.3695322, "log_pop": 5.263898, "log_mass": 7.590708, "log_pop_c": -0.079261, "log_mass_c": 0.008072, "lat": 1.48077651386018, "lon": 124.857283482481}, {"country_iso": "IDN", "city_id": 13028, "city": "Ternate", "pop_total": 84088.1949861788, "mass_total": 10511918.6493372, "log_pop": 4.924735, "log_mass": 7.021682, "log_pop_c": -0.418423, "log_mass_c": -0.560955, "lat": 0.786824996314286, "lon": 127.370496414876}]