[{"country_iso": "PAK", "city_id": 6116, "city": "Quetta", "pop_total": 164865.06661687, "mass_total": 25724413.0882894, "log_pop": 5.217129, "log_mass": 7.410345, "log_pop_c": 0.039674, "log_mass_c": 0.201847, "lat": 30.1817473223429, "lon": 66.99288664568}, {"country_iso": "PAK", "city_id": 6169, "city": "Karachi", "pop_total": 8707025.8033976, "mass_total": 334339729.993807, "log_pop": 6.93987, "log_mass": 8.524188, "log_pop_c": 1.762415, "log_mass_c": 1.31569, "lat": 24.8993422731022, "lon": 67.0780422819847}, {"country_iso": "PAK", "city_id": 6188, "city": "Bannu", "pop_total": 84487.0709954804, "mass_total": 8906756.93094377, "log_pop": 4.92679, "log_mass": 6.94972, "log_pop_c": -0.250664, "log_mass_c": -0.258779, "lat": 32.9933965312633, "lon": 70.6291996248838}, {"country_iso": "PAK", "city_id": 6189, "city": "Larkana", "pop_total": 165753.164959088, "mass_total": 11459335.8739113, "log_pop": 5.219462, "log_mass": 7.059159, "log_pop_c": 0.042007, "log_mass_c": -0.149339, "lat": 27.5592779912194, "lon": 68.206271187367}, {"country_iso": "PAK", "city_id": 6202, "city": "Shabqadar", "pop_total": 52728.6263464236, "mass_total": 7466283.92098499, "log_pop": 4.722046, "log_mass": 6.873105, "log_pop_c": -0.455408, "log_mass_c": -0.335394, "lat": 34.202810587968, "lon": 71.5300783397945}, {"country_iso": "PAK", "city_id": 6203, "city": "Peshawar", "pop_total": 986882.38545444, "mass_total": 127761467.919993, "log_pop": 5.994265, "log_mass": 8.1064, "log_pop_c": 0.816811, "log_mass_c": 0.897901, "lat": 33.9994558641377, "lon": 71.5373934625752}, {"country_iso": "PAK", "city_id": 6206, "city": "Shikarpur", "pop_total": 65543.0093674978, "mass_total": 4181958.23303828, "log_pop": 4.816526, "log_mass": 6.62138, "log_pop_c": -0.360928, "log_mass_c": -0.587119, "lat": 27.9560547325722, "lon": 68.6410261880179}, {"country_iso": "PAK", "city_id": 6222, "city": "Sukkur", "pop_total": 176530.461717688, "mass_total": 13974617.9970776, "log_pop": 5.24682, "log_mass": 7.14534, "log_pop_c": 0.069365, "log_mass_c": -0.063158, "lat": 27.72016142009, "lon": 68.8348391613752}, {"country_iso": "PAK", "city_id": 6234, "city": "Swat City", "pop_total": 71998.5404614617, "mass_total": 11394028.2271085, "log_pop": 4.857324, "log_mass": 7.056677, "log_pop_c": -0.320131, "log_mass_c": -0.151821, "lat": 34.7751117536333, "lon": 72.3331053016297}, {"country_iso": "PAK", "city_id": 6236, "city": "Nowshera", "pop_total": 72752.5833474907, "mass_total": 13486347.5479357, "log_pop": 4.861848, "log_mass": 7.129894, "log_pop_c": -0.315606, "log_mass_c": -0.078604, "lat": 34.0029134032131, "lon": 71.9566782214802}, {"country_iso": "PAK", "city_id": 6238, "city": "Mardan", "pop_total": 154548.83098428, "mass_total": 17830643.6711843, "log_pop": 5.189066, "log_mass": 7.251167, "log_pop_c": 0.011611, "log_mass_c": 0.042669, "lat": 34.1866414228561, "lon": 72.0773005331659}, {"country_iso": "PAK", "city_id": 6242, "city": "Dera Ismail Khan", "pop_total": 67230.1114525926, "mass_total": 7729618.99724676, "log_pop": 4.827564, "log_mass": 6.888158, "log_pop_c": -0.349891, "log_mass_c": -0.32034, "lat": 31.8277444281684, "lon": 70.8950136857339}, {"country_iso": "PAK", "city_id": 6251, "city": "Hyderabad", "pop_total": 820165.045811513, "mass_total": 32972251.520758, "log_pop": 5.913901, "log_mass": 7.518149, "log_pop_c": 0.736447, "log_mass_c": 0.30965, "lat": 25.3869712082145, "lon": 68.3646576157102}, {"country_iso": "PAK", "city_id": 6275, "city": "Layyah", "pop_total": 65802.3964286393, "mass_total": 7200865.51055751, "log_pop": 4.818242, "log_mass": 6.857385, "log_pop_c": -0.359213, "log_mass_c": -0.351114, "lat": 30.9692658779239, "lon": 70.9504137486574}, {"country_iso": "PAK", "city_id": 6289, "city": "Dera Ghazi Khan", "pop_total": 99136.090720029, "mass_total": 7046605.57540889, "log_pop": 4.996232, "log_mass": 6.84798, "log_pop_c": -0.181223, "log_mass_c": -0.360518, "lat": 30.0515482418418, "lon": 70.6648701960505}, {"country_iso": "PAK", "city_id": 6302, "city": "Wah Cantonment", "pop_total": 73890.0434650047, "mass_total": 13900848.952677, "log_pop": 4.868586, "log_mass": 7.143041, "log_pop_c": -0.308869, "log_mass_c": -0.065457, "lat": 33.781124022099, "lon": 72.7456510173278}, {"country_iso": "PAK", "city_id": 6305, "city": "Sadiqabad", "pop_total": 79227.0138090956, "mass_total": 10870224.383248, "log_pop": 4.898873, "log_mass": 7.036239, "log_pop_c": -0.278581, "log_mass_c": -0.17226, "lat": 28.3036205657906, "lon": 70.1131223815145}, {"country_iso": "PAK", "city_id": 6306, "city": "Mirpur Khas", "pop_total": 64315.7052883859, "mass_total": 4313586.30410224, "log_pop": 4.808317, "log_mass": 6.634838, "log_pop_c": -0.369138, "log_mass_c": -0.57366, "lat": 25.5233618741779, "lon": 69.018119032916}, {"country_iso": "PAK", "city_id": 6313, "city": "Rahimyar Khan", "pop_total": 144647.896555115, "mass_total": 16327625.0524684, "log_pop": 5.160312, "log_mass": 7.212923, "log_pop_c": -0.017143, "log_mass_c": 0.004425, "lat": 28.4172982414839, "lon": 70.2994694362449}, {"country_iso": "PAK", "city_id": 6324, "city": "Muzaffargarh", "pop_total": 89246.6937353021, "mass_total": 10420942.0639139, "log_pop": 4.950592, "log_mass": 7.017907, "log_pop_c": -0.226863, "log_mass_c": -0.190591, "lat": 30.0675898869538, "lon": 71.1837904905418}, {"country_iso": "PAK", "city_id": 6329, "city": "Rawalpindi [Islamabad]", "pop_total": 1102200.49506466, "mass_total": 140888392.538866, "log_pop": 6.042261, "log_mass": 8.148875, "log_pop_c": 0.864806, "log_mass_c": 0.940377, "lat": 33.6235852523022, "lon": 73.0717453966859}, {"country_iso": "PAK", "city_id": 6332, "city": "Khanpur", "pop_total": 68788.0786128849, "mass_total": 5860717.35498099, "log_pop": 4.837513, "log_mass": 6.767951, "log_pop_c": -0.339941, "log_mass_c": -0.440548, "lat": 28.6480653386797, "lon": 70.6550413630683}, {"country_iso": "PAK", "city_id": 6337, "city": "Multan", "pop_total": 1547049.48472517, "mass_total": 122778374.799454, "log_pop": 6.189504, "log_mass": 8.089122, "log_pop_c": 1.01205, "log_mass_c": 0.880623, "lat": 30.1824385217258, "lon": 71.4657965332714}, {"country_iso": "PAK", "city_id": 6340, "city": "Shujaabad", "pop_total": 51325.4239625781, "mass_total": 4612760.78969756, "log_pop": 4.710333, "log_mass": 6.663961, "log_pop_c": -0.467122, "log_mass_c": -0.544538, "lat": 29.8770178636481, "lon": 71.3068506476962}, {"country_iso": "PAK", "city_id": 6351, "city": "Ahmadpur East", "pop_total": 52615.482124755, "mass_total": 3979821.93653127, "log_pop": 4.721114, "log_mass": 6.599864, "log_pop_c": -0.456341, "log_mass_c": -0.608635, "lat": 29.1390626676733, "lon": 71.26084621877}, {"country_iso": "PAK", "city_id": 6353, "city": "Sargodha", "pop_total": 250070.215556904, "mass_total": 26811605.5471622, "log_pop": 5.398062, "log_mass": 7.428323, "log_pop_c": 0.220607, "log_mass_c": 0.219824, "lat": 32.06557920868, "lon": 72.6774666729657}, {"country_iso": "PAK", "city_id": 6357, "city": "Jhang", "pop_total": 156096.126225948, "mass_total": 16520090.0353581, "log_pop": 5.193392, "log_mass": 7.218012, "log_pop_c": 0.015937, "log_mass_c": 0.009514, "lat": 31.2774080880578, "lon": 72.3305637798094}, {"country_iso": "PAK", "city_id": 6359, "city": "Khanewal", "pop_total": 79155.9844937156, "mass_total": 10408931.4002488, "log_pop": 4.898484, "log_mass": 7.017406, "log_pop_c": -0.278971, "log_mass_c": -0.191092, "lat": 30.2970344954544, "lon": 71.929876210569}, {"country_iso": "PAK", "city_id": 6373, "city": "Bahawalpur", "pop_total": 257711.649630767, "mass_total": 22573604.5875782, "log_pop": 5.411134, "log_mass": 7.353601, "log_pop_c": 0.233679, "log_mass_c": 0.145102, "lat": 29.3950233712929, "lon": 71.6783901601167}, {"country_iso": "PAK", "city_id": 6387, "city": "Gojra", "pop_total": 69765.9883474387, "mass_total": 7330145.7709847, "log_pop": 4.843644, "log_mass": 6.865113, "log_pop_c": -0.333811, "log_mass_c": -0.343386, "lat": 31.1515547521265, "lon": 72.6873062247219}, {"country_iso": "PAK", "city_id": 6390, "city": "Chiniot", "pop_total": 70613.0886332905, "mass_total": 8643331.26818197, "log_pop": 4.848885, "log_mass": 6.936681, "log_pop_c": -0.328569, "log_mass_c": -0.271817, "lat": 31.7188460450224, "lon": 72.9832756133387}, {"country_iso": "PAK", "city_id": 6400, "city": "Jhelum", "pop_total": 54637.9704487483, "mass_total": 10083802.394506, "log_pop": 4.737495, "log_mass": 7.003624, "log_pop_c": -0.43996, "log_mass_c": -0.204874, "lat": 32.9531080197936, "lon": 73.7109373565313}, {"country_iso": "PAK", "city_id": 6404, "city": "Pir Murad", "pop_total": 54402.411782994, "mass_total": 7732882.39925088, "log_pop": 4.735618, "log_mass": 6.888341, "log_pop_c": -0.441836, "log_mass_c": -0.320157, "lat": 30.0472579565674, "lon": 72.3450546166583}, {"country_iso": "PAK", "city_id": 6405, "city": "Faisalabad", "pop_total": 2296445.57786047, "mass_total": 124518808.262093, "log_pop": 6.361056, "log_mass": 8.095235, "log_pop_c": 1.183602, "log_mass_c": 0.886737, "lat": 31.4140072872462, "lon": 73.1111512630814}, {"country_iso": "PAK", "city_id": 6426, "city": "Ghaseet pura69 RB", "pop_total": 100468.516833275, "mass_total": 14328293.3096178, "log_pop": 5.00203, "log_mass": 7.156194, "log_pop_c": -0.175425, "log_mass_c": -0.052304, "lat": 31.5022856610613, "lon": 73.3314854668111}, {"country_iso": "PAK", "city_id": 6430, "city": "Burewala", "pop_total": 81387.6027013498, "mass_total": 10508783.8754838, "log_pop": 4.910558, "log_mass": 7.021552, "log_pop_c": -0.266896, "log_mass_c": -0.186946, "lat": 30.1570841125402, "lon": 72.678115485744}, {"country_iso": "PAK", "city_id": 6447, "city": "Gujrat", "pop_total": 110470.283134367, "mass_total": 17731396.0882074, "log_pop": 5.043245, "log_mass": 7.248743, "log_pop_c": -0.134209, "log_mass_c": 0.040244, "lat": 32.5719962379167, "lon": 74.0675519735399}, {"country_iso": "PAK", "city_id": 6448, "city": "Sahiwal", "pop_total": 165726.430913117, "mass_total": 19614657.0251929, "log_pop": 5.219392, "log_mass": 7.292581, "log_pop_c": 0.041937, "log_mass_c": 0.084082, "lat": 30.6476958734682, "lon": 73.1042252753347}, {"country_iso": "PAK", "city_id": 6450, "city": "Jaranwala", "pop_total": 53353.9357010935, "mass_total": 5400658.18205848, "log_pop": 4.727166, "log_mass": 6.732447, "log_pop_c": -0.450288, "log_mass_c": -0.476052, "lat": 31.3310947194419, "lon": 73.4162437201973}, {"country_iso": "PAK", "city_id": 6469, "city": "Gujranwala", "pop_total": 886502.310574952, "mass_total": 88412548.5048003, "log_pop": 5.94768, "log_mass": 7.946514, "log_pop_c": 0.770225, "log_mass_c": 0.738015, "lat": 32.1324787428909, "lon": 74.1850758401628}, {"country_iso": "PAK", "city_id": 6473, "city": "Lahore", "pop_total": 5781324.33479025, "mass_total": 531323805.420412, "log_pop": 6.762027, "log_mass": 8.725359, "log_pop_c": 1.584573, "log_mass_c": 1.516861, "lat": 31.5179752035564, "lon": 74.2528017800917}, {"country_iso": "PAK", "city_id": 6475, "city": "Okara", "pop_total": 127451.717619302, "mass_total": 15763110.2073847, "log_pop": 5.105346, "log_mass": 7.197642, "log_pop_c": -0.072109, "log_mass_c": -0.010857, "lat": 30.7895246503225, "lon": 73.4642919243461}, {"country_iso": "PAK", "city_id": 6476, "city": "Sialkot", "pop_total": 353863.978868129, "mass_total": 44495587.534975, "log_pop": 5.548836, "log_mass": 7.648317, "log_pop_c": 0.371382, "log_mass_c": 0.439819, "lat": 32.4629827585342, "lon": 74.4590694701962}, {"country_iso": "PAK", "city_id": 6485, "city": "Pakpattan", "pop_total": 60005.5268564112, "mass_total": 7596696.21734095, "log_pop": 4.778191, "log_mass": 6.880625, "log_pop_c": -0.399263, "log_mass_c": -0.327874, "lat": 30.3560255090081, "lon": 73.3845458199152}, {"country_iso": "PAK", "city_id": 6494, "city": "Muridke", "pop_total": 51797.3101877661, "mass_total": 8255300.37547157, "log_pop": 4.714307, "log_mass": 6.916733, "log_pop_c": -0.463147, "log_mass_c": -0.291766, "lat": 31.7927055311519, "lon": 74.2526287140067}, {"country_iso": "PAK", "city_id": 6498, "city": "Manga", "pop_total": 59073.9488556918, "mass_total": 6453974.90852734, "log_pop": 4.771396, "log_mass": 6.809827, "log_pop_c": -0.406059, "log_mass_c": -0.398671, "lat": 31.2616802724827, "lon": 74.0245551010113}, {"country_iso": "PAK", "city_id": 6515, "city": "Raiwind", "pop_total": 53443.7487046784, "mass_total": 6154548.20284698, "log_pop": 4.727897, "log_mass": 6.789196, "log_pop_c": -0.449558, "log_mass_c": -0.419302, "lat": 31.2552251308086, "lon": 74.2189535153834}, {"country_iso": "PAK", "city_id": 6537, "city": "Kasur", "pop_total": 125167.47187738, "mass_total": 19146553.6827119, "log_pop": 5.097491, "log_mass": 7.282091, "log_pop_c": -0.079963, "log_mass_c": 0.073592, "lat": 31.1092492546528, "lon": 74.4444456066753}]