[{"country_iso": "JPN", "city_id": 12736, "city": "Sapporo", "pop_total": 1349171.72075834, "mass_total": 534679591.84658, "log_pop": 6.130067, "log_mass": 8.728094, "log_pop_c": 0.877977, "log_mass_c": 0.870557, "lat": 43.0705619201269, "lon": 141.373889641201}, {"country_iso": "JPN", "city_id": 12738, "city": "Sasebo", "pop_total": 53876.93954883, "mass_total": 25521561.3157681, "log_pop": 4.731403, "log_mass": 7.406907, "log_pop_c": -0.520687, "log_mass_c": -0.450629, "lat": 33.165840050259, "lon": 129.731980135018}, {"country_iso": "JPN", "city_id": 12740, "city": "Asahikawa", "pop_total": 206571.926780493, "mass_total": 89911429.326616, "log_pop": 5.315071, "log_mass": 7.953815, "log_pop_c": 0.062981, "log_mass_c": 0.096278, "lat": 43.779228401238, "lon": 142.381948269042}, {"country_iso": "JPN", "city_id": 12741, "city": "Fukuoka", "pop_total": 1602126.35582052, "mass_total": 377153498.685909, "log_pop": 6.204697, "log_mass": 8.576518, "log_pop_c": 0.952607, "log_mass_c": 0.718981, "lat": 33.6020743742937, "lon": 130.428410507815}, {"country_iso": "JPN", "city_id": 12743, "city": "Kitakyushu", "pop_total": 851748.708461443, "mass_total": 321483497.843552, "log_pop": 5.930311, "log_mass": 8.507159, "log_pop_c": 0.678221, "log_mass_c": 0.649622, "lat": 33.8884060352449, "lon": 130.857740110118}, {"country_iso": "JPN", "city_id": 12745, "city": "Nagasaki", "pop_total": 166422.867506494, "mass_total": 65073543.8426723, "log_pop": 5.221213, "log_mass": 7.813404, "log_pop_c": -0.030877, "log_mass_c": -0.044132, "lat": 32.7627420098348, "lon": 129.856571055094}, {"country_iso": "JPN", "city_id": 12746, "city": "Saga", "pop_total": 76288.4940161181, "mass_total": 24387665.6822821, "log_pop": 4.882459, "log_mass": 7.38717, "log_pop_c": -0.369631, "log_mass_c": -0.470366, "lat": 33.2587883038926, "lon": 130.292485270828}, {"country_iso": "JPN", "city_id": 12751, "city": "Tosu", "pop_total": 52686.304578654, "mass_total": 22085675.5250331, "log_pop": 4.721698, "log_mass": 7.344111, "log_pop_c": -0.530392, "log_mass_c": -0.513426, "lat": 33.3891716019091, "lon": 130.524489673372}, {"country_iso": "JPN", "city_id": 12752, "city": "Kurume", "pop_total": 127024.996252492, "mass_total": 36433519.0747203, "log_pop": 5.103889, "log_mass": 7.561501, "log_pop_c": -0.148201, "log_mass_c": -0.296036, "lat": 33.3126745879483, "lon": 130.536129696971}, {"country_iso": "JPN", "city_id": 12753, "city": "Ube", "pop_total": 101795.000392827, "mass_total": 47174946.5419795, "log_pop": 5.007726, "log_mass": 7.673711, "log_pop_c": -0.244364, "log_mass_c": -0.183825, "lat": 33.9619449433087, "lon": 131.226515012308}, {"country_iso": "JPN", "city_id": 12754, "city": "Muroran", "pop_total": 65447.6087540673, "mass_total": 38480914.8257712, "log_pop": 4.815894, "log_mass": 7.585245, "log_pop_c": -0.436196, "log_mass_c": -0.272291, "lat": 42.3567676116934, "lon": 141.017846735174}, {"country_iso": "JPN", "city_id": 12758, "city": "Izumo", "pop_total": 56413.7384098605, "mass_total": 29934890.6746143, "log_pop": 4.751385, "log_mass": 7.476178, "log_pop_c": -0.500705, "log_mass_c": -0.381359, "lat": 35.3644854728563, "lon": 132.722714844538}, {"country_iso": "JPN", "city_id": 12759, "city": "\u014cmuta", "pop_total": 88086.4380210437, "mass_total": 29487876.2853284, "log_pop": 4.944909, "log_mass": 7.469643, "log_pop_c": -0.307181, "log_mass_c": -0.387893, "lat": 33.0271530592945, "lon": 130.446314702157}, {"country_iso": "JPN", "city_id": 12760, "city": "Tomakomai", "pop_total": 84462.0155614002, "mass_total": 60976739.3385959, "log_pop": 4.926661, "log_mass": 7.785164, "log_pop_c": -0.325429, "log_mass_c": -0.072373, "lat": 42.6388812092188, "lon": 141.600814476812}, {"country_iso": "JPN", "city_id": 12764, "city": "Matsue", "pop_total": 62195.7915543481, "mass_total": 23324668.3432292, "log_pop": 4.793761, "log_mass": 7.367815, "log_pop_c": -0.458329, "log_mass_c": -0.489721, "lat": 35.4618083898882, "lon": 133.064366774177}, {"country_iso": "JPN", "city_id": 12765, "city": "Hakodate", "pop_total": 175425.022044708, "mass_total": 72934832.006041, "log_pop": 5.244092, "log_mass": 7.862935, "log_pop_c": -0.007999, "log_mass_c": 0.005398, "lat": 41.7976946669531, "lon": 140.736228655723}, {"country_iso": "JPN", "city_id": 12767, "city": "Shunan", "pop_total": 85759.2990998727, "mass_total": 44841665.1494376, "log_pop": 4.933281, "log_mass": 7.651682, "log_pop_c": -0.318809, "log_mass_c": -0.205855, "lat": 34.0388317322806, "lon": 131.813319015142}, {"country_iso": "JPN", "city_id": 12769, "city": "Kumamoto", "pop_total": 464009.492328267, "mass_total": 135137962.006219, "log_pop": 5.666527, "log_mass": 8.130777, "log_pop_c": 0.414437, "log_mass_c": 0.273241, "lat": 32.794765234287, "lon": 130.711053882759}, {"country_iso": "JPN", "city_id": 12771, "city": "Yonago", "pop_total": 82772.1838183038, "mass_total": 40924612.0126178, "log_pop": 4.917884, "log_mass": 7.611985, "log_pop_c": -0.334206, "log_mass_c": -0.245552, "lat": 35.4530737950963, "lon": 133.328683724743}, {"country_iso": "JPN", "city_id": 12778, "city": "Hiroshima", "pop_total": 751038.140526294, "mass_total": 236181150.1337, "log_pop": 5.875662, "log_mass": 8.373245, "log_pop_c": 0.623572, "log_mass_c": 0.515709, "lat": 34.4098671669161, "lon": 132.450875613467}, {"country_iso": "JPN", "city_id": 12785, "city": "Iwakuni", "pop_total": 55826.1887328793, "mass_total": 30769950.1061326, "log_pop": 4.746838, "log_mass": 7.488127, "log_pop_c": -0.505252, "log_mass_c": -0.36941, "lat": 34.1704975693481, "lon": 132.220469657902}, {"country_iso": "JPN", "city_id": 12788, "city": "Beppu", "pop_total": 73384.1372131553, "mass_total": 20754598.9839228, "log_pop": 4.865602, "log_mass": 7.317114, "log_pop_c": -0.386488, "log_mass_c": -0.540422, "lat": 33.3022339685823, "lon": 131.491627465387}, {"country_iso": "JPN", "city_id": 12797, "city": "\u014cita", "pop_total": 243549.329884458, "mass_total": 94351152.4095054, "log_pop": 5.386587, "log_mass": 7.974747, "log_pop_c": 0.134497, "log_mass_c": 0.11721, "lat": 33.2311694240343, "lon": 131.654673347165}, {"country_iso": "JPN", "city_id": 12800, "city": "Obihiro", "pop_total": 102976.253399412, "mass_total": 44781683.7254207, "log_pop": 5.012737, "log_mass": 7.6511, "log_pop_c": -0.239353, "log_mass_c": -0.206436, "lat": 42.9215135307265, "lon": 143.173092688472}, {"country_iso": "JPN", "city_id": 12809, "city": "Tottori", "pop_total": 58352.1194118865, "mass_total": 28525995.0257298, "log_pop": 4.766057, "log_mass": 7.455241, "log_pop_c": -0.486033, "log_mass_c": -0.402296, "lat": 35.5088023055615, "lon": 134.209591303515}, {"country_iso": "JPN", "city_id": 12811, "city": "Kagoshima", "pop_total": 314902.358609881, "mass_total": 89465588.6252698, "log_pop": 5.498176, "log_mass": 7.951656, "log_pop_c": 0.246086, "log_mass_c": 0.094119, "lat": 31.5705812427281, "lon": 130.534293095611}, {"country_iso": "JPN", "city_id": 12818, "city": "Onomichi", "pop_total": 53733.1185352251, "mass_total": 34105723.3919907, "log_pop": 4.730242, "log_mass": 7.532827, "log_pop_c": -0.521848, "log_mass_c": -0.324709, "lat": 34.4194693930011, "lon": 133.221716556466}, {"country_iso": "JPN", "city_id": 12825, "city": "Matsuyama", "pop_total": 368896.104334413, "mass_total": 102132768.545927, "log_pop": 5.566904, "log_mass": 8.009165, "log_pop_c": 0.314814, "log_mass_c": 0.151628, "lat": 33.8162994472991, "lon": 132.758785054976}, {"country_iso": "JPN", "city_id": 12827, "city": "Aomori", "pop_total": 137742.589958215, "mass_total": 57815826.2640156, "log_pop": 5.139068, "log_mass": 7.762047, "log_pop_c": -0.113022, "log_mass_c": -0.09549, "lat": 40.8216506482568, "lon": 140.745756860862}, {"country_iso": "JPN", "city_id": 12828, "city": "Fukuyama", "pop_total": 201988.825382178, "mass_total": 87431102.9184685, "log_pop": 5.305327, "log_mass": 7.941666, "log_pop_c": 0.053237, "log_mass_c": 0.084129, "lat": 34.4766646526718, "lon": 133.403142967264}, {"country_iso": "JPN", "city_id": 12830, "city": "Imabari", "pop_total": 52522.465152647, "mass_total": 25256861.2637872, "log_pop": 4.720345, "log_mass": 7.402379, "log_pop_c": -0.531745, "log_mass_c": -0.455157, "lat": 34.0472253913395, "lon": 133.004611366102}, {"country_iso": "JPN", "city_id": 12831, "city": "Hirosaki", "pop_total": 76408.047674309, "mass_total": 32851256.4841862, "log_pop": 4.883139, "log_mass": 7.516552, "log_pop_c": -0.368951, "log_mass_c": -0.340985, "lat": 40.599900063538, "lon": 140.476317718097}, {"country_iso": "JPN", "city_id": 12838, "city": "Okayama", "pop_total": 629514.825468672, "mass_total": 250596803.350222, "log_pop": 5.799006, "log_mass": 8.398976, "log_pop_c": 0.546916, "log_mass_c": 0.541439, "lat": 34.5991085152733, "lon": 133.852434920309}, {"country_iso": "JPN", "city_id": 12839, "city": "Miyakonojo", "pop_total": 54815.0197117694, "mass_total": 22341827.7127987, "log_pop": 4.7389, "log_mass": 7.349119, "log_pop_c": -0.51319, "log_mass_c": -0.508418, "lat": 31.7373020182438, "lon": 131.078012728263}, {"country_iso": "JPN", "city_id": 12841, "city": "Niihama", "pop_total": 103107.401725214, "mass_total": 54830166.6576051, "log_pop": 5.01329, "log_mass": 7.73902, "log_pop_c": -0.2388, "log_mass_c": -0.118517, "lat": 33.9475167329802, "lon": 133.257496429518}, {"country_iso": "JPN", "city_id": 12842, "city": "Miyazaki", "pop_total": 164642.170712255, "mass_total": 55345076.2146151, "log_pop": 5.216541, "log_mass": 7.743079, "log_pop_c": -0.035549, "log_mass_c": -0.114458, "lat": 31.9246522077674, "lon": 131.430851675691}, {"country_iso": "JPN", "city_id": 12846, "city": "Kushiro", "pop_total": 100585.09057282, "mass_total": 53034361.8061898, "log_pop": 5.002534, "log_mass": 7.724557, "log_pop_c": -0.249556, "log_mass_c": -0.132979, "lat": 42.9960069416311, "lon": 144.379795342922}, {"country_iso": "JPN", "city_id": 12851, "city": "Sakaide", "pop_total": 130329.569990881, "mass_total": 73134224.133861, "log_pop": 5.115043, "log_mass": 7.864121, "log_pop_c": -0.137047, "log_mass_c": 0.006584, "lat": 34.2857944362794, "lon": 133.813460508121}, {"country_iso": "JPN", "city_id": 12856, "city": "Akita", "pop_total": 136300.401208782, "mass_total": 61603593.0225684, "log_pop": 5.134497, "log_mass": 7.789606, "log_pop_c": -0.117593, "log_mass_c": -0.067931, "lat": 39.7235487951552, "lon": 140.105492342796}, {"country_iso": "JPN", "city_id": 12857, "city": "Takamatsu", "pop_total": 292940.547623812, "mass_total": 113564714.982175, "log_pop": 5.466779, "log_mass": 8.055243, "log_pop_c": 0.214689, "log_mass_c": 0.197707, "lat": 34.3030427828838, "lon": 134.070485124092}, {"country_iso": "JPN", "city_id": 12858, "city": "Osaka [Kyoto]", "pop_total": 12183777.4378382, "mass_total": 2913773092.72599, "log_pop": 7.085782, "log_mass": 9.464456, "log_pop_c": 1.833692, "log_mass_c": 1.606919, "lat": 34.7006475891032, "lon": 135.420250660036}, {"country_iso": "JPN", "city_id": 12869, "city": "Kanazawa", "pop_total": 373390.764641141, "mass_total": 114490662.383595, "log_pop": 5.572164, "log_mass": 8.05877, "log_pop_c": 0.320074, "log_mass_c": 0.201233, "lat": 36.5748443515861, "lon": 136.629118971523}, {"country_iso": "JPN", "city_id": 12873, "city": "K\u014dchi", "pop_total": 170740.14812956, "mass_total": 51228889.3537334, "log_pop": 5.232336, "log_mass": 7.709515, "log_pop_c": -0.019754, "log_mass_c": -0.148022, "lat": 33.5630194472371, "lon": 133.55977829408}, {"country_iso": "JPN", "city_id": 12874, "city": "Hachinohe", "pop_total": 105371.75416919, "mass_total": 55513580.9270741, "log_pop": 5.022724, "log_mass": 7.744399, "log_pop_c": -0.229366, "log_mass_c": -0.113137, "lat": 40.5222526760609, "lon": 141.510774548795}, {"country_iso": "JPN", "city_id": 12878, "city": "Fukui", "pop_total": 119634.84777205, "mass_total": 47200271.2489384, "log_pop": 5.077858, "log_mass": 7.673944, "log_pop_c": -0.174232, "log_mass_c": -0.183592, "lat": 36.0734058632532, "lon": 136.220964910418}, {"country_iso": "JPN", "city_id": 12881, "city": "Tokushima", "pop_total": 300777.859848838, "mass_total": 157000164.721373, "log_pop": 5.478246, "log_mass": 8.1959, "log_pop_c": 0.226156, "log_mass_c": 0.338363, "lat": 34.0947481668579, "lon": 134.456300585244}, {"country_iso": "JPN", "city_id": 12882, "city": "Naha", "pop_total": 739063.210400266, "mass_total": 177663165.676452, "log_pop": 5.868682, "log_mass": 8.249597, "log_pop_c": 0.616592, "log_mass_c": 0.392061, "lat": 26.2565475038868, "lon": 127.747461527186}, {"country_iso": "JPN", "city_id": 12884, "city": "Takaoka", "pop_total": 105674.740290582, "mass_total": 60891731.0934022, "log_pop": 5.023971, "log_mass": 7.784558, "log_pop_c": -0.228119, "log_mass_c": -0.072978, "lat": 36.7578574124952, "lon": 137.058973816181}, {"country_iso": "JPN", "city_id": 12887, "city": "Toyama", "pop_total": 152097.425334873, "mass_total": 67655459.3240033, "log_pop": 5.182122, "log_mass": 7.830303, "log_pop_c": -0.069968, "log_mass_c": -0.027234, "lat": 36.6994305297966, "lon": 137.220603201417}, {"country_iso": "JPN", "city_id": 12888, "city": "Sanda", "pop_total": 80636.1435739611, "mass_total": 27658152.3178123, "log_pop": 4.90653, "log_mass": 7.441823, "log_pop_c": -0.34556, "log_mass_c": -0.415714, "lat": 34.8572493509585, "lon": 135.220111680348}, {"country_iso": "JPN", "city_id": 12900, "city": "Morioka", "pop_total": 126534.522904462, "mass_total": 49455676.3924069, "log_pop": 5.102209, "log_mass": 7.694216, "log_pop_c": -0.149881, "log_mass_c": -0.163321, "lat": 39.7046876273294, "lon": 141.137577396368}, {"country_iso": "JPN", "city_id": 12902, "city": "Moriyama [Otsu]", "pop_total": 351905.108839647, "mass_total": 132115894.145811, "log_pop": 5.546426, "log_mass": 8.120955, "log_pop_c": 0.294336, "log_mass_c": 0.263418, "lat": 35.0396969175476, "lon": 135.936486240146}, {"country_iso": "JPN", "city_id": 12904, "city": "Niigata", "pop_total": 309059.44118102, "mass_total": 108736340.737226, "log_pop": 5.490042, "log_mass": 8.036375, "log_pop_c": 0.237952, "log_mass_c": 0.178838, "lat": 37.9182684480165, "lon": 139.0856664031}, {"country_iso": "JPN", "city_id": 12905, "city": "Kinokawa [Wakayama]", "pop_total": 287521.762624322, "mass_total": 104146087.543835, "log_pop": 5.458671, "log_mass": 8.017643, "log_pop_c": 0.206581, "log_mass_c": 0.160106, "lat": 34.2285545276139, "lon": 135.203875841555}, {"country_iso": "JPN", "city_id": 12910, "city": "Hikone", "pop_total": 79931.8334909748, "mass_total": 38074754.1412872, "log_pop": 4.90272, "log_mass": 7.580637, "log_pop_c": -0.34937, "log_mass_c": -0.2769, "lat": 35.2180391594812, "lon": 136.228128411015}, {"country_iso": "JPN", "city_id": 12914, "city": "Nagoya", "pop_total": 5827241.18680008, "mass_total": 1987704306.15572, "log_pop": 6.765463, "log_mass": 9.298352, "log_pop_c": 1.513373, "log_mass_c": 1.440815, "lat": 35.1214224202085, "lon": 136.871985301191}, {"country_iso": "JPN", "city_id": 12916, "city": "Nagano", "pop_total": 176994.067648415, "mass_total": 61049985.4623275, "log_pop": 5.247959, "log_mass": 7.785686, "log_pop_c": -0.004131, "log_mass_c": -0.071851, "lat": 36.6302528846941, "lon": 138.19641863604}, {"country_iso": "JPN", "city_id": 12918, "city": "Kani", "pop_total": 56549.3591369994, "mass_total": 26203311.7521427, "log_pop": 4.752428, "log_mass": 7.418356, "log_pop_c": -0.499662, "log_mass_c": -0.439181, "lat": 35.4324565097947, "lon": 137.035316106864}, {"country_iso": "JPN", "city_id": 12920, "city": "Yamagata", "pop_total": 139102.4235254, "mass_total": 55662318.7646752, "log_pop": 5.143335, "log_mass": 7.745561, "log_pop_c": -0.108755, "log_mass_c": -0.111975, "lat": 38.2727698867099, "lon": 140.3372800726}, {"country_iso": "JPN", "city_id": 12921, "city": "Matsumoto", "pop_total": 96501.7016267244, "mass_total": 34660325.2273888, "log_pop": 4.984535, "log_mass": 7.539833, "log_pop_c": -0.267555, "log_mass_c": -0.317704, "lat": 36.214416455287, "lon": 137.96357518923}, {"country_iso": "JPN", "city_id": 12927, "city": "Tajimi", "pop_total": 51308.6216165271, "mass_total": 23764684.7740362, "log_pop": 4.71019, "log_mass": 7.375932, "log_pop_c": -0.5419, "log_mass_c": -0.481605, "lat": 35.3332568537028, "lon": 137.133506134138}, {"country_iso": "JPN", "city_id": 12931, "city": "Sendai", "pop_total": 818934.31007795, "mass_total": 294586836.502998, "log_pop": 5.913249, "log_mass": 8.469213, "log_pop_c": 0.661159, "log_mass_c": 0.611677, "lat": 38.2755987438098, "lon": 140.910514296027}, {"country_iso": "JPN", "city_id": 12938, "city": "Fukushima", "pop_total": 120640.470293739, "mass_total": 47903776.659284, "log_pop": 5.081493, "log_mass": 7.68037, "log_pop_c": -0.170597, "log_mass_c": -0.177167, "lat": 37.77298645717, "lon": 140.464846831965}, {"country_iso": "JPN", "city_id": 12940, "city": "Ishinomaki", "pop_total": 67137.0169597925, "mass_total": 31383363.4504199, "log_pop": 4.826962, "log_mass": 7.496699, "log_pop_c": -0.425128, "log_mass_c": -0.360837, "lat": 38.4231406173179, "lon": 141.298759658061}, {"country_iso": "JPN", "city_id": 12944, "city": "Gamagori", "pop_total": 50485.3232778212, "mass_total": 19634164.0492074, "log_pop": 4.703165, "log_mass": 7.293012, "log_pop_c": -0.548925, "log_mass_c": -0.564524, "lat": 34.8133996463336, "lon": 137.219145682128}, {"country_iso": "JPN", "city_id": 12947, "city": "Takasaki [Maebashi]", "pop_total": 887451.441238661, "mass_total": 389754052.096951, "log_pop": 5.948145, "log_mass": 8.590791, "log_pop_c": 0.696055, "log_mass_c": 0.733254, "lat": 36.3329523451664, "lon": 139.215074068982}, {"country_iso": "JPN", "city_id": 12949, "city": "Toyohashi", "pop_total": 342326.945060647, "mass_total": 143930254.286797, "log_pop": 5.534441, "log_mass": 8.158152, "log_pop_c": 0.282351, "log_mass_c": 0.300615, "lat": 34.7624088946568, "lon": 137.366720144964}, {"country_iso": "JPN", "city_id": 12953, "city": "Koriyama", "pop_total": 148501.131299955, "mass_total": 54921898.2998366, "log_pop": 5.17173, "log_mass": 7.739746, "log_pop_c": -0.08036, "log_mass_c": -0.117791, "lat": 37.3956189577509, "lon": 140.366443995814}, {"country_iso": "JPN", "city_id": 12956, "city": "Kai [Kofu]", "pop_total": 259165.026683821, "mass_total": 106871883.21884, "log_pop": 5.413576, "log_mass": 8.028863, "log_pop_c": 0.161486, "log_mass_c": 0.171327, "lat": 35.6374125910433, "lon": 138.536891506317}, {"country_iso": "JPN", "city_id": 12958, "city": "Hamamatsu", "pop_total": 551682.553384076, "mass_total": 225452921.192775, "log_pop": 5.741689, "log_mass": 8.353056, "log_pop_c": 0.489599, "log_mass_c": 0.495519, "lat": 34.7363069992164, "lon": 137.728595644414}, {"country_iso": "JPN", "city_id": 12962, "city": "Fukaya", "pop_total": 74874.0145660372, "mass_total": 29130331.5266156, "log_pop": 4.874331, "log_mass": 7.464345, "log_pop_c": -0.377759, "log_mass_c": -0.393191, "lat": 36.1799422572485, "lon": 139.302671164763}, {"country_iso": "JPN", "city_id": 12964, "city": "Tokyo", "pop_total": 26056867.9098193, "mass_total": 5754889026.95683, "log_pop": 7.415922, "log_mass": 9.760037, "log_pop_c": 2.163832, "log_mass_c": 1.9025, "lat": 35.6818484234806, "lon": 139.650239385717}, {"country_iso": "JPN", "city_id": 12965, "city": "Utsunomiya", "pop_total": 272242.774431148, "mass_total": 89459675.2643672, "log_pop": 5.434956, "log_mass": 7.951627, "log_pop_c": 0.182866, "log_mass_c": 0.094091, "lat": 36.5536139113169, "lon": 139.888681771753}, {"country_iso": "JPN", "city_id": 12966, "city": "Higashimatsuyama", "pop_total": 53573.3099010926, "mass_total": 21390262.7770981, "log_pop": 4.728948, "log_mass": 7.330216, "log_pop_c": -0.523142, "log_mass_c": -0.527321, "lat": 36.0281053686692, "lon": 139.388439515543}, {"country_iso": "JPN", "city_id": 12969, "city": "Fujieda", "pop_total": 212990.150140329, "mass_total": 85753899.9717059, "log_pop": 5.32836, "log_mass": 7.933254, "log_pop_c": 0.076269, "log_mass_c": 0.075717, "lat": 34.8401033085765, "lon": 138.263701537042}, {"country_iso": "JPN", "city_id": 12971, "city": "Fuji", "pop_total": 204148.736010212, "mass_total": 78529180.8746874, "log_pop": 5.309947, "log_mass": 7.895031, "log_pop_c": 0.057857, "log_mass_c": 0.037494, "lat": 35.1817408750404, "lon": 138.662365880522}, {"country_iso": "JPN", "city_id": 12972, "city": "Shizuoka", "pop_total": 416789.79983478, "mass_total": 138147951.120398, "log_pop": 5.619917, "log_mass": 8.140344, "log_pop_c": 0.367827, "log_mass_c": 0.282808, "lat": 34.9928634655916, "lon": 138.433012190893}, {"country_iso": "JPN", "city_id": 12974, "city": "Oyama", "pop_total": 71525.5373676608, "mass_total": 29706522.7988659, "log_pop": 4.854461, "log_mass": 7.472852, "log_pop_c": -0.397629, "log_mass_c": -0.384685, "lat": 36.2947710089513, "lon": 139.804556439583}, {"country_iso": "JPN", "city_id": 12980, "city": "Mishima", "pop_total": 269915.468215251, "mass_total": 91032953.2925666, "log_pop": 5.431228, "log_mass": 7.959199, "log_pop_c": 0.179138, "log_mass_c": 0.101662, "lat": 35.110936733334, "lon": 138.881491314581}, {"country_iso": "JPN", "city_id": 12983, "city": "\u6cc9\u753a\u9ed2\u9808\u91ce", "pop_total": 65883.7190169811, "mass_total": 30509864.8818492, "log_pop": 4.818778, "log_mass": 7.48444, "log_pop_c": -0.433312, "log_mass_c": -0.373096, "lat": 36.9311087039428, "lon": 140.846515370743}, {"country_iso": "JPN", "city_id": 12984, "city": "Hitachi", "pop_total": 113918.635056872, "mass_total": 48103787.2502925, "log_pop": 5.056595, "log_mass": 7.682179, "log_pop_c": -0.195495, "log_mass_c": -0.175357, "lat": 36.5802140536375, "lon": 140.651476103827}, {"country_iso": "JPN", "city_id": 12986, "city": "Mito", "pop_total": 221188.409375741, "mass_total": 81422141.6697941, "log_pop": 5.344762, "log_mass": 7.910743, "log_pop_c": 0.092672, "log_mass_c": 0.053206, "lat": 36.3809049859891, "lon": 140.481350132742}, {"country_iso": "JPN", "city_id": 12989, "city": "Tsuchiura", "pop_total": 140794.97819839, "mass_total": 60294447.0220619, "log_pop": 5.148587, "log_mass": 7.780277, "log_pop_c": -0.103503, "log_mass_c": -0.077259, "lat": 36.0496195823176, "lon": 140.187584740633}, {"country_iso": "JPN", "city_id": 12995, "city": "Kisarazu", "pop_total": 126851.871577125, "mass_total": 66669008.9172378, "log_pop": 5.103297, "log_mass": 7.823924, "log_pop_c": -0.148793, "log_mass_c": -0.033613, "lat": 35.3565821607009, "lon": 139.894368486204}, {"country_iso": "JPN", "city_id": 12997, "city": "Kamisu", "pop_total": 69586.049668925, "mass_total": 61949072.2957975, "log_pop": 4.842522, "log_mass": 7.792035, "log_pop_c": -0.409568, "log_mass_c": -0.065502, "lat": 35.9209815553247, "lon": 140.683164515241}]