[{"country_iso": "IRN", "city_id": 5243, "city": "Urmia", "pop_total": 125109.931695037, "mass_total": 61994172.1830772, "log_pop": 5.097292, "log_mass": 7.792351, "log_pop_c": -0.082719, "log_mass_c": -0.020769, "lat": 37.5516451476484, "lon": 45.0642899221704}, {"country_iso": "IRN", "city_id": 5354, "city": "Tabriz", "pop_total": 489297.888880747, "mass_total": 135802973.857509, "log_pop": 5.689573, "log_mass": 8.132909, "log_pop_c": 0.509563, "log_mass_c": 0.319789, "lat": 38.0509440690869, "lon": 46.2653489925247}, {"country_iso": "IRN", "city_id": 5490, "city": "Sanandaj", "pop_total": 75667.3439841065, "mass_total": 35513997.4944114, "log_pop": 4.878908, "log_mass": 7.5504, "log_pop_c": -0.301102, "log_mass_c": -0.262721, "lat": 35.3007806530608, "lon": 47.0097805453429}, {"country_iso": "IRN", "city_id": 5515, "city": "Kermanshah", "pop_total": 179862.023924349, "mass_total": 73823797.5703059, "log_pop": 5.254939, "log_mass": 7.868196, "log_pop_c": 0.074929, "log_mass_c": 0.055076, "lat": 34.3404594343111, "lon": 47.0881385806836}, {"country_iso": "IRN", "city_id": 5553, "city": "Zanjan", "pop_total": 63957.6647029746, "mass_total": 39454790.7787517, "log_pop": 4.805893, "log_mass": 7.5961, "log_pop_c": -0.374118, "log_mass_c": -0.21702, "lat": 36.676417576055, "lon": 48.5034120446972}, {"country_iso": "IRN", "city_id": 5605, "city": "Hamedan", "pop_total": 116001.869070953, "mass_total": 48481491.3109425, "log_pop": 5.064465, "log_mass": 7.685576, "log_pop_c": -0.115546, "log_mass_c": -0.127544, "lat": 34.8092965054137, "lon": 48.5172663434176}, {"country_iso": "IRN", "city_id": 5611, "city": "Rasht", "pop_total": 116234.73730433, "mass_total": 51618228.6746354, "log_pop": 5.065336, "log_mass": 7.712803, "log_pop_c": -0.114675, "log_mass_c": -0.100317, "lat": 37.2818541626784, "lon": 49.5868618622493}, {"country_iso": "IRN", "city_id": 5637, "city": "Khorramabad", "pop_total": 51946.0741442531, "mass_total": 25951419.3963983, "log_pop": 4.715553, "log_mass": 7.414161, "log_pop_c": -0.464458, "log_mass_c": -0.398959, "lat": 33.4784421955546, "lon": 48.343511290835}, {"country_iso": "IRN", "city_id": 5687, "city": "Qazvin", "pop_total": 50630.5407484279, "mass_total": 30365571.3889036, "log_pop": 4.704413, "log_mass": 7.482381, "log_pop_c": -0.475598, "log_mass_c": -0.330739, "lat": 36.2889767094042, "lon": 50.0061373174078}, {"country_iso": "IRN", "city_id": 5712, "city": "Ahwaz", "pop_total": 273580.118412483, "mass_total": 106645339.726296, "log_pop": 5.437085, "log_mass": 8.027942, "log_pop_c": 0.257074, "log_mass_c": 0.214822, "lat": 31.3097873754493, "lon": 48.6748217099231}, {"country_iso": "IRN", "city_id": 5716, "city": "Arak", "pop_total": 72682.876916128, "mass_total": 39031053.3940306, "log_pop": 4.861432, "log_mass": 7.59141, "log_pop_c": -0.318579, "log_mass_c": -0.22171, "lat": 34.0870779885854, "lon": 49.689333557116}, {"country_iso": "IRN", "city_id": 5737, "city": "Tehran", "pop_total": 5379858.0913867, "mass_total": 1024255514.33988, "log_pop": 6.730771, "log_mass": 9.010408, "log_pop_c": 1.55076, "log_mass_c": 1.197288, "lat": 35.698648510265, "lon": 51.2277807417138}, {"country_iso": "IRN", "city_id": 5756, "city": "Qom", "pop_total": 155786.18871586, "mass_total": 63305955.0968877, "log_pop": 5.192529, "log_mass": 7.801445, "log_pop_c": 0.012518, "log_mass_c": -0.011676, "lat": 34.634471256799, "lon": 50.8716515531568}, {"country_iso": "IRN", "city_id": 5794, "city": "Babol", "pop_total": 60343.6867839617, "mass_total": 33176712.7526108, "log_pop": 4.780632, "log_mass": 7.520833, "log_pop_c": -0.399379, "log_mass_c": -0.292287, "lat": 36.5542434462966, "lon": 52.6759979367669}, {"country_iso": "IRN", "city_id": 5802, "city": "Qaem Shahr", "pop_total": 53325.3240191198, "mass_total": 27306811.6352176, "log_pop": 4.726934, "log_mass": 7.436271, "log_pop_c": -0.453077, "log_mass_c": -0.376849, "lat": 36.4674953151579, "lon": 52.8545393393946}, {"country_iso": "IRN", "city_id": 5810, "city": "Sari", "pop_total": 60175.8319073359, "mass_total": 32915823.627473, "log_pop": 4.779422, "log_mass": 7.517405, "log_pop_c": -0.400589, "log_mass_c": -0.295715, "lat": 36.5576270359451, "lon": 53.0595548446505}, {"country_iso": "IRN", "city_id": 5811, "city": "Isfahan", "pop_total": 585158.521186345, "mass_total": 220137273.259579, "log_pop": 5.767274, "log_mass": 8.342694, "log_pop_c": 0.587263, "log_mass_c": 0.529573, "lat": 32.668360940896, "lon": 51.645513991357}, {"country_iso": "IRN", "city_id": 5840, "city": "Gorgan", "pop_total": 77725.1028613614, "mass_total": 28373164.8936855, "log_pop": 4.890561, "log_mass": 7.452908, "log_pop_c": -0.289449, "log_mass_c": -0.360212, "lat": 36.8389454397213, "lon": 54.434905796479}, {"country_iso": "IRN", "city_id": 5854, "city": "Shiraz", "pop_total": 287138.423452822, "mass_total": 143562465.58198, "log_pop": 5.458091, "log_mass": 8.157041, "log_pop_c": 0.278081, "log_mass_c": 0.343921, "lat": 29.6154770839234, "lon": 52.5224676658786}, {"country_iso": "IRN", "city_id": 5878, "city": "Yazd", "pop_total": 166135.351336404, "mass_total": 70252625.7955915, "log_pop": 5.220462, "log_mass": 7.846663, "log_pop_c": 0.040451, "log_mass_c": 0.033542, "lat": 31.8802079855875, "lon": 54.3496823214818}, {"country_iso": "IRN", "city_id": 5918, "city": "Mashhad", "pop_total": 988345.0584225, "mass_total": 208859806.556346, "log_pop": 5.994909, "log_mass": 8.319855, "log_pop_c": 0.814898, "log_mass_c": 0.506735, "lat": 36.3235508953515, "lon": 59.5760443616919}, {"country_iso": "IRN", "city_id": 5919, "city": "Kerman", "pop_total": 105338.005228908, "mass_total": 67253898.7616331, "log_pop": 5.022585, "log_mass": 7.827717, "log_pop_c": -0.157426, "log_mass_c": 0.014597, "lat": 30.2783685786263, "lon": 57.0596344303378}, {"country_iso": "IRN", "city_id": 5971, "city": "Zahedan", "pop_total": 100273.554229665, "mass_total": 41142835.0802518, "log_pop": 5.001186, "log_mass": 7.614294, "log_pop_c": -0.178824, "log_mass_c": -0.198826, "lat": 29.4946567772017, "lon": 60.8516793103047}]