[{"country_iso": "GHA", "city_id": 1779, "city": "Takoradi [Sekondi-Takoradi]", "pop_total": 274192.491403226, "mass_total": 29045557.1020944, "log_pop": 5.438056, "log_mass": 7.46308, "log_pop_c": -0.119759, "log_mass_c": -0.28228, "lat": 4.93346556771104, "lon": -1.74946208603041}, {"country_iso": "GHA", "city_id": 1785, "city": "Kumasi", "pop_total": 2141705.07607759, "mass_total": 224781640.026156, "log_pop": 6.33076, "log_mass": 8.351761, "log_pop_c": 0.772945, "log_mass_c": 0.606402, "lat": 6.7091891437101, "lon": -1.61028264693431}, {"country_iso": "GHA", "city_id": 1822, "city": "Cape Coast", "pop_total": 52122.9357238844, "mass_total": 10928567.64978, "log_pop": 4.717029, "log_mass": 7.038563, "log_pop_c": -0.840785, "log_mass_c": -0.706796, "lat": 5.12382977324642, "lon": -1.25434633988696}, {"country_iso": "GHA", "city_id": 1866, "city": "Tamale", "pop_total": 72768.2223666023, "mass_total": 19520977.8893096, "log_pop": 4.861942, "log_mass": 7.290502, "log_pop_c": -0.695873, "log_mass_c": -0.454858, "lat": 9.41351423983238, "lon": -0.848137426104668}, {"country_iso": "GHA", "city_id": 1910, "city": "Accra", "pop_total": 2762395.00439537, "mass_total": 382728934.400338, "log_pop": 6.441286, "log_mass": 8.582891, "log_pop_c": 0.883471, "log_mass_c": 0.837532, "lat": 5.62110039701715, "lon": -0.21559005893318}]